image_id,patient_id,source_dataset,file_path,true_grade,true_label,split,sha256_hash
8bbd7835e9aa,APTOS-P1940,APTOS 2019 (Aravind Eye Hospital),train_images/8bbd7835e9aa.png,1,Grade 1: Mild NPDR,test,2a02f7cc9957996f649aa30f975e38f0905daab9a598745a8f255a8b94e8edab
542964865b1e,APTOS-P1196,APTOS 2019 (Aravind Eye Hospital),train_images/542964865b1e.png,0,Grade 0: No Apparent DR,test,2cd505ab9bb5c195af7797a7a1a5f35a5b6ff27bb8f2f57e5fdadc0db1b48f6d
95a4cc805c7b,APTOS-P2070,APTOS 2019 (Aravind Eye Hospital),train_images/95a4cc805c7b.png,1,Grade 1: Mild NPDR,train,f6a24a5d2b83202198ab0dd52c908b0fb2e1b1813a0111c75d19c75dee78ad7a
5b2648ad455e,APTOS-P1284,APTOS 2019 (Aravind Eye Hospital),train_images/5b2648ad455e.png,0,Grade 0: No Apparent DR,train,a266c483c4fc46f7a1bd101e327222f45fe0b5b38cbf4626128643d1d41b215f
18621b9ca978,APTOS-P0323,APTOS 2019 (Aravind Eye Hospital),train_images/18621b9ca978.png,0,Grade 0: No Apparent DR,train,50dad4c2614836ee1accbfc627607792f7b43f990eac5288ea19a7527b787bb1
f80118bbda18,APTOS-P3417,APTOS 2019 (Aravind Eye Hospital),train_images/f80118bbda18.png,2,Grade 2: Moderate NPDR,train,a0e3a20b4f04b395d528d8c85a2d534d4611a4276adcf15557e99bf2cd00af0f
cd29c88c9e36,APTOS-P2852,APTOS 2019 (Aravind Eye Hospital),train_images/cd29c88c9e36.png,2,Grade 2: Moderate NPDR,val,bd296ffe965031aeb29e972b1eb6d74bfc2b29b9daed7036442318b604a64a0a
7efc91af4ae6,APTOS-P1761,APTOS 2019 (Aravind Eye Hospital),train_images/7efc91af4ae6.png,4,Grade 4: Proliferative DR,train,b84ed8d2ea65f851f688768bdcc4339cb822c7802c1edbca1c7f2f6cb3cffd9c
e60e4edb3ca9,APTOS-P3187,APTOS 2019 (Aravind Eye Hospital),train_images/e60e4edb3ca9.png,0,Grade 0: No Apparent DR,train,842ffe7180715b45c51d2ef33dd4fae89fcad9064b9752a744b2cdad3473c6c1
789434d095d1,APTOS-P1673,APTOS 2019 (Aravind Eye Hospital),train_images/789434d095d1.png,4,Grade 4: Proliferative DR,train,e192e158ad42bea2bbac92e1ed841c1bd834ee0f91bb91c9556d72482c03ac92
47d1603a555b,APTOS-P0982,APTOS 2019 (Aravind Eye Hospital),train_images/47d1603a555b.png,1,Grade 1: Mild NPDR,val,6f6a33ced5ec6b58f1ab7aa45c637a6b26748c032737cbb54380e17b2eb4e436
21d18b022429,APTOS-P0472,APTOS 2019 (Aravind Eye Hospital),train_images/21d18b022429.png,4,Grade 4: Proliferative DR,train,a84153b34af88d355b742345e32d5b5d9a440ebc9c61305863518399385630d2
49d69c4c6290,APTOS-P1011,APTOS 2019 (Aravind Eye Hospital),train_images/49d69c4c6290.png,2,Grade 2: Moderate NPDR,train,21bc4470f8ee01a6e9b171e2aff72ad49d6ab2bf9459d3e25d9a7546a0922ad9
14ee87d6cc42,APTOS-P0275,APTOS 2019 (Aravind Eye Hospital),train_images/14ee87d6cc42.png,2,Grade 2: Moderate NPDR,train,8ef4e7cfabbe879d298400f9cbd7bc29a006af194c152883763773215ed358fb
1eee55494271,APTOS-P0435,APTOS 2019 (Aravind Eye Hospital),train_images/1eee55494271.png,0,Grade 0: No Apparent DR,train,2676710bf09a84c73bba4694a8734824d5a18bce5609cfe66996457f6c4c934c
eba3acc42197,APTOS-P3263,APTOS 2019 (Aravind Eye Hospital),train_images/eba3acc42197.png,1,Grade 1: Mild NPDR,train,f9b16f050777d7de9d0e7cc5fec125fd914607b091be3fbedd08975cfc9bd0e7
f1dc26c4bfa3,APTOS-P3339,APTOS 2019 (Aravind Eye Hospital),train_images/f1dc26c4bfa3.png,4,Grade 4: Proliferative DR,train,6f7c2a737b8ef123980e83666ea2790e6b9517003408903093db72cc31d85391
64b9206afb3f,APTOS-P1404,APTOS 2019 (Aravind Eye Hospital),train_images/64b9206afb3f.png,0,Grade 0: No Apparent DR,test,d95ad1644d5253eb546a8717e852a3f0b5fa11342ffc6d34f6735de8308878d1
13d71389563f,APTOS-P0263,APTOS 2019 (Aravind Eye Hospital),train_images/13d71389563f.png,2,Grade 2: Moderate NPDR,train,5111860d038072e55680ecd4ea2cb5cddd16a7e14621bbe70ee85a1092d58098
44f7f3ef9d50,APTOS-P0949,APTOS 2019 (Aravind Eye Hospital),train_images/44f7f3ef9d50.png,0,Grade 0: No Apparent DR,train,7ffd3ff24c73e6c19d474189b021fc066e0bdcbb7321f286d181b3d27b4e6c38
247ac63e5510,APTOS-P0506,APTOS 2019 (Aravind Eye Hospital),train_images/247ac63e5510.png,4,Grade 4: Proliferative DR,train,5016fead1ea68143ec34be16646da5137bbbdac438844db5f7520ce8a3a7255d
dce73d90c00c,APTOS-P3059,APTOS 2019 (Aravind Eye Hospital),train_images/dce73d90c00c.png,0,Grade 0: No Apparent DR,test,34538e2656c7edb27d77abe35ba72edae5a5a716f395f3f928d8a50db8cd8b54
189cbbc9e5e3,APTOS-P0330,APTOS 2019 (Aravind Eye Hospital),train_images/189cbbc9e5e3.png,0,Grade 0: No Apparent DR,train,5a07f7247d5ed9365e1536c43507246a5ba443ef4ed4c1549e1a2b31d774ad89
bb85097857fa,APTOS-P2629,APTOS 2019 (Aravind Eye Hospital),train_images/bb85097857fa.png,0,Grade 0: No Apparent DR,test,82884a65357cf2d942e6f998b7cb9d65fca80fd58ea155db723bf0fd113d2437
999115d9386b,APTOS-P2124,APTOS 2019 (Aravind Eye Hospital),train_images/999115d9386b.png,2,Grade 2: Moderate NPDR,train,f0d07ef542d8c0c43becc7eaa88a761f5d2287c5cd46005f071802692d85320c
d83c3efade75,APTOS-P2992,APTOS 2019 (Aravind Eye Hospital),train_images/d83c3efade75.png,2,Grade 2: Moderate NPDR,train,013d9a7ff74b61ec007dfd48b8dbd00aa5a53640dc1366826e3dbc6fb853235b
a88f68b0b114,APTOS-P2342,APTOS 2019 (Aravind Eye Hospital),train_images/a88f68b0b114.png,2,Grade 2: Moderate NPDR,val,99126a1798571842d81e82e28fc0bb666664c0a201cf9e656c723ef9593e1cd1
188219f2d9c6,APTOS-P0327,APTOS 2019 (Aravind Eye Hospital),train_images/188219f2d9c6.png,0,Grade 0: No Apparent DR,train,fc5bea7e5e8b0112e9e583ef012329674d7ccb544b90be2fceb4c6301c42630d
2b07790a2422,APTOS-P0608,APTOS 2019 (Aravind Eye Hospital),train_images/2b07790a2422.png,2,Grade 2: Moderate NPDR,test,7e6bfd858aa5c995dd30ec8f3f1c4d3ccb1df0435443520cf7ea038cdebdd3c5
c568e5245ea5,APTOS-P2745,APTOS 2019 (Aravind Eye Hospital),train_images/c568e5245ea5.png,2,Grade 2: Moderate NPDR,val,53434b1fd744af9e039056f9fe8f5584b5a6dac5bed8f1aaf4d7bb038fb3737c
e4f12411fd85,APTOS-P3171,APTOS 2019 (Aravind Eye Hospital),train_images/e4f12411fd85.png,4,Grade 4: Proliferative DR,train,ef75faecebd4c10e4018bd1c1101a3d30c84833746f6612446dfdbba7418b735
226c6ceb9185,APTOS-P0483,APTOS 2019 (Aravind Eye Hospital),train_images/226c6ceb9185.png,0,Grade 0: No Apparent DR,train,b9578707fb20516535272dfbe22c2ca139cd50458841f1c5121a6a300a599152
c23ff6dcf15e,APTOS-P2711,APTOS 2019 (Aravind Eye Hospital),train_images/c23ff6dcf15e.png,0,Grade 0: No Apparent DR,train,20db28ad12d624762f2145d61567deed40d20c25d6e0f69ea88cd103c55f16ab
49c5e7f6b8d2,APTOS-P1010,APTOS 2019 (Aravind Eye Hospital),train_images/49c5e7f6b8d2.png,1,Grade 1: Mild NPDR,val,3bd8e2071a98f3e2cab3895a0bf4a0f822c006a14ae2e0375f72f0254aa33fec
57a5f1015504,APTOS-P1234,APTOS 2019 (Aravind Eye Hospital),train_images/57a5f1015504.png,2,Grade 2: Moderate NPDR,train,ee9ff62dd090dd8f0b230cd4435e3ba61b1e30386c2f7323b70664aca36d3f18
eae70f527755,APTOS-P3255,APTOS 2019 (Aravind Eye Hospital),train_images/eae70f527755.png,0,Grade 0: No Apparent DR,train,14b27241399fadcafc9d8ae8c688675b288eabeb930f51d0bbda037881cafce0
7ef5ff774a48,APTOS-P1760,APTOS 2019 (Aravind Eye Hospital),train_images/7ef5ff774a48.png,1,Grade 1: Mild NPDR,train,e894a27e6f311da5d06fbf120ee80822494be195358216326ce0073b234f47da
ad20080452de,APTOS-P2420,APTOS 2019 (Aravind Eye Hospital),train_images/ad20080452de.png,0,Grade 0: No Apparent DR,train,5833bbb4e8fc0f7ea0a730ea9c65890d97875e6e7431ff9aeb1d2f9daf88e3a0
eebd1e195952,APTOS-P3300,APTOS 2019 (Aravind Eye Hospital),train_images/eebd1e195952.png,0,Grade 0: No Apparent DR,test,f18970399b362847a37dad0b14e0bb9b4b7178936ad54477e8e24c760c58b183
902dc5a91a3f,APTOS-P1998,APTOS 2019 (Aravind Eye Hospital),train_images/902dc5a91a3f.png,0,Grade 0: No Apparent DR,train,3f00738c658aba5f074bfe7ea1384b84c0f4289db6e081c3345aa80b55c72609
a11bf2edd470,APTOS-P2229,APTOS 2019 (Aravind Eye Hospital),train_images/a11bf2edd470.png,4,Grade 4: Proliferative DR,train,a77def4f773cd36573d170642bb95294b03000f7d731614c524c264e58fbdc7b
4f7755e74a9e,APTOS-P1111,APTOS 2019 (Aravind Eye Hospital),train_images/4f7755e74a9e.png,1,Grade 1: Mild NPDR,train,3aeac5964053b3fb9924641270b0a1123aabba910bf6b51286b4c55ec904251b
dbfd238b3468,APTOS-P3053,APTOS 2019 (Aravind Eye Hospital),train_images/dbfd238b3468.png,3,Grade 3: Severe NPDR,train,c4925617bdea24acc3898de6b32adaff8166bc527a20f4d75101b9443e0a3010
0dbe6c26cedc,APTOS-P0188,APTOS 2019 (Aravind Eye Hospital),train_images/0dbe6c26cedc.png,0,Grade 0: No Apparent DR,train,c5a75d5450739c1c832ed87ce5bc174811596e6286258ed5034d86c20d92b053
6c6efb6b1358,APTOS-P1510,APTOS 2019 (Aravind Eye Hospital),train_images/6c6efb6b1358.png,1,Grade 1: Mild NPDR,train,22d83096d28b7b7d4cdff273f0856483ea1abc4525e89e8f5ee71d3e99a0b9b1
e93394175a19,APTOS-P3229,APTOS 2019 (Aravind Eye Hospital),train_images/e93394175a19.png,3,Grade 3: Severe NPDR,train,5d952a85b7e42aec6bc0f94751469d8097cfc7f00f952611e4cedf7e4f8bd4fc
aa60813e1a8d,APTOS-P2373,APTOS 2019 (Aravind Eye Hospital),train_images/aa60813e1a8d.png,0,Grade 0: No Apparent DR,val,4573287aaa7b4a7bb35c8f95af116dc58637cdf740df62d802e266d7970279f2
a73c3d516c59,APTOS-P2315,APTOS 2019 (Aravind Eye Hospital),train_images/a73c3d516c59.png,0,Grade 0: No Apparent DR,train,e411ab28be5038503aac44204d7c5acc14c6859e5d49cd9b4fc5657eed95d482
e966850247f4,APTOS-P3231,APTOS 2019 (Aravind Eye Hospital),train_images/e966850247f4.png,0,Grade 0: No Apparent DR,train,a4062b03cdced8b68cd41ae1d25317aa7262387880b30df33f4b3b3526dffa1e
71f6a6e4620a,APTOS-P1583,APTOS 2019 (Aravind Eye Hospital),train_images/71f6a6e4620a.png,1,Grade 1: Mild NPDR,train,e1882b7ea7236d410c581eb8a9e6fac30698c7d4a707864846c7c6636dfa0d4c
0eced86c9db8,APTOS-P0200,APTOS 2019 (Aravind Eye Hospital),train_images/0eced86c9db8.png,0,Grade 0: No Apparent DR,train,684bc5df036247afee0267c4f96e00ed0a42dba5813af0ff743dfa0646ffd39f
4a213b405ee4,APTOS-P1018,APTOS 2019 (Aravind Eye Hospital),train_images/4a213b405ee4.png,1,Grade 1: Mild NPDR,train,57cd5dc0913be857e9b432f06820a9f9d3b4da54b5e033b842b7448f71686565
84c663f39632,APTOS-P1844,APTOS 2019 (Aravind Eye Hospital),train_images/84c663f39632.png,4,Grade 4: Proliferative DR,val,f755dd1b9f2335aa8693a5b8f1bf2250836ab6221f64d0892d69de3145ee7bc7
4158c340fa49,APTOS-P0887,APTOS 2019 (Aravind Eye Hospital),train_images/4158c340fa49.png,0,Grade 0: No Apparent DR,val,56280780b8877d862b050e87f780a3d3f8379aa8f52c6bc51f2d8751a6045c9b
d4f32b9c07df,APTOS-P2953,APTOS 2019 (Aravind Eye Hospital),train_images/d4f32b9c07df.png,1,Grade 1: Mild NPDR,train,eaa09dd250723b6c17120a2ad9883979a5b57d3fb959deb47217f737c993d1c5
7a238a1d3cf3,APTOS-P1691,APTOS 2019 (Aravind Eye Hospital),train_images/7a238a1d3cf3.png,4,Grade 4: Proliferative DR,train,d8623891e834c10e4559ed5acc25f63599f33e2e355e94d74c4cecf7858adf42
eed4afc8ec83,APTOS-P3301,APTOS 2019 (Aravind Eye Hospital),train_images/eed4afc8ec83.png,1,Grade 1: Mild NPDR,train,89a41179098796bb4dfc45da48594ff742afb9c5bb11703f0f5958026f133036
cd9e2190c73f,APTOS-P2865,APTOS 2019 (Aravind Eye Hospital),train_images/cd9e2190c73f.png,2,Grade 2: Moderate NPDR,train,f2a405db3b06b72ccb788e33a5e75b67fb2521a87e8eca57f36f7d4120a8c62e
ab88081e5654,APTOS-P2396,APTOS 2019 (Aravind Eye Hospital),train_images/ab88081e5654.png,0,Grade 0: No Apparent DR,val,40e2f0f0e7edf75fd701fc565f9ace12d69666ed40e422499293dcf4c75956cc
594f69b503ad,APTOS-P1258,APTOS 2019 (Aravind Eye Hospital),train_images/594f69b503ad.png,2,Grade 2: Moderate NPDR,train,5d5c64896d50ed17ff6365b69b2751fa67906c8cff3272828557af2777194664
ed3ce1674761,APTOS-P3280,APTOS 2019 (Aravind Eye Hospital),train_images/ed3ce1674761.png,0,Grade 0: No Apparent DR,train,eb5b17819d8900a5860ff394dcbdb7c5f23fedefee5b55103348071c2d0633ad
de50dfa745f8,APTOS-P3075,APTOS 2019 (Aravind Eye Hospital),train_images/de50dfa745f8.png,2,Grade 2: Moderate NPDR,val,127435e28242f7800ccd4318abeb7c698cfb8d5f9702f32b62a0f64ba04b0b8b
dee31065f8fe,APTOS-P3083,APTOS 2019 (Aravind Eye Hospital),train_images/dee31065f8fe.png,0,Grade 0: No Apparent DR,test,bda48f8abf632620b71d692783073b4da1e001ac206872b5f8e3b548d569e1ab
869bbd3170cc,APTOS-P1863,APTOS 2019 (Aravind Eye Hospital),train_images/869bbd3170cc.png,2,Grade 2: Moderate NPDR,train,aec86e65f7b4f2689e3a12ca0077c697c3ed99d419900746ecfe96c9913c7c54
75238d945315,APTOS-P1618,APTOS 2019 (Aravind Eye Hospital),train_images/75238d945315.png,0,Grade 0: No Apparent DR,train,ba519aa1440e427f36a5c20cc2c9c996f7f63c51c05eff1e1c18798a3cbd3c01
5633ced07d8e,APTOS-P1219,APTOS 2019 (Aravind Eye Hospital),train_images/5633ced07d8e.png,1,Grade 1: Mild NPDR,val,643d20e40ea25def07ca5b332f7faec322ea7dc95263613f28b98bd1285fcddb
97da093947e8,APTOS-P2098,APTOS 2019 (Aravind Eye Hospital),train_images/97da093947e8.png,4,Grade 4: Proliferative DR,test,1a017762ea2d3d8c7a92d3255dafc2a24dcb45fb2a54e92eb3af109ffd573754
b83a6eca125f,APTOS-P2578,APTOS 2019 (Aravind Eye Hospital),train_images/b83a6eca125f.png,2,Grade 2: Moderate NPDR,val,14ca1d535921629354d0a8602d70b5b55deca8669deae411b1c65d4d84507662
cf1b9d26d38d,APTOS-P2877,APTOS 2019 (Aravind Eye Hospital),train_images/cf1b9d26d38d.png,4,Grade 4: Proliferative DR,train,bc373013ee9cc9653d36d5d8b0f63c083cca3abf5456adffb2f334aab3778902
d9d2631f043c,APTOS-P3026,APTOS 2019 (Aravind Eye Hospital),train_images/d9d2631f043c.png,0,Grade 0: No Apparent DR,train,c391f2e421bd067916379fc7307e890fab0365e1cdb34e93bc91f59a1f5bf0ae
2a099b247b10,APTOS-P0595,APTOS 2019 (Aravind Eye Hospital),train_images/2a099b247b10.png,2,Grade 2: Moderate NPDR,train,cb8d2f8a29c38107939cdbf08e8a63be5eed496b974d80b89164385649a232ee
d3dfd0a2dee6,APTOS-P2943,APTOS 2019 (Aravind Eye Hospital),train_images/d3dfd0a2dee6.png,0,Grade 0: No Apparent DR,train,3f46e151aadf6b4c02480d16427e96b70eed347bbc961bac6362f352b38125bb
7e4019ac7f5a,APTOS-P1746,APTOS 2019 (Aravind Eye Hospital),train_images/7e4019ac7f5a.png,4,Grade 4: Proliferative DR,val,a7c6137ccf71104ef99b6020b5014b04f9dd561368528a231aa369c5857417f4
10a5026eb8e6,APTOS-P0225,APTOS 2019 (Aravind Eye Hospital),train_images/10a5026eb8e6.png,0,Grade 0: No Apparent DR,train,58277bb03f58b61d1d8bf93d3b4c5322af99e37ce15fac4f525962ad9106d2ac
650fbed3fdca,APTOS-P1411,APTOS 2019 (Aravind Eye Hospital),train_images/650fbed3fdca.png,2,Grade 2: Moderate NPDR,train,f30bd9f669bf4adac75b035174f4bf1e185587e0d2a96373ee0f931184c46526
a8b637abd96b,APTOS-P2346,APTOS 2019 (Aravind Eye Hospital),train_images/a8b637abd96b.png,0,Grade 0: No Apparent DR,train,5279a64fcb2beeefc17daf6c9bcb14d2cad1ed4a30b25c5c154e367ea18ddfdd
7ba6b23c4b46,APTOS-P1713,APTOS 2019 (Aravind Eye Hospital),train_images/7ba6b23c4b46.png,0,Grade 0: No Apparent DR,train,579fd859603d5430f7a9c49740b116f259235b78e82a84baa5f416d85e82c2d4
78b3f819dcc5,APTOS-P1677,APTOS 2019 (Aravind Eye Hospital),train_images/78b3f819dcc5.png,4,Grade 4: Proliferative DR,val,cb0a0d2d59f3045b7c03308576db70b7c07f27e2f22fb3ee3d2e6f38866ab765
299086c6d1b5,APTOS-P0586,APTOS 2019 (Aravind Eye Hospital),train_images/299086c6d1b5.png,3,Grade 3: Severe NPDR,train,49b13e1f558a7cb7ebf4a6bb48af02624bb53d746c4170cd7565fe94a6cfe4a5
02358b47ea89,APTOS-P0032,APTOS 2019 (Aravind Eye Hospital),train_images/02358b47ea89.png,0,Grade 0: No Apparent DR,train,ed663cb52475483ec899c380f9c9d02234dfce2184567830faca109e2c100c36
ee3f5cf52188,APTOS-P3292,APTOS 2019 (Aravind Eye Hospital),train_images/ee3f5cf52188.png,0,Grade 0: No Apparent DR,train,183ee2278792cc560396e33f012c4018556d175ed9a81d69b253c626c726689f
d952dbfb0fe4,APTOS-P3014,APTOS 2019 (Aravind Eye Hospital),train_images/d952dbfb0fe4.png,2,Grade 2: Moderate NPDR,train,970b0f48c9a4eca6434449e6f0050fa0e1ed14e19e1b438f0160d20215f98436
5728b8aa98ef,APTOS-P1227,APTOS 2019 (Aravind Eye Hospital),train_images/5728b8aa98ef.png,0,Grade 0: No Apparent DR,val,37be3b00c95287a28e92ecf5e7106866e467e85de938fd30af25fd7a4a058585
9a326446c431,APTOS-P2134,APTOS 2019 (Aravind Eye Hospital),train_images/9a326446c431.png,0,Grade 0: No Apparent DR,train,ef612e96bc6b48a843db2382dabf9c0b82cf6b818708689c27c8b98ce66ce8a7
fb696a8e055a,APTOS-P3451,APTOS 2019 (Aravind Eye Hospital),train_images/fb696a8e055a.png,4,Grade 4: Proliferative DR,train,c0c9696cd1816fea8570e11eab1673d13eda8ee0d207b789d89e3e548317ecbc
ffa47f6a7bf4,APTOS-P3504,APTOS 2019 (Aravind Eye Hospital),train_images/ffa47f6a7bf4.png,2,Grade 2: Moderate NPDR,train,f290fe90d0287316be645a41945a9e14201e3e0dfdb8b890d75eee5ed0d7feeb
a2d349f567a6,APTOS-P2258,APTOS 2019 (Aravind Eye Hospital),train_images/a2d349f567a6.png,2,Grade 2: Moderate NPDR,val,72d2f21e576cd95180413ae08fd72cccd7aca5806103e110d0ece022c179cbbf
702de9dcde32,APTOS-P1565,APTOS 2019 (Aravind Eye Hospital),train_images/702de9dcde32.png,4,Grade 4: Proliferative DR,train,af7a79fc2ef6bdac4a2a6a8e816ca2444552fd9936e3adcb43e77179554ec777
ff344e5c9341,APTOS-P3496,APTOS 2019 (Aravind Eye Hospital),train_images/ff344e5c9341.png,2,Grade 2: Moderate NPDR,train,b7faead21a4b0a8e7e872ca66788aadb26f9eb4c7d48fd4bd90d10c08ceddc02
f002ce614c59,APTOS-P3316,APTOS 2019 (Aravind Eye Hospital),train_images/f002ce614c59.png,0,Grade 0: No Apparent DR,train,fc238ef586d7485fee1db2629bf2577f4546f32bfd477d818fdfefca37b13bbe
7d3835e4e63a,APTOS-P1736,APTOS 2019 (Aravind Eye Hospital),train_images/7d3835e4e63a.png,3,Grade 3: Severe NPDR,test,0a39d742b72300cbb2c0846befd4279af86612c207215a91be3529f0a3f987d9
e9129ce55fd7,APTOS-P3226,APTOS 2019 (Aravind Eye Hospital),train_images/e9129ce55fd7.png,2,Grade 2: Moderate NPDR,train,fd59a01702ed0dbb48b26dffebd1a50fe967a082ea1d35a450ac30470833fb4f
bda7ff3b1562,APTOS-P2649,APTOS 2019 (Aravind Eye Hospital),train_images/bda7ff3b1562.png,2,Grade 2: Moderate NPDR,train,b322b0e2c47306cc52c5b7f7da5304ebe2d6a1a13b018f46f79243e2013882e5
996f9bba4ef0,APTOS-P2122,APTOS 2019 (Aravind Eye Hospital),train_images/996f9bba4ef0.png,0,Grade 0: No Apparent DR,train,6ca961e3a9be6a1a60df8f12d66183293b5633a9d7a1bd3c1ac6dad1a78ea411
9bf060db8376,APTOS-P1115,APTOS 2019 (Aravind Eye Hospital),train_images/9bf060db8376.png,3,Grade 3: Severe NPDR,train,6bca0764534f825e3e63b7b260406b4d2f535371c858a72a5e82a3756bed8b2d
43bc7c066dfb,APTOS-P0923,APTOS 2019 (Aravind Eye Hospital),train_images/43bc7c066dfb.png,0,Grade 0: No Apparent DR,test,cf2fba3c9ae984c58b0a17508dd38e71fe33b55c866534a2fb57de1406548095
e2ec22b3d07e,APTOS-P3143,APTOS 2019 (Aravind Eye Hospital),train_images/e2ec22b3d07e.png,0,Grade 0: No Apparent DR,test,d289f03551dfaa8d06f9edc5a90bb3ca093f7cb590cfe9268b323ddf8dc0c758
0cbcc7b23613,APTOS-P0171,APTOS 2019 (Aravind Eye Hospital),train_images/0cbcc7b23613.png,0,Grade 0: No Apparent DR,train,fdbe4978cf595a1ec2f5f4fe370451cd7acd24bdf86802069fb427273f700f96
20404ec7b518,APTOS-P0457,APTOS 2019 (Aravind Eye Hospital),train_images/20404ec7b518.png,2,Grade 2: Moderate NPDR,test,ce523737610df55514a84c42d5f5a615fe636499df8e17cf51c665f02489ab6f
ba2624883599,APTOS-P0272,APTOS 2019 (Aravind Eye Hospital),train_images/ba2624883599.png,2,Grade 2: Moderate NPDR,train,e4c7cf57ac57ceed7ec7608260877328f7a483335793012d106a57dc853795dc
9ed6c2b25767,APTOS-P2194,APTOS 2019 (Aravind Eye Hospital),train_images/9ed6c2b25767.png,0,Grade 0: No Apparent DR,train,412b7adb97bf572961fe2c7984fc78a8d885c320c23e07db756bceeef3e831d3
d1f1ea894da1,APTOS-P2912,APTOS 2019 (Aravind Eye Hospital),train_images/d1f1ea894da1.png,2,Grade 2: Moderate NPDR,test,25d4db1db49b1801496bb8a066379a8440bb29e1804971c9b20d57cc2f68dbe1
906d02fb822d,APTOS-P2004,APTOS 2019 (Aravind Eye Hospital),train_images/906d02fb822d.png,0,Grade 0: No Apparent DR,train,d350a7598c4cf3ac7e70b1252f3a8e687455e8e421ce70e19fa1d5744de50ef4
8446826853d0,APTOS-P1835,APTOS 2019 (Aravind Eye Hospital),train_images/8446826853d0.png,2,Grade 2: Moderate NPDR,val,8f12924467b34ecd6dd04c3f8e56d769c91a100d0e2c379f6b767497825c10af
44a4d04162cc,APTOS-P0942,APTOS 2019 (Aravind Eye Hospital),train_images/44a4d04162cc.png,0,Grade 0: No Apparent DR,train,c9ddb937c5533e6848c4f3c0e75c3ee004a993171955f38318d8f8b6000f4896
977e1ca77653,APTOS-P2090,APTOS 2019 (Aravind Eye Hospital),train_images/977e1ca77653.png,1,Grade 1: Mild NPDR,val,ac0fb3a41f6c8e67710fdcba7d3e7a811332582d2898b5d18dc8eabed95a6789
d2d523e9f669,APTOS-P2931,APTOS 2019 (Aravind Eye Hospital),train_images/d2d523e9f669.png,0,Grade 0: No Apparent DR,train,9bf41e3ea53d61feaf2250fc45c083da89c6710c050059b97f517a67b51ab632
2bbd1f99ecc3,APTOS-P0620,APTOS 2019 (Aravind Eye Hospital),train_images/2bbd1f99ecc3.png,3,Grade 3: Severe NPDR,val,5cd76d7780940531e0b55c916cd7339a2f0c4cd880ca3a68497d8ffdf9e0e832
b6bf847fbcb2,APTOS-P2550,APTOS 2019 (Aravind Eye Hospital),train_images/b6bf847fbcb2.png,0,Grade 0: No Apparent DR,val,1132f5335a1eb0484b1ce35d4d2da527712827b795d115fe6425cdeda76c37b7
070f67572d03,APTOS-P0088,APTOS 2019 (Aravind Eye Hospital),train_images/070f67572d03.png,3,Grade 3: Severe NPDR,train,b30b1d00ac437d4ca090191009f2b79ef655fd126a6c9a72ed4e1684f9421324
187f6ccda87a,APTOS-P0326,APTOS 2019 (Aravind Eye Hospital),train_images/187f6ccda87a.png,4,Grade 4: Proliferative DR,train,e20975fdfa9052b1c77ba4c1448fecd31dfec0ba123ee1485fcb41a1d042dfaf
b9519abce0c1,APTOS-P2594,APTOS 2019 (Aravind Eye Hospital),train_images/b9519abce0c1.png,0,Grade 0: No Apparent DR,train,8b1ebf46473c96698b20fac1e567d6d98997e75db3239a8027cb855d65739ab2
2735be026d44,APTOS-P0549,APTOS 2019 (Aravind Eye Hospital),train_images/2735be026d44.png,2,Grade 2: Moderate NPDR,train,2246d19cf984318e0003ebd79e6ee197597ed48301e8ecb66f741b0fb6d9265f
6d6fcf49e515,APTOS-P1529,APTOS 2019 (Aravind Eye Hospital),train_images/6d6fcf49e515.png,0,Grade 0: No Apparent DR,val,cc59b2048f6db8b2a76954fa64c507b946b16d76996e8c3ff1fb640cfdee0480
7f0ffeb0a333,APTOS-P1762,APTOS 2019 (Aravind Eye Hospital),train_images/7f0ffeb0a333.png,0,Grade 0: No Apparent DR,train,f12de355f5902a6224a0a587f18e47d677d71b02265eb7e1eed0ab82a48b9ded
e55188915f9d,APTOS-P3177,APTOS 2019 (Aravind Eye Hospital),train_images/e55188915f9d.png,1,Grade 1: Mild NPDR,train,ac6fa6cfa5e5516f0e90e5f9b7a10accef0ca2ea4bdd3ef582450b2e27ce2e0f
511fd66b2df8,APTOS-P1136,APTOS 2019 (Aravind Eye Hospital),train_images/511fd66b2df8.png,0,Grade 0: No Apparent DR,train,7fedb4bfaee1c0a061292fd1bc1d1e1539b422ca794ed54814c62de86b5fc1f2
89ed6a0dd53f,APTOS-P1911,APTOS 2019 (Aravind Eye Hospital),train_images/89ed6a0dd53f.png,1,Grade 1: Mild NPDR,train,f7b7bd728127314d6b6b665754a4ecc7a425569b0d1362e286eaab07aab12ac3
9df31421cdd2,APTOS-P2182,APTOS 2019 (Aravind Eye Hospital),train_images/9df31421cdd2.png,2,Grade 2: Moderate NPDR,train,25b5d8cb604864914ed433db192c265968b127a82b223e250c54651df4bb0792
cb0cc98d7e35,APTOS-P2825,APTOS 2019 (Aravind Eye Hospital),train_images/cb0cc98d7e35.png,0,Grade 0: No Apparent DR,train,fd88fe3ef40a3ffb2989be8e13b5204b4a8649030532eb40877ab6244cefa90b
a7b7dc8788b9,APTOS-P2325,APTOS 2019 (Aravind Eye Hospital),train_images/a7b7dc8788b9.png,2,Grade 2: Moderate NPDR,val,bd137afc39eb0a3c8a6050bf42b4c7198238c5d2a187713092578649bdab201d
cc12453ea915,APTOS-P1422,APTOS 2019 (Aravind Eye Hospital),train_images/cc12453ea915.png,1,Grade 1: Mild NPDR,train,9274b1311b6aca9774450809e59bb29497856950140dd1a8eef9aa43a9d1e791
e62490b7d0e9,APTOS-P3188,APTOS 2019 (Aravind Eye Hospital),train_images/e62490b7d0e9.png,4,Grade 4: Proliferative DR,test,b4080b61ea5e0d6f4553088ecdf8b137c7fddd23e946db64f18d2272f5f8cb46
8e4a354e3da2,APTOS-P1972,APTOS 2019 (Aravind Eye Hospital),train_images/8e4a354e3da2.png,0,Grade 0: No Apparent DR,train,b1e074daf241387266974843a34f523401bbe50efcf8efb25c355e3b1e7dd703
521b5377a727,APTOS-P1157,APTOS 2019 (Aravind Eye Hospital),train_images/521b5377a727.png,0,Grade 0: No Apparent DR,train,8abc969258770d913621c0c4e29766a3477fbfd79cb77a8f8ab47d44eb1d7118
ebd96d853918,APTOS-P3264,APTOS 2019 (Aravind Eye Hospital),train_images/ebd96d853918.png,0,Grade 0: No Apparent DR,train,934904805133532fc042af3662fed27684bbad4cae30450f01934db970a10564
a44345b27804,APTOS-P2278,APTOS 2019 (Aravind Eye Hospital),train_images/a44345b27804.png,0,Grade 0: No Apparent DR,train,4d58919a7d730a963c923517b99fb3741f194bc17d05f0237e518c8608fd1564
d85a842d20bd,APTOS-P2997,APTOS 2019 (Aravind Eye Hospital),train_images/d85a842d20bd.png,2,Grade 2: Moderate NPDR,train,7d73623aa79123b61188f76eb47b5369a4aabee218b168483080ff123f4cc1ac
2a08ed6bbcbc,APTOS-P0594,APTOS 2019 (Aravind Eye Hospital),train_images/2a08ed6bbcbc.png,1,Grade 1: Mild NPDR,train,bfc80f6fd6217545bd44cd1f06aa22b039d1a4235aaea463a3d8cdfaf8bbff63
12058bbb8299,APTOS-P0245,APTOS 2019 (Aravind Eye Hospital),train_images/12058bbb8299.png,0,Grade 0: No Apparent DR,train,d039a3273864ada6b2f15f345d96f0685e678bcbae61a3b3a3f43bd6029c6b1c
3de8ad4151e1,APTOS-P0844,APTOS 2019 (Aravind Eye Hospital),train_images/3de8ad4151e1.png,1,Grade 1: Mild NPDR,train,1673c5fdb667ca9c078245b50dee8dfb21211f4925e024fb23c683bbf5c96ab5
70f5caf5f305,APTOS-P1571,APTOS 2019 (Aravind Eye Hospital),train_images/70f5caf5f305.png,2,Grade 2: Moderate NPDR,train,7287f78486b4e9aa7053182c45157b376a9c44fc77f59a27c98e127282ebd37f
359bab5d784b,APTOS-P0739,APTOS 2019 (Aravind Eye Hospital),train_images/359bab5d784b.png,0,Grade 0: No Apparent DR,train,d34ce8eab6c5fd02f89498b6953caf37f3fedc9078f91b6583e4b7ff5d59cd01
7663aba8d762,APTOS-P1639,APTOS 2019 (Aravind Eye Hospital),train_images/7663aba8d762.png,2,Grade 2: Moderate NPDR,train,c1de05f9fc95e9d39bc140f801316eebd35663cfc62b737e8f28564bb2586234
4c570172778b,APTOS-P1050,APTOS 2019 (Aravind Eye Hospital),train_images/4c570172778b.png,3,Grade 3: Severe NPDR,train,b2c539ec6dd52818e66638af3a16f5b7d16144117c5e1c89e0e5373e1e68d38d
878a3a097436,APTOS-P1791,APTOS 2019 (Aravind Eye Hospital),train_images/878a3a097436.png,2,Grade 2: Moderate NPDR,test,ba86caddf2906c2380aef8f7818732c9fbd750302149a2d9b244efd73f1d9c80
7427dedafccf,APTOS-P1611,APTOS 2019 (Aravind Eye Hospital),train_images/7427dedafccf.png,1,Grade 1: Mild NPDR,train,9de007d63693f79157144cf1331b390757ecae6de88322b175addf8e2762c578
218c822a3dd9,APTOS-P0470,APTOS 2019 (Aravind Eye Hospital),train_images/218c822a3dd9.png,0,Grade 0: No Apparent DR,val,12b06f6465ad42c1bb7173b284de73d045341d0d332c4365b4b5e9983a5460a7
d3e884109b45,APTOS-P2945,APTOS 2019 (Aravind Eye Hospital),train_images/d3e884109b45.png,3,Grade 3: Severe NPDR,train,a71737567652e732c369897b020dc8c4b55616f0e3e70a7321ea274bf1142d41
ee78ce914066,APTOS-P3297,APTOS 2019 (Aravind Eye Hospital),train_images/ee78ce914066.png,1,Grade 1: Mild NPDR,val,8c7c8ef4a425a56d28c61ca6ce67c2eb12e499735d27a7ea91a1eda94e15f43e
500aad15b7c8,APTOS-P1118,APTOS 2019 (Aravind Eye Hospital),train_images/500aad15b7c8.png,0,Grade 0: No Apparent DR,train,f4a03a810de2145fa0da2d088853fe788ad79232e9f48302ec6659263c37e4a7
43ddd0ab0cc4,APTOS-P0924,APTOS 2019 (Aravind Eye Hospital),train_images/43ddd0ab0cc4.png,2,Grade 2: Moderate NPDR,val,1691569a362d49a94b695ed8fe1e0de89ab2755c026b3837baf8d715af086583
5ac7a414560e,APTOS-P1279,APTOS 2019 (Aravind Eye Hospital),train_images/5ac7a414560e.png,0,Grade 0: No Apparent DR,train,430942c3ce488e95d629c90ab83077a6f0357b6a3ba97869177afb1d4c9d02a6
63c0eafd6aa9,APTOS-P1396,APTOS 2019 (Aravind Eye Hospital),train_images/63c0eafd6aa9.png,0,Grade 0: No Apparent DR,train,d2986b1aa4bfed2dea62d9e98d2c750dfd5a07603da0e3907d52dac1413393ba
84b4da14bc23,APTOS-P1842,APTOS 2019 (Aravind Eye Hospital),train_images/84b4da14bc23.png,0,Grade 0: No Apparent DR,train,a43816636ca2ce48ce0da6d3d87b15aed48652b709fa287cb4ed51fe8664998a
c561bcd519e9,APTOS-P2743,APTOS 2019 (Aravind Eye Hospital),train_images/c561bcd519e9.png,2,Grade 2: Moderate NPDR,train,3628bcf86211c43e33dafa7a29098a97c3e669f47dff6698f872e7a39ea4f75e
d9c9b9786da3,APTOS-P3025,APTOS 2019 (Aravind Eye Hospital),train_images/d9c9b9786da3.png,0,Grade 0: No Apparent DR,test,3f0a9bb9377ad24afb2ac87278d6852d66e1fafcb3eb9d7c299d16864872e80a
bec0acd539b2,APTOS-P2670,APTOS 2019 (Aravind Eye Hospital),train_images/bec0acd539b2.png,3,Grade 3: Severe NPDR,train,c0b6e17cc3ef7fc7f28bbbf74aafbc6d7579dc6f9756e4d33cbe682f1786a2fa
bb45257258cc,APTOS-P2624,APTOS 2019 (Aravind Eye Hospital),train_images/bb45257258cc.png,1,Grade 1: Mild NPDR,test,8a22f17f717463c647f175a335d99acf476409d9c8c4651bbd977b7a528f63fb
a14fcf84bfe1,APTOS-P2234,APTOS 2019 (Aravind Eye Hospital),train_images/a14fcf84bfe1.png,3,Grade 3: Severe NPDR,train,3f1d9175a92b1039c30ee513f1f16e74c698b4f1b95622b521ea06a0c8e6289a
1a7e3356b39c,APTOS-P0360,APTOS 2019 (Aravind Eye Hospital),train_images/1a7e3356b39c.png,4,Grade 4: Proliferative DR,val,2b4922efba9b0e1a4e6e7ad45913767a2fe08d64e760b71d5a0bc062d01be61e
b99c825b93c5,APTOS-P2602,APTOS 2019 (Aravind Eye Hospital),train_images/b99c825b93c5.png,2,Grade 2: Moderate NPDR,train,4ccd2c818b60a196a3e50830d47dcbf3495043b885654a76ce5061d8b506333a
e77a93c3d9a9,APTOS-P3207,APTOS 2019 (Aravind Eye Hospital),train_images/e77a93c3d9a9.png,0,Grade 0: No Apparent DR,train,080ff3925590623b6545067fd01b06f4f2e763baca5719212f493da59868feac
5f13e8a07344,APTOS-P1341,APTOS 2019 (Aravind Eye Hospital),train_images/5f13e8a07344.png,3,Grade 3: Severe NPDR,train,63af9ce5e441f3e8fe0037f623b00065cf85760d113f0c803cc7e759dea4b436
0212dd31f623,APTOS-P0028,APTOS 2019 (Aravind Eye Hospital),train_images/0212dd31f623.png,0,Grade 0: No Apparent DR,train,9e31a321d94c87099614836d4a8afa1aef20c914990a228b17cc4f6fb287ac0a
25b0e72705a8,APTOS-P0523,APTOS 2019 (Aravind Eye Hospital),train_images/25b0e72705a8.png,3,Grade 3: Severe NPDR,test,6ad5102bfaa78435155853a87fba3875300ce4e67770ca1ec2152a9e75bfc144
2b074afdf626,APTOS-P0607,APTOS 2019 (Aravind Eye Hospital),train_images/2b074afdf626.png,2,Grade 2: Moderate NPDR,train,3d6e54c8ac4dde69739e3063619934717b8d4c806e2bd9830524e5b8f7749ec0
9ad92f1c1542,APTOS-P2145,APTOS 2019 (Aravind Eye Hospital),train_images/9ad92f1c1542.png,2,Grade 2: Moderate NPDR,train,3541305ac80998127a240a8686f20d7c4ce687ebb3c167e4709184ed198c4cf8
922586d86cd8,APTOS-P2029,APTOS 2019 (Aravind Eye Hospital),train_images/922586d86cd8.png,0,Grade 0: No Apparent DR,train,ccda06f5f4b537154ffa03e8c25b8dffe63656a8d415be74749ceec5ac22a6c0
96ce10a1dbd7,APTOS-P2082,APTOS 2019 (Aravind Eye Hospital),train_images/96ce10a1dbd7.png,0,Grade 0: No Apparent DR,train,c7967984875913f6779ebd457ee688d49eb2f1d25373ae81437420b386ab4991
c9f0dc2c8b43,APTOS-P2165,APTOS 2019 (Aravind Eye Hospital),train_images/c9f0dc2c8b43.png,2,Grade 2: Moderate NPDR,train,fbb10ad2a380eb524ca17020cb0ed976836682e0f5c04fc83d853033f45ead9a
3f0d3629d69e,APTOS-P0853,APTOS 2019 (Aravind Eye Hospital),train_images/3f0d3629d69e.png,0,Grade 0: No Apparent DR,train,fef35f039d1e5f27c9d8a437665a2cb3f00c97f7579f33729bff7c5c5a8ec1d0
db6207e62c7b,APTOS-P3048,APTOS 2019 (Aravind Eye Hospital),train_images/db6207e62c7b.png,0,Grade 0: No Apparent DR,train,42a3c068d1486bd2e042f8cb18410f1e55cf8dc69d667a079d99e85789ed55e0
97f290d31813,APTOS-P2099,APTOS 2019 (Aravind Eye Hospital),train_images/97f290d31813.png,0,Grade 0: No Apparent DR,train,ee0044be164597b7b52aa9002ccfdee43f71655d75cf8f432ea9e3e3160d20c7
9a496b1e20f9,APTOS-P2136,APTOS 2019 (Aravind Eye Hospital),train_images/9a496b1e20f9.png,4,Grade 4: Proliferative DR,train,3b59e41fa1a134a12a3e9ffc282bd15b209a701968a5d2966474ccd136cd9764
8aab201c0691,APTOS-P1925,APTOS 2019 (Aravind Eye Hospital),train_images/8aab201c0691.png,2,Grade 2: Moderate NPDR,test,8235c46fe270be3388a75c434e51d0e4c377a24ebc1918fcd34755388f68b2e6
cb02bb47fdc5,APTOS-P2824,APTOS 2019 (Aravind Eye Hospital),train_images/cb02bb47fdc5.png,0,Grade 0: No Apparent DR,test,84b8d2f6982a298a7842ade10c532698db8327bb28ce99ba4e597eed7e5d9288
f03d3c4ce7fb,APTOS-P2135,APTOS 2019 (Aravind Eye Hospital),train_images/f03d3c4ce7fb.png,4,Grade 4: Proliferative DR,test,dfc328d6f51a244c9cdd58de7554030d7bfcc79963c2b8e7c50a772e1a09ae15
1c9521878baf,APTOS-P0390,APTOS 2019 (Aravind Eye Hospital),train_images/1c9521878baf.png,3,Grade 3: Severe NPDR,test,478ae07837cb159143565cd85ca68d8137fb618a1d0dfe85a4d1ce0b8121a7fb
81b0a2651c45,APTOS-P0091,APTOS 2019 (Aravind Eye Hospital),train_images/81b0a2651c45.png,2,Grade 2: Moderate NPDR,val,e8b6a5b95669b9dcfbae4e0d89f86f72aec824f4994d3113d006cba4702a46d6
79cbae28d8b2,APTOS-P1686,APTOS 2019 (Aravind Eye Hospital),train_images/79cbae28d8b2.png,0,Grade 0: No Apparent DR,train,e41b992dbf6ab16857bff9f46083d04a261ef8185456640b7ec03f5620ccacd9
6dcde47060f9,APTOS-P1535,APTOS 2019 (Aravind Eye Hospital),train_images/6dcde47060f9.png,2,Grade 2: Moderate NPDR,train,894682dbc260a70ba295e55c5f72d28492705232136d6baeddca37d4d47f3475
18b99159a14f,APTOS-P0334,APTOS 2019 (Aravind Eye Hospital),train_images/18b99159a14f.png,0,Grade 0: No Apparent DR,train,47891b1a5e36ad2693c72b7f2e3b484e3149b114a1fa651ba2723e66af7cc141
f6f7dba7104d,APTOS-P3404,APTOS 2019 (Aravind Eye Hospital),train_images/f6f7dba7104d.png,1,Grade 1: Mild NPDR,train,b4cda6eee1a20ceb090d34b298c5a616990c7b5f509cda185f16babf8cf442c2
93be637084a2,APTOS-P2049,APTOS 2019 (Aravind Eye Hospital),train_images/93be637084a2.png,1,Grade 1: Mild NPDR,train,4164454c325abc4870de8a5fc6e6d6b04780a444dac83e5d78369a5a2b0cc451
36ec36c301c1,APTOS-P0545,APTOS 2019 (Aravind Eye Hospital),train_images/36ec36c301c1.png,2,Grade 2: Moderate NPDR,test,c169eb89b8777e7ce9537bcdf2d0a7bec03c3d04e8c08c281cae95bec98578c3
5723d0ec895e,APTOS-P1226,APTOS 2019 (Aravind Eye Hospital),train_images/5723d0ec895e.png,2,Grade 2: Moderate NPDR,train,7569bd828bad6cba87b2c7b72e98c8dadd59d88c612e782ae9ce52343e16b34a
d803598dabda,APTOS-P2988,APTOS 2019 (Aravind Eye Hospital),train_images/d803598dabda.png,4,Grade 4: Proliferative DR,test,5d38834b136ea7d954a85a8bf2e87e974dd18ce494d2c351140480ae22bf9caa
a7b0d0c51731,APTOS-P0397,APTOS 2019 (Aravind Eye Hospital),train_images/a7b0d0c51731.png,2,Grade 2: Moderate NPDR,train,33bb6ade5c1e5200b5e95b75abd78cdc78bb5684e66c72b378942839d48fa2f8
e0313be77035,APTOS-P3098,APTOS 2019 (Aravind Eye Hospital),train_images/e0313be77035.png,0,Grade 0: No Apparent DR,train,9908eab7f61aa5920dc8e3b7705e40717abf5ec9cfc9aa781db255bdf44e2a2a
a963ac561580,APTOS-P2357,APTOS 2019 (Aravind Eye Hospital),train_images/a963ac561580.png,0,Grade 0: No Apparent DR,train,a0098a1110c3274a8852ad5fae60248d8c7d3c4f1e2755d0ded6ec1146e199be
be197b663520,APTOS-P2657,APTOS 2019 (Aravind Eye Hospital),train_images/be197b663520.png,0,Grade 0: No Apparent DR,train,6aa3a0c995e7cc36c4ff5bab5f5a6cd4ad026d1989332e87a3c461c5ca124ee5
1b398c0494d1,APTOS-P0370,APTOS 2019 (Aravind Eye Hospital),train_images/1b398c0494d1.png,0,Grade 0: No Apparent DR,train,9cc2e11fc6f9021689fde584917de85baf8841e3fb78d5975e37753a9287536a
3748349334f6,APTOS-P0763,APTOS 2019 (Aravind Eye Hospital),train_images/3748349334f6.png,2,Grade 2: Moderate NPDR,train,04245395f13e7496445e440e68aae352bedc53304b8c9c46425dc7a0678c8b95
785777558f05,APTOS-P1669,APTOS 2019 (Aravind Eye Hospital),train_images/785777558f05.png,4,Grade 4: Proliferative DR,val,6a70d2c3dd3ef61e6938ebb829448730e3f87efa306b723f9ad32da4b622ccf9
bf87aedf2489,APTOS-P2680,APTOS 2019 (Aravind Eye Hospital),train_images/bf87aedf2489.png,0,Grade 0: No Apparent DR,train,1db898d6f7a931e778556ffd60ed13dc33d9e899442c288e5014225946b19da9
9a1029536d78,APTOS-P2130,APTOS 2019 (Aravind Eye Hospital),train_images/9a1029536d78.png,0,Grade 0: No Apparent DR,val,f995ba6d614bdc99f5e3d6f7f91a8c1e418d46a6d2c41d74f05113b6d95b9645
c9ea9d5eab65,APTOS-P2804,APTOS 2019 (Aravind Eye Hospital),train_images/c9ea9d5eab65.png,3,Grade 3: Severe NPDR,train,ffd1c238c1781efac0b6a43b5375b5a7eec123e4866cc744b9e84407913b3e51
26cd40b57ad1,APTOS-P0542,APTOS 2019 (Aravind Eye Hospital),train_images/26cd40b57ad1.png,0,Grade 0: No Apparent DR,train,93280038d3cb27c567fd482d0f37e4accde0442dab64b8a32c99bfedaaab7608
af7a36454670,APTOS-P2459,APTOS 2019 (Aravind Eye Hospital),train_images/af7a36454670.png,0,Grade 0: No Apparent DR,train,79abef8a156644a3a93aa6130d03e1e4d974c4fa70432b2edc06a4a2f029936b
4d167ca69ea8,APTOS-P1066,APTOS 2019 (Aravind Eye Hospital),train_images/4d167ca69ea8.png,0,Grade 0: No Apparent DR,train,b2e5e8711b00a41ba5a9cf8bea74b9812c45fef0c638b7f251382d6b8897a70e
05cd0178ccfe,APTOS-P0075,APTOS 2019 (Aravind Eye Hospital),train_images/05cd0178ccfe.png,3,Grade 3: Severe NPDR,test,1fef0e8434ac0a28871d7340256bdff743b8de1d1cfcecef7d8e3f6978fe7a73
3c9529918097,APTOS-P0829,APTOS 2019 (Aravind Eye Hospital),train_images/3c9529918097.png,0,Grade 0: No Apparent DR,val,bc9dddd0c268ed653e711c91a781812210aef95dd28165b0a57cb10e387cb62a
d97911a32918,APTOS-P3017,APTOS 2019 (Aravind Eye Hospital),train_images/d97911a32918.png,0,Grade 0: No Apparent DR,train,7e5908fe7a43210dc67857efe11c7dbcb07ef215fb9f80d2a02e4be006776a14
887c26fc0e1f,APTOS-P1896,APTOS 2019 (Aravind Eye Hospital),train_images/887c26fc0e1f.png,4,Grade 4: Proliferative DR,train,6489f0da8ebd23bce4e3a6f75af00d80b8f180e55c9edfa54565e231a8b87797
7e160c8b611e,APTOS-P1745,APTOS 2019 (Aravind Eye Hospital),train_images/7e160c8b611e.png,3,Grade 3: Severe NPDR,train,eb2ad651a65a4ece2181ffe77a25bb34982d94e981867f836996ecc4f498b325
966c07831334,APTOS-P2074,APTOS 2019 (Aravind Eye Hospital),train_images/966c07831334.png,0,Grade 0: No Apparent DR,train,ffbdface824009ea7f282314e9eac078218b6cdde03d8f8b1cdb66dca4735e98
4e4a6224a04e,APTOS-P1089,APTOS 2019 (Aravind Eye Hospital),train_images/4e4a6224a04e.png,0,Grade 0: No Apparent DR,train,1ac9c567b46cc76c101cbaa89dad354256cc3540269d66a66fbfae775500036a
a5a2a7003d60,APTOS-P2294,APTOS 2019 (Aravind Eye Hospital),train_images/a5a2a7003d60.png,1,Grade 1: Mild NPDR,train,d86574af4a5e01faef5a5c4507bdd078528852806e79415d429b8c5671aecd70
415d5c5e785f,APTOS-P0888,APTOS 2019 (Aravind Eye Hospital),train_images/415d5c5e785f.png,0,Grade 0: No Apparent DR,train,9c50e9ecfe291ed5e567db2c30ea0b902b332dab5cb16e2c2fe344f58384280a
6e44f6d04fc9,APTOS-P1545,APTOS 2019 (Aravind Eye Hospital),train_images/6e44f6d04fc9.png,0,Grade 0: No Apparent DR,test,38536edab492c1991594dd5c86bd6f8f9a5f0b2f47dabc37728f551e8c2b76d5
86d58f850a0c,APTOS-P1864,APTOS 2019 (Aravind Eye Hospital),train_images/86d58f850a0c.png,0,Grade 0: No Apparent DR,train,0718c32c1041a2c98b548a7663f1bbd0f72341db40c21eec95502725488504a5
c6a145742708,APTOS-P2767,APTOS 2019 (Aravind Eye Hospital),train_images/c6a145742708.png,4,Grade 4: Proliferative DR,val,8a1464c941ca0c4e9ecc04e0c831ae6a16322d00baad82aa7e82f6492b91eb97
76df141d966b,APTOS-P1647,APTOS 2019 (Aravind Eye Hospital),train_images/76df141d966b.png,0,Grade 0: No Apparent DR,test,f2b18c735d572d37c6ce6201ac331f0f5d158db06c098adcaeb6994d05da856b
dfc7ec7db0e0,APTOS-P3094,APTOS 2019 (Aravind Eye Hospital),train_images/dfc7ec7db0e0.png,0,Grade 0: No Apparent DR,train,5842361402b401d5002644ddc6e211097f6800d67641e526ab1ad32ab3458b26
d7a01fca9838,APTOS-P2982,APTOS 2019 (Aravind Eye Hospital),train_images/d7a01fca9838.png,0,Grade 0: No Apparent DR,train,c51a6669f3add5d582a222b348d98e58d0d1772e099282f9b9e4d5d1d46ef3d4
8344c783da65,APTOS-P1817,APTOS 2019 (Aravind Eye Hospital),train_images/8344c783da65.png,0,Grade 0: No Apparent DR,test,4bf0bd76fc3e50136572f760b0e950818e61a6ba6e0894d44432576531a804af
dec5595e6154,APTOS-P3081,APTOS 2019 (Aravind Eye Hospital),train_images/dec5595e6154.png,0,Grade 0: No Apparent DR,train,cd0ebcdfbbc744aa50a0f71c54265ffdedf79ab8e7c5d4fb59eb534ce573497d
5a091e8cd95c,APTOS-P1270,APTOS 2019 (Aravind Eye Hospital),train_images/5a091e8cd95c.png,1,Grade 1: Mild NPDR,val,ff38590b95d62bce259dea6c7b77cd37fde4b961ec310537a342af08fad89e1e
19e350c7c83c,APTOS-P0350,APTOS 2019 (Aravind Eye Hospital),train_images/19e350c7c83c.png,1,Grade 1: Mild NPDR,train,58b09e70f8580159ff867ba1fafee05da35b9db37dc0f5866860918a1f1e3ef0
c70d09370109,APTOS-P2775,APTOS 2019 (Aravind Eye Hospital),train_images/c70d09370109.png,2,Grade 2: Moderate NPDR,val,6a9a596420326367e2142107c805c32350a0c32820d403fe0fa8afc94849403a
b89938407ee6,APTOS-P2582,APTOS 2019 (Aravind Eye Hospital),train_images/b89938407ee6.png,2,Grade 2: Moderate NPDR,train,3d7f74bdaf49d8528e07dfd758a44788f32321af5b88931494615c492ee227ee
13063d1bc4ea,APTOS-P0256,APTOS 2019 (Aravind Eye Hospital),train_images/13063d1bc4ea.png,2,Grade 2: Moderate NPDR,train,3a334afff042381f3574d2e203b08009beba77f55f44c7c3b57652d4c7f01f60
04a6fc58dabc,APTOS-P0059,APTOS 2019 (Aravind Eye Hospital),train_images/04a6fc58dabc.png,2,Grade 2: Moderate NPDR,train,78578f80bce7df5534321bd1d494daf62c3e341f183d816d2d15cebd60a30156
0231642cf1c2,APTOS-P0030,APTOS 2019 (Aravind Eye Hospital),train_images/0231642cf1c2.png,0,Grade 0: No Apparent DR,test,b44793db45f3a478b02939ddfa1fda14246c91ee2ad4bc7eb4c2535ec2d333da
a77eb914b383,APTOS-P2322,APTOS 2019 (Aravind Eye Hospital),train_images/a77eb914b383.png,0,Grade 0: No Apparent DR,train,ccb2a51667635436cb961e3a916d711c8323f83536119baa0239f8658ec1dc5a
38487e1a5b1f,APTOS-P0776,APTOS 2019 (Aravind Eye Hospital),train_images/38487e1a5b1f.png,2,Grade 2: Moderate NPDR,train,838654dae6f00bdf75bfd1b56d5581fa933db30e7216ef82267644680e3b3cb7
050bb1eafa76,APTOS-P0064,APTOS 2019 (Aravind Eye Hospital),train_images/050bb1eafa76.png,0,Grade 0: No Apparent DR,train,e499e9a5251aa108b8a14b12da56092e5ad0a4db06873745aa1eb1eca7d5a9a7
0243404e8a00,APTOS-P0033,APTOS 2019 (Aravind Eye Hospital),train_images/0243404e8a00.png,4,Grade 4: Proliferative DR,train,ace7929a8354b202be22bab8479bd81efd5f41b7c86deb4b8a03f5bf0d0df846
54334705a34d,APTOS-P1197,APTOS 2019 (Aravind Eye Hospital),train_images/54334705a34d.png,0,Grade 0: No Apparent DR,train,4ccf8dd6a1f1d82bd1d1d3a3f148e5fac49493a1b48188f2925ffdd221479a65
969f92a390db,APTOS-P2077,APTOS 2019 (Aravind Eye Hospital),train_images/969f92a390db.png,0,Grade 0: No Apparent DR,train,e43e15dae7b3d892b3fa8bd4c3d18e7d88e7b359eb8f2561da35d6f0bff45e82
9da74370835a,APTOS-P2179,APTOS 2019 (Aravind Eye Hospital),train_images/9da74370835a.png,2,Grade 2: Moderate NPDR,test,a62b94087b10395fe6d44db40f1540e827fc8b2e0e3ec2e6bf3a9ac564d25d40
a32886cb31ab,APTOS-P2263,APTOS 2019 (Aravind Eye Hospital),train_images/a32886cb31ab.png,1,Grade 1: Mild NPDR,test,c0e584262eeae63ecc80b47ecd21f165fcba3219e01f29b3481416ec786d26a5
f3b27ac2d371,APTOS-P3357,APTOS 2019 (Aravind Eye Hospital),train_images/f3b27ac2d371.png,0,Grade 0: No Apparent DR,train,54796ffcbd41e30e689ffb5610e77337d3e9735ebd67a9455450d2ebd92d0cf0
7526c59c36d3,APTOS-P1619,APTOS 2019 (Aravind Eye Hospital),train_images/7526c59c36d3.png,0,Grade 0: No Apparent DR,train,1baf0eafa9b479b17acb91bb2b8c6040332d7d0fbb4f4d7340f49d4f617bbf93
00f6c1be5a33,APTOS-P0013,APTOS 2019 (Aravind Eye Hospital),train_images/00f6c1be5a33.png,0,Grade 0: No Apparent DR,val,ef02974cba7b5050cea57ffbf99e73cf2d21331002a166caca643ea7e328cee3
edceb0657d77,APTOS-P3287,APTOS 2019 (Aravind Eye Hospital),train_images/edceb0657d77.png,0,Grade 0: No Apparent DR,val,01de5d936060223b758ce4b213c2d6a7baa1ec2d653bd1706836528c8dee6a71
c97472ef2c66,APTOS-P2799,APTOS 2019 (Aravind Eye Hospital),train_images/c97472ef2c66.png,0,Grade 0: No Apparent DR,test,a093e554274433b029287de04ff71d8c20bb95c201c89072b2514132861e72a9
65e120143825,APTOS-P1421,APTOS 2019 (Aravind Eye Hospital),train_images/65e120143825.png,4,Grade 4: Proliferative DR,train,e01c9d9997ab354600a3b8f7b9a2a73468e1ffc30381ec25b9eb4b48deeab38f
18ce0cdc473d,APTOS-P0336,APTOS 2019 (Aravind Eye Hospital),train_images/18ce0cdc473d.png,0,Grade 0: No Apparent DR,test,3ce6929c2580c8de5a898bdb2a62be40407c9c673f68f1743ebad60ba58af219
7e0598cc88a0,APTOS-P1744,APTOS 2019 (Aravind Eye Hospital),train_images/7e0598cc88a0.png,4,Grade 4: Proliferative DR,train,9bef6d7c8906d995a653021840d6f0f2f2c7e6252f3a742f29879a3c494bc085
c6e1e9fbf39b,APTOS-P2772,APTOS 2019 (Aravind Eye Hospital),train_images/c6e1e9fbf39b.png,2,Grade 2: Moderate NPDR,train,224e51d165eca4348a52d2e21ff6b6ef218b4bb871003331d18850f9d1febf90
92f313287a29,APTOS-P2039,APTOS 2019 (Aravind Eye Hospital),train_images/92f313287a29.png,2,Grade 2: Moderate NPDR,train,bb3cb9e645cfa5ebcd22d11a1442f906106a238605914c82180473b1ceede9fc
e85d410d6836,APTOS-P3219,APTOS 2019 (Aravind Eye Hospital),train_images/e85d410d6836.png,2,Grade 2: Moderate NPDR,train,1e60e3eeccfb9a862cba22088f4a259a67ff9206632ae3cc5ed694f8b72e4b2c
bb752b179751,APTOS-P2626,APTOS 2019 (Aravind Eye Hospital),train_images/bb752b179751.png,0,Grade 0: No Apparent DR,test,647ce919c348a4724bcca0dba0bb7f73d63ea46a3647079cb34f6f25d305e7b0
be3a7d9e981e,APTOS-P2659,APTOS 2019 (Aravind Eye Hospital),train_images/be3a7d9e981e.png,0,Grade 0: No Apparent DR,val,df73f47911360a8ac45b1146764ca2aa9d4c36f66a35d5eeee954459c048badd
fe0fc67c7980,APTOS-P1158,APTOS 2019 (Aravind Eye Hospital),train_images/fe0fc67c7980.png,3,Grade 3: Severe NPDR,train,292e69119cd24ae0ee2bf392b7cd3b8f23b4a81edd495f3d9923f3664fdf5d1a
c755a0c4edcc,APTOS-P2778,APTOS 2019 (Aravind Eye Hospital),train_images/c755a0c4edcc.png,0,Grade 0: No Apparent DR,train,27091488039f7ad0424db5474eac379ed9058bb1291d84762f8030fccb4afff9
f61bf44c677c,APTOS-P3393,APTOS 2019 (Aravind Eye Hospital),train_images/f61bf44c677c.png,2,Grade 2: Moderate NPDR,train,9c774c6a0e762d55d2a88c098f5de90eac87e209e0697fcf952d2a7e8e64e56a
da0a1043abf7,APTOS-P2486,APTOS 2019 (Aravind Eye Hospital),train_images/da0a1043abf7.png,2,Grade 2: Moderate NPDR,train,66867d615c9fa23fc8bb4d31401f2d560e2900bf81528edd4ff9ef455e4c72c2
dfea19863428,APTOS-P3095,APTOS 2019 (Aravind Eye Hospital),train_images/dfea19863428.png,0,Grade 0: No Apparent DR,train,15d8d351dcb47c00fe55310548653003e5216b13e48a75dccadf3cd0bd7931be
f5c953bee7cd,APTOS-P3390,APTOS 2019 (Aravind Eye Hospital),train_images/f5c953bee7cd.png,0,Grade 0: No Apparent DR,train,c0f4eaa7e2a08fe2858ff2d0832afa7e0572942cea019b8403fda9fb36e32520
19113e5f45ec,APTOS-P0340,APTOS 2019 (Aravind Eye Hospital),train_images/19113e5f45ec.png,2,Grade 2: Moderate NPDR,train,31e7f91b30965d49a37b1ed60467568f26a419694d1c7cba334facd5054077d0
e2161692a0b4,APTOS-P3128,APTOS 2019 (Aravind Eye Hospital),train_images/e2161692a0b4.png,2,Grade 2: Moderate NPDR,train,df61b46286c2e965299f89b90d4a70c4de0ea5a3353ef69eab26fcad035e116a
42b9c1977681,APTOS-P0908,APTOS 2019 (Aravind Eye Hospital),train_images/42b9c1977681.png,0,Grade 0: No Apparent DR,train,5c643a64fef44c91cf5175bb9e872d2963f0a8cff3018745eaf976ffc9c497db
ef7a4ed8d5d1,APTOS-P3309,APTOS 2019 (Aravind Eye Hospital),train_images/ef7a4ed8d5d1.png,2,Grade 2: Moderate NPDR,val,1cb0e76ba9a6b1b971b9a41f249e92a763b4427dc62034ba50568d3830830fd6
54dc6e8107cd,APTOS-P1207,APTOS 2019 (Aravind Eye Hospital),train_images/54dc6e8107cd.png,2,Grade 2: Moderate NPDR,test,c32c6901301ad74afe94b28badd13fc46433c35b806caf9561833e53f3703184
896ad584a841,APTOS-P1905,APTOS 2019 (Aravind Eye Hospital),train_images/896ad584a841.png,0,Grade 0: No Apparent DR,test,508fe2e1bf7cec8a2c77c537913a927be6064c5eb9a2b3bc2a909506db301636
58b866484a05,APTOS-P1252,APTOS 2019 (Aravind Eye Hospital),train_images/58b866484a05.png,4,Grade 4: Proliferative DR,train,47de27eb5ccdec7ed2055fa0a13be31aeb7914835a89f507133502e4c8d018e7
94372043d55b,APTOS-P0191,APTOS 2019 (Aravind Eye Hospital),train_images/94372043d55b.png,1,Grade 1: Mild NPDR,val,9234a1cecf19917592174212eec85f357160b3efc4e8f72bb27c1d6b115d3446
b7aca95b97b9,APTOS-P2569,APTOS 2019 (Aravind Eye Hospital),train_images/b7aca95b97b9.png,0,Grade 0: No Apparent DR,test,8ab67f315601052fb1dba48d75423a543c9e9bbda35a5389b72ad637bb2d6d77
598b8f5b3822,APTOS-P1260,APTOS 2019 (Aravind Eye Hospital),train_images/598b8f5b3822.png,0,Grade 0: No Apparent DR,train,4f697d7b98bf4c42cfd5848dd199c04fc5af786c39e5a0cc8af6354106faaf76
d9ba044671e1,APTOS-P3023,APTOS 2019 (Aravind Eye Hospital),train_images/d9ba044671e1.png,4,Grade 4: Proliferative DR,train,4ce1e044076756d4a250bdb2516e134a6d8e967de2a61bc93ee6954cf9a822a0
ef7eb85b75fc,APTOS-P3310,APTOS 2019 (Aravind Eye Hospital),train_images/ef7eb85b75fc.png,0,Grade 0: No Apparent DR,train,bdb162a0864b954169de0ae02e8ed2334439a4a83e9c709cf030e77255fee902
da949aa67a4f,APTOS-P3037,APTOS 2019 (Aravind Eye Hospital),train_images/da949aa67a4f.png,0,Grade 0: No Apparent DR,train,9405351daa5eee9e75eec412aadc760310b4b8792af86f33cbcb9bbb8e9847e7
9b418ce42c13,APTOS-P2150,APTOS 2019 (Aravind Eye Hospital),train_images/9b418ce42c13.png,2,Grade 2: Moderate NPDR,test,509a36e84a0cea7a554d3b399e1e763f5ab686a07700735c48acb802a77b9d4a
d364423ec6f9,APTOS-P2937,APTOS 2019 (Aravind Eye Hospital),train_images/d364423ec6f9.png,2,Grade 2: Moderate NPDR,train,a3914257938c9609590473fd0fd1f527363132dbec04ad6e5a71ff03e079eaad
ffec9a18a3ce,APTOS-P3508,APTOS 2019 (Aravind Eye Hospital),train_images/ffec9a18a3ce.png,2,Grade 2: Moderate NPDR,train,6a2f19af39dff5531eb0204c0412fed101da97ad57642b7c255527463daf22ff
ecb4500285ed,APTOS-P3275,APTOS 2019 (Aravind Eye Hospital),train_images/ecb4500285ed.png,0,Grade 0: No Apparent DR,train,f025fa097fde845716c3e5681ae7214645c7a74023af8da14af5c54ed780e73c
4704dbb59536,APTOS-P0975,APTOS 2019 (Aravind Eye Hospital),train_images/4704dbb59536.png,0,Grade 0: No Apparent DR,val,6875ec577f82059d42c1520d2b47c6454587b21328ba0ec91bf04d4f58f4e1fa
9de9421f17e3,APTOS-P2181,APTOS 2019 (Aravind Eye Hospital),train_images/9de9421f17e3.png,0,Grade 0: No Apparent DR,train,938590fb99a2ffe91017e56588c994bf4923fa200b4bb4bfc851c072d67ccdca
436fa3fd145a,APTOS-P0917,APTOS 2019 (Aravind Eye Hospital),train_images/436fa3fd145a.png,0,Grade 0: No Apparent DR,val,9e8f9bb705a5a63b0ba6478c62a5525a2fc5110d7d1d0818750e8aac9c34a7ff
e1c02f6c3362,APTOS-P3125,APTOS 2019 (Aravind Eye Hospital),train_images/e1c02f6c3362.png,0,Grade 0: No Apparent DR,train,5b7fe9cf9c793dc53de01572333853433236d5d9c2f8995acb447af9ec8628a2
4bd941611343,APTOS-P1042,APTOS 2019 (Aravind Eye Hospital),train_images/4bd941611343.png,4,Grade 4: Proliferative DR,train,d3840db3ce09dd06f327041af134bea3eef621c1ad8d7a6236e687084f01bae4
a56230242a95,APTOS-P0388,APTOS 2019 (Aravind Eye Hospital),train_images/a56230242a95.png,2,Grade 2: Moderate NPDR,train,9a82c6c44b411d5cba83064a9b28217b477a83f7f2fa789712a25e981d760ea8
79ce83c07588,APTOS-P1579,APTOS 2019 (Aravind Eye Hospital),train_images/79ce83c07588.png,1,Grade 1: Mild NPDR,test,753c243b63026976f003aa407d83559544edcb0affeacc85960897575bd7d870
e087bd4b88f2,APTOS-P3107,APTOS 2019 (Aravind Eye Hospital),train_images/e087bd4b88f2.png,0,Grade 0: No Apparent DR,train,87c95f5ae6779e7f41db1354de91f2d046052542cebf671074e96c28665cd4e8
1fddd7c98fd2,APTOS-P0450,APTOS 2019 (Aravind Eye Hospital),train_images/1fddd7c98fd2.png,0,Grade 0: No Apparent DR,train,025bc7a2d454a619dd3d06d973ceb2927e98b2cf467366a73799c132847f34ed
ebf4b22240f4,APTOS-P3266,APTOS 2019 (Aravind Eye Hospital),train_images/ebf4b22240f4.png,0,Grade 0: No Apparent DR,train,c7709641ecafa2b539e3290bcde4d6c6dc2a96f16778d898c389aaa232495b2b
7b211d8bd249,APTOS-P1706,APTOS 2019 (Aravind Eye Hospital),train_images/7b211d8bd249.png,4,Grade 4: Proliferative DR,train,47df3fe57d649ea4b109f8c0c5b11625afad8094e38deb8abb40b1fe551ca82d
50d8249f7bc9,APTOS-P1130,APTOS 2019 (Aravind Eye Hospital),train_images/50d8249f7bc9.png,0,Grade 0: No Apparent DR,val,ce109fc1caa85d56ae9e88f250f1a39ae015d11c2562e86f13195961eddf26df
2fe06bedb2c4,APTOS-P0669,APTOS 2019 (Aravind Eye Hospital),train_images/2fe06bedb2c4.png,4,Grade 4: Proliferative DR,train,3dd55eeaa9191f48d14c7ee5c33aa60c65170aa9899744cf0ec636a8351576cd
64c6c6ee0d98,APTOS-P1406,APTOS 2019 (Aravind Eye Hospital),train_images/64c6c6ee0d98.png,0,Grade 0: No Apparent DR,test,4466ee5e58dff5a7c24806f542ea255980a349d684d642a6de8f8117d21e8bbd
1da25637859b,APTOS-P0410,APTOS 2019 (Aravind Eye Hospital),train_images/1da25637859b.png,2,Grade 2: Moderate NPDR,train,844e09ac6f63c75094c9ffa981c526e3a4cb7342749ef81bcc731733fc0810dd
fc4d69128e7c,APTOS-P3462,APTOS 2019 (Aravind Eye Hospital),train_images/fc4d69128e7c.png,2,Grade 2: Moderate NPDR,train,0c5f966f98fd77a83ebe4b308952103dd08da8f68e5a28e24521969e75c807e8
f4e68b61f480,APTOS-P3374,APTOS 2019 (Aravind Eye Hospital),train_images/f4e68b61f480.png,0,Grade 0: No Apparent DR,val,0fd4d0317d8c95a28bdf0180ce4064ef53a56e429efa9f018d2efd50791ce823
05195a3db5e2,APTOS-P0066,APTOS 2019 (Aravind Eye Hospital),train_images/05195a3db5e2.png,0,Grade 0: No Apparent DR,train,e07d08ec54a9541b3bcbcd9fdf8671b27ed6d65b8d4f2323cbfa3b5cfe87b1cb
d81b6ed83bc2,APTOS-P2854,APTOS 2019 (Aravind Eye Hospital),train_images/d81b6ed83bc2.png,2,Grade 2: Moderate NPDR,val,dd6c16334dd248efba9c3d15c4c8607249038712c7bf2a38eb1f9b6237464c0f
4a4cb731f91a,APTOS-P1020,APTOS 2019 (Aravind Eye Hospital),train_images/4a4cb731f91a.png,0,Grade 0: No Apparent DR,train,8be5e88645695d57dd7ba265337ab523cb9760caa54822c90481376b937f6537
08bef347f40d,APTOS-P0114,APTOS 2019 (Aravind Eye Hospital),train_images/08bef347f40d.png,0,Grade 0: No Apparent DR,train,57b70fd31f9d91559db8101b675ad936d2d9bbc07a623ae4c7c2d20558462d82
0125fbd2e791,APTOS-P0016,APTOS 2019 (Aravind Eye Hospital),train_images/0125fbd2e791.png,0,Grade 0: No Apparent DR,train,d84c78d37e8df8b0a04db96512f1c5eca304d60d93eb34bafa48e51d87fe3058
282bc792d23a,APTOS-P0564,APTOS 2019 (Aravind Eye Hospital),train_images/282bc792d23a.png,2,Grade 2: Moderate NPDR,train,0ed21c30354583a437f5c1930e42011819fcaad19e520b713da109e97d4b8820
99c626e58464,APTOS-P2126,APTOS 2019 (Aravind Eye Hospital),train_images/99c626e58464.png,0,Grade 0: No Apparent DR,train,f777faa1ea2218775dd45b1f54ba52ec052b750c1bd5f9bc87fabc1fd025cc6e
76c0c7e1b6cb,APTOS-P1644,APTOS 2019 (Aravind Eye Hospital),train_images/76c0c7e1b6cb.png,2,Grade 2: Moderate NPDR,test,c05c9e8493f92af7718b4776f656d77169c69e665ea907c946882b9a430a143e
12a82fc7d73e,APTOS-P0247,APTOS 2019 (Aravind Eye Hospital),train_images/12a82fc7d73e.png,2,Grade 2: Moderate NPDR,test,2e1f65ec8621267f01578317114f235d5c3afa2d9718dae2d1cb1d9b5a2f83e6
86e7f98f73f1,APTOS-P1866,APTOS 2019 (Aravind Eye Hospital),train_images/86e7f98f73f1.png,2,Grade 2: Moderate NPDR,test,0c5f04c87d5a94a02adf0a90742760885baf8772ff0b4607c000533265a700a1
5d3c8c1f57da,APTOS-P1316,APTOS 2019 (Aravind Eye Hospital),train_images/5d3c8c1f57da.png,0,Grade 0: No Apparent DR,train,6aafcf18336f8a2a9e92db970da7e1e702f51d9e06713872fb9f8e750d74ddfb
b9c7c5182075,APTOS-P2606,APTOS 2019 (Aravind Eye Hospital),train_images/b9c7c5182075.png,0,Grade 0: No Apparent DR,train,8d6c0bdb508e3a8b4d0fc9e7eb12ded6ed7f3a66129df680f44c2803d651209a
5293576816aa,APTOS-P1172,APTOS 2019 (Aravind Eye Hospital),train_images/5293576816aa.png,0,Grade 0: No Apparent DR,train,b1b9c3f895c5c163a53735a13895a8c4d37d74cd9d03f748e591a826326303c3
c05b7b4c22fe,APTOS-P2411,APTOS 2019 (Aravind Eye Hospital),train_images/c05b7b4c22fe.png,2,Grade 2: Moderate NPDR,val,7d079985ea241693cc987f2589d4e00599144ca6f856d0cd0d2b2accca13c71c
43f22d1be8dd,APTOS-P0926,APTOS 2019 (Aravind Eye Hospital),train_images/43f22d1be8dd.png,0,Grade 0: No Apparent DR,test,8942992baeb26fcb80f57a3ab836aa38100349a4fd6c69e1df21b5d85db7bef0
a0a0cd8af5a6,APTOS-P2222,APTOS 2019 (Aravind Eye Hospital),train_images/a0a0cd8af5a6.png,2,Grade 2: Moderate NPDR,train,f09a86491c1fadf54c695c0f312a65f0f02478645ac9609ff94a11efd841ae54
93802d1e3c41,APTOS-P2047,APTOS 2019 (Aravind Eye Hospital),train_images/93802d1e3c41.png,0,Grade 0: No Apparent DR,train,dff1154737003be36b7f4ce48414989bad740340bcdbf0938072c7c3b5197349
35cd9832fc0a,APTOS-P0742,APTOS 2019 (Aravind Eye Hospital),train_images/35cd9832fc0a.png,0,Grade 0: No Apparent DR,train,76858805e94bbdb1a861d35390a442f0e6d82f4befd5b09f39d200330be504f0
4a558a1cd243,APTOS-P1021,APTOS 2019 (Aravind Eye Hospital),train_images/4a558a1cd243.png,2,Grade 2: Moderate NPDR,train,51a38f9d5882f49569ed6fe243100309a7d3e5287c101da4cabde7087ed81f3a
932181b93b2f,APTOS-P2042,APTOS 2019 (Aravind Eye Hospital),train_images/932181b93b2f.png,2,Grade 2: Moderate NPDR,test,ed19e0a1b623edb738e1968a53ed0a8bfadaf73c2454e82063ed9cbabaa85dce
27933cdbe0cc,APTOS-P0555,APTOS 2019 (Aravind Eye Hospital),train_images/27933cdbe0cc.png,0,Grade 0: No Apparent DR,train,2fcb782841d7ede3cd9d14063a507b141812260f869a2a0c7d7c0aa57de70835
ead23cc922ed,APTOS-P3253,APTOS 2019 (Aravind Eye Hospital),train_images/ead23cc922ed.png,1,Grade 1: Mild NPDR,train,3d9def75e63b68a277a4e55f15ec13332597f593851a968a2a85b289f68be11e
cd01672507c9,APTOS-P2849,APTOS 2019 (Aravind Eye Hospital),train_images/cd01672507c9.png,0,Grade 0: No Apparent DR,train,40999a7630a4019b85d496ab4ad573d7e6b80b507b6a42e874dbef179486d255
295fdc964f6e,APTOS-P0583,APTOS 2019 (Aravind Eye Hospital),train_images/295fdc964f6e.png,2,Grade 2: Moderate NPDR,train,783345c91597030b964e2d3e2e9a8d06ca8921ee5a4cd1589dda7679a1096a7d
9b7b6e4db1d5,APTOS-P2154,APTOS 2019 (Aravind Eye Hospital),train_images/9b7b6e4db1d5.png,2,Grade 2: Moderate NPDR,test,40e1e777be1b5f446a6b5e406c93a9cc837316415bf6d5cd3dba3a382c396ee2
194814669fee,APTOS-P0346,APTOS 2019 (Aravind Eye Hospital),train_images/194814669fee.png,1,Grade 1: Mild NPDR,train,e508c906bbfc356533e5f86292ffe1f7a71aef53decec4d8d47f526706e6a98e
f633c474e8b8,APTOS-P3395,APTOS 2019 (Aravind Eye Hospital),train_images/f633c474e8b8.png,0,Grade 0: No Apparent DR,train,24879272906fd61014e0687a8cf1af1b8cbef6d9b88659c6c87fd0c4334fd1a3
664b1f9a2087,APTOS-P1433,APTOS 2019 (Aravind Eye Hospital),train_images/664b1f9a2087.png,4,Grade 4: Proliferative DR,val,547fbbbcf9f891f0c59a69c9b9571516dea7abfb647cd080f5ae59d928359c29
af3b0115aad1,APTOS-P2455,APTOS 2019 (Aravind Eye Hospital),train_images/af3b0115aad1.png,3,Grade 3: Severe NPDR,train,8819c667909d283dea667a2a1c9b761f91b9d9af8aaee260bb8e76aa78149c11
bb08949dd70a,APTOS-P2621,APTOS 2019 (Aravind Eye Hospital),train_images/bb08949dd70a.png,0,Grade 0: No Apparent DR,train,fc33023ec3a953b620c4f86e25eb4a58916d86cb22ea72fdcd7dcfa049cb8e84
5077cdb88aed,APTOS-P1123,APTOS 2019 (Aravind Eye Hospital),train_images/5077cdb88aed.png,0,Grade 0: No Apparent DR,train,25e52f42feb488aa2ac1024bb9cedaa8c8cb5b5e41f8453412360506296711e9
39134907127a,APTOS-P0789,APTOS 2019 (Aravind Eye Hospital),train_images/39134907127a.png,2,Grade 2: Moderate NPDR,train,904651fdfa654782acfc87a5297b4d44ea9d3abe8889f01acf2816ac41915200
7347bd23ba80,APTOS-P1598,APTOS 2019 (Aravind Eye Hospital),train_images/7347bd23ba80.png,0,Grade 0: No Apparent DR,test,0a825cc7151d1dbf710dee2570b4fe5a727611e11ed354c2e6c80076619f25c7
a76b69e443ce,APTOS-P2320,APTOS 2019 (Aravind Eye Hospital),train_images/a76b69e443ce.png,4,Grade 4: Proliferative DR,train,316fc23185cca2c2815305edf17aa42cec0ad74d09b5de5b02e25c2ddd289c99
513b0a4651fa,APTOS-P1138,APTOS 2019 (Aravind Eye Hospital),train_images/513b0a4651fa.png,1,Grade 1: Mild NPDR,train,5be1c1ccb31223167d1d1c38d778fb132955fbc2324f66ca2dba2ee2cdd0d325
084c02cf077f,APTOS-P0108,APTOS 2019 (Aravind Eye Hospital),train_images/084c02cf077f.png,0,Grade 0: No Apparent DR,train,39996d2e2cd2f9a7924ec12160a81c40f3297dfd529baa46413e5be612b87a4a
0a85a1e8f9e9,APTOS-P0142,APTOS 2019 (Aravind Eye Hospital),train_images/0a85a1e8f9e9.png,0,Grade 0: No Apparent DR,test,4c3baaa45154bb3b57475537074f6386ceeb23bede2508e6b08a094d92d0cf03
599b89048034,APTOS-P1264,APTOS 2019 (Aravind Eye Hospital),train_images/599b89048034.png,2,Grade 2: Moderate NPDR,test,209ff90547926b5cc4b1c20241c71d3792233c5c851b6c239f745297555de2c9
bacfa2b8e706,APTOS-P2619,APTOS 2019 (Aravind Eye Hospital),train_images/bacfa2b8e706.png,0,Grade 0: No Apparent DR,train,24375ea4975d83fd2c4c51e365a16ebc3d0cb089e94f45ef8c2625db90ef0ab7
103f97a2ab15,APTOS-P0223,APTOS 2019 (Aravind Eye Hospital),train_images/103f97a2ab15.png,0,Grade 0: No Apparent DR,train,3b39a547e82e487e66b846e3b03ece7d77a556ac03340832e802efd01fd69dd7
9bafbbd152d2,APTOS-P2157,APTOS 2019 (Aravind Eye Hospital),train_images/9bafbbd152d2.png,3,Grade 3: Severe NPDR,val,bbb7731c0a09f76cd14d065ccfc1956858618faa0711451023504b671ea0d444
adb56cecafaf,APTOS-P2428,APTOS 2019 (Aravind Eye Hospital),train_images/adb56cecafaf.png,3,Grade 3: Severe NPDR,val,c09e2af2be49fda0c6fe91d4700c3b22cd132c2c400073b98a5f09f7dd68864d
e2a47a74e6e1,APTOS-P3141,APTOS 2019 (Aravind Eye Hospital),train_images/e2a47a74e6e1.png,2,Grade 2: Moderate NPDR,train,64f9004ae56d2bdc7b41db7b7520ee67274edb3076607b176d5629a895538c39
384e6c915722,APTOS-P0778,APTOS 2019 (Aravind Eye Hospital),train_images/384e6c915722.png,0,Grade 0: No Apparent DR,train,06b3e66f0073bf4a979d315986ade135904806d7c81b0fc7deee5c221ec8f444
2fefb720869a,APTOS-P0670,APTOS 2019 (Aravind Eye Hospital),train_images/2fefb720869a.png,0,Grade 0: No Apparent DR,train,7df6ffcfe8a37c9f19a2713ac2917e80831f89bbbe889a16a03fba3c41ee58be
07a2b8cabf6b,APTOS-P0100,APTOS 2019 (Aravind Eye Hospital),train_images/07a2b8cabf6b.png,0,Grade 0: No Apparent DR,train,e3b86ad81d1d4b0dbb6cf823c6dcad8f69518e3d06962b49e7bcbb78a78896ae
5712e2aa73a2,APTOS-P1224,APTOS 2019 (Aravind Eye Hospital),train_images/5712e2aa73a2.png,1,Grade 1: Mild NPDR,train,932ce7b1346dd17fc93271e7078834a8d2b9d100a93efb635795669caa735f69
6363b360aefb,APTOS-P1391,APTOS 2019 (Aravind Eye Hospital),train_images/6363b360aefb.png,2,Grade 2: Moderate NPDR,train,832a1b3fc73a7cb5811b7a40267db2faaf5059c2508d0b97a2594fb5cde1dc7b
54038e56131d,APTOS-P1193,APTOS 2019 (Aravind Eye Hospital),train_images/54038e56131d.png,0,Grade 0: No Apparent DR,train,d109527e88c811f058ebdf9e8995cce53e670e7c4bd1d12ce3350595fce0861c
4409965eb2a4,APTOS-P0929,APTOS 2019 (Aravind Eye Hospital),train_images/4409965eb2a4.png,0,Grade 0: No Apparent DR,val,59d2524a862010ae4bb7a7000e192f796371d56a408f86f9297179f796668db1
61ac9b0dc6b9,APTOS-P1367,APTOS 2019 (Aravind Eye Hospital),train_images/61ac9b0dc6b9.png,2,Grade 2: Moderate NPDR,train,0f811512b4e6f2b48fa9cb901f0541f867e1e65a0ef6f691902798a69445adf9
8a3eb86ae4bd,APTOS-P1916,APTOS 2019 (Aravind Eye Hospital),train_images/8a3eb86ae4bd.png,0,Grade 0: No Apparent DR,train,a7b1a7a8c4e394f549045f9102067fc4035302f4c6e7588bece3da80a6bf8ee1
f9d8ff3e6592,APTOS-P3437,APTOS 2019 (Aravind Eye Hospital),train_images/f9d8ff3e6592.png,0,Grade 0: No Apparent DR,train,fcd91e77273a38c54a4163c8e618f347e98a83bf504cbf6202ac61a6d264a70b
971bb98ab935,APTOS-P2085,APTOS 2019 (Aravind Eye Hospital),train_images/971bb98ab935.png,0,Grade 0: No Apparent DR,train,beafe0245a447387393962440548b740b85cc7d59328af7483b4136ffbb86aa3
54bbe3da103e,APTOS-P1204,APTOS 2019 (Aravind Eye Hospital),train_images/54bbe3da103e.png,2,Grade 2: Moderate NPDR,test,3954e92fa41de02de13bee917b276d10f064e9f41083318eba6629cc42ac9f9a
75a4343b12f9,APTOS-P1629,APTOS 2019 (Aravind Eye Hospital),train_images/75a4343b12f9.png,0,Grade 0: No Apparent DR,val,1f28f5d5cff38dc65c87c01020eb6eaff88fd1ad4fc616d957d486cf3d39596f
435414ccccf7,APTOS-P0913,APTOS 2019 (Aravind Eye Hospital),train_images/435414ccccf7.png,0,Grade 0: No Apparent DR,test,26dff48879766f89f0e2df8e905819524f5930447e2597c29659cf96b28c137c
acc9f29538c4,APTOS-P2412,APTOS 2019 (Aravind Eye Hospital),train_images/acc9f29538c4.png,2,Grade 2: Moderate NPDR,train,dc0e264061ad9d8f163cb72151a1aebf4f2014193b6d212c6d4a650df8a2ef9e
08037e4490e5,APTOS-P0105,APTOS 2019 (Aravind Eye Hospital),train_images/08037e4490e5.png,0,Grade 0: No Apparent DR,train,768c7f4f57720d2ddb066133b08ae0f9e3afd0082f0871ecff34782f84847985
32a3eb37ff40,APTOS-P0700,APTOS 2019 (Aravind Eye Hospital),train_images/32a3eb37ff40.png,2,Grade 2: Moderate NPDR,train,750bd6fd5ddf7714333115db5fc25f5e50797ee0985034cf795af2c1ea05626f
e1ab92228e60,APTOS-P3123,APTOS 2019 (Aravind Eye Hospital),train_images/e1ab92228e60.png,0,Grade 0: No Apparent DR,train,d70bad367dbc452f826bffb6caab99959df9d95c274bdbd964a27f5e5d951abc
a1eb88562239,APTOS-P2245,APTOS 2019 (Aravind Eye Hospital),train_images/a1eb88562239.png,0,Grade 0: No Apparent DR,test,40fb476e997d252caf6e1cf1d01a38e8461a8db3c0a977f6a63fe68f42109784
75a7bc945b7d,APTOS-P1630,APTOS 2019 (Aravind Eye Hospital),train_images/75a7bc945b7d.png,2,Grade 2: Moderate NPDR,train,860e056ee0082ddfbef9e09fdfeeaaa0e23e3762edc14982f56f2da28c84af5d
6fb656d506b2,APTOS-P1560,APTOS 2019 (Aravind Eye Hospital),train_images/6fb656d506b2.png,3,Grade 3: Severe NPDR,train,61004888f2240cf7140dc68a88a86eedfa215371fdb716a16a3a9c341227a340
ee36ca728641,APTOS-P3291,APTOS 2019 (Aravind Eye Hospital),train_images/ee36ca728641.png,0,Grade 0: No Apparent DR,train,1b68a0ee32bc82a49e7c8db89429dd4baebcc34ef23bd9eeeccff4f6857b7e87
a14bbd9a583e,APTOS-P2233,APTOS 2019 (Aravind Eye Hospital),train_images/a14bbd9a583e.png,3,Grade 3: Severe NPDR,test,49ee31bff6a57ab50a5eaac35748efb402ee0b10fae37a637f0d7e2a3ff472aa
9c514d2d5b3f,APTOS-P2164,APTOS 2019 (Aravind Eye Hospital),train_images/9c514d2d5b3f.png,0,Grade 0: No Apparent DR,train,b241075bac7e0df2493ebfc4d702713df392f61386d96432c0af084b71faa002
ec6659926105,APTOS-P3272,APTOS 2019 (Aravind Eye Hospital),train_images/ec6659926105.png,0,Grade 0: No Apparent DR,train,b72caa55f0fb587fd5233d79c23b0c1729227f1a557bbc384e64b881eed600f9
4036471a1bb7,APTOS-P0875,APTOS 2019 (Aravind Eye Hospital),train_images/4036471a1bb7.png,0,Grade 0: No Apparent DR,val,ceb5c695d716674b34490393f428cb2a1b6f38f93839927e15807de99867a341
737ef6226677,APTOS-P1603,APTOS 2019 (Aravind Eye Hospital),train_images/737ef6226677.png,0,Grade 0: No Apparent DR,train,35d686b7ea9a706b2b6066c57464d379dcf985a698cbc87f734a73289a0e21f1
462937ece243,APTOS-P0964,APTOS 2019 (Aravind Eye Hospital),train_images/462937ece243.png,0,Grade 0: No Apparent DR,train,edb1b943edb9323b8e20c260fb1a998fe82eba223a1c8e6c096811bfcb806b41
29f44aea93a4,APTOS-P0592,APTOS 2019 (Aravind Eye Hospital),train_images/29f44aea93a4.png,2,Grade 2: Moderate NPDR,train,313cf543e41675b9bfac2654ad1aa01e0c0830100d2226281e7b34e9d68a228d
13ab8db8c700,APTOS-P0259,APTOS 2019 (Aravind Eye Hospital),train_images/13ab8db8c700.png,1,Grade 1: Mild NPDR,train,eb368eb50901f804f90417d3d130002db0559d1ad2c0aa76ee81e55e0fcc9739
0ae2dd2e09ea,APTOS-P0149,APTOS 2019 (Aravind Eye Hospital),train_images/0ae2dd2e09ea.png,0,Grade 0: No Apparent DR,train,1b6e9589e14d452e1aebee6b9bf3bd49dfff35db981ffd4de6ccfb107357a0dd
dc3c0d8ee20b,APTOS-P2815,APTOS 2019 (Aravind Eye Hospital),train_images/dc3c0d8ee20b.png,2,Grade 2: Moderate NPDR,train,4d78adb5da8c981695c3913c0c306043bb0838d49b1dd0ea98b40828eb63f8a5
408ea9d5e082,APTOS-P0880,APTOS 2019 (Aravind Eye Hospital),train_images/408ea9d5e082.png,4,Grade 4: Proliferative DR,train,3e27efad19f5b94be20f58fd9fc46d7869534907d3137e84de37647a5cdfdbc1
87b1938994b5,APTOS-P1884,APTOS 2019 (Aravind Eye Hospital),train_images/87b1938994b5.png,2,Grade 2: Moderate NPDR,val,f8c0e2866a053a1c16a63fbcf04d527769ac81b7713053acd955d7ef37084419
f0c0f7b5e820,APTOS-P3332,APTOS 2019 (Aravind Eye Hospital),train_images/f0c0f7b5e820.png,2,Grade 2: Moderate NPDR,train,95fdf8d0525027d5403cac0a5ecab36ae45dd1500212e4c8a20aeb4ac1818aad
ad570b850a4f,APTOS-P2424,APTOS 2019 (Aravind Eye Hospital),train_images/ad570b850a4f.png,2,Grade 2: Moderate NPDR,train,4258c94555d938e877336e36f174df7a0b4f40cd80a7db535204cd4276339dff
6ea07d19b4ce,APTOS-P1550,APTOS 2019 (Aravind Eye Hospital),train_images/6ea07d19b4ce.png,1,Grade 1: Mild NPDR,train,66f5210556d80a9293b723c11bb93a6429175d4eee4ba46178de94237a1c9e9c
a56729de89e9,APTOS-P2293,APTOS 2019 (Aravind Eye Hospital),train_images/a56729de89e9.png,2,Grade 2: Moderate NPDR,test,41ac926997ab0c9d570a03d6c3f3d4ddcd012a5233800cb399b0b122bfd13930
1623e8e3adc4,APTOS-P0297,APTOS 2019 (Aravind Eye Hospital),train_images/1623e8e3adc4.png,3,Grade 3: Severe NPDR,train,2185113157c28a07d13d8a6e1c6cf889064c472b9b88834b0aea96864738655e
d78b7401096f,APTOS-P2981,APTOS 2019 (Aravind Eye Hospital),train_images/d78b7401096f.png,0,Grade 0: No Apparent DR,train,053d9a3e425298dcf188e1d79b779cca7e0128465a5809620a4a9b09f617d200
3f6c627e2ff2,APTOS-P0860,APTOS 2019 (Aravind Eye Hospital),train_images/3f6c627e2ff2.png,0,Grade 0: No Apparent DR,train,f486608a6d51465180126998f54477b683bf2c261b5fce12c0931e1f02a85e12
384db24ebbd7,APTOS-P0777,APTOS 2019 (Aravind Eye Hospital),train_images/384db24ebbd7.png,0,Grade 0: No Apparent DR,train,66c40b833ebec6ae0bf9e7b33c0a6875287bfbc5512c0d12c8d5ec157781a7fa
d838d5b9f571,APTOS-P2991,APTOS 2019 (Aravind Eye Hospital),train_images/d838d5b9f571.png,0,Grade 0: No Apparent DR,test,156a1da3577549fc8e4f4bc0cfb9a01b58b2522502266447c2426b5160098160
bf18ff30a8f6,APTOS-P2673,APTOS 2019 (Aravind Eye Hospital),train_images/bf18ff30a8f6.png,1,Grade 1: Mild NPDR,train,d80e96a89810c490a4171202af7c38ece904b87c0542e49b5b9460ebdf91608b
9f1efb799b7b,APTOS-P2195,APTOS 2019 (Aravind Eye Hospital),train_images/9f1efb799b7b.png,2,Grade 2: Moderate NPDR,train,9e54d78d792468be897320e7f54f7ec0fd4298adc9b80325146525a95733ba1a
6180920bc224,APTOS-P1363,APTOS 2019 (Aravind Eye Hospital),train_images/6180920bc224.png,0,Grade 0: No Apparent DR,test,c3dc8837c764e66a854ffb78f7d7c1c0b11fd9fc52c314e3f11c287583c70c5c
460893cd86e3,APTOS-P0962,APTOS 2019 (Aravind Eye Hospital),train_images/460893cd86e3.png,2,Grade 2: Moderate NPDR,train,c3a5e6f2967495c6ba59760f22c770beb0eddad5ddf3aa2642d68c6d00958556
2fdffb6160a6,APTOS-P0668,APTOS 2019 (Aravind Eye Hospital),train_images/2fdffb6160a6.png,2,Grade 2: Moderate NPDR,test,e8670c021db86895bb9b41870cc8dd942a986fba8cfde86b662e08d5e5942d82
f4874247ede6,APTOS-P3369,APTOS 2019 (Aravind Eye Hospital),train_images/f4874247ede6.png,0,Grade 0: No Apparent DR,train,eb6686e3bedd62b27e6bacdd29fadf8e477b96cc1109bd8b1b4c78edb26d984f
ea9e0fb6fb0b,APTOS-P0499,APTOS 2019 (Aravind Eye Hospital),train_images/ea9e0fb6fb0b.png,2,Grade 2: Moderate NPDR,train,abc3092aeb5f7664a9194f9e60a507e3c52f30c791000436536ac4d239a88f2d
5a93c0f783c4,APTOS-P1278,APTOS 2019 (Aravind Eye Hospital),train_images/5a93c0f783c4.png,0,Grade 0: No Apparent DR,test,ba65e3a4c6200c974d6ca7b02d443c1e3d40e6facad1ea07032390b3a63d9b04
4b618537d52f,APTOS-P1037,APTOS 2019 (Aravind Eye Hospital),train_images/4b618537d52f.png,3,Grade 3: Severe NPDR,train,9a2d425cca54bb59f84544f8b3330b586a156c8084ecfd34652dff513fcb2e80
ed246ae1ed08,APTOS-P3276,APTOS 2019 (Aravind Eye Hospital),train_images/ed246ae1ed08.png,4,Grade 4: Proliferative DR,train,f74211031bc5de7f328811b5a38f4b6a2b95546e343eea08745a7073e98ab7db
3dfc50108072,APTOS-P0846,APTOS 2019 (Aravind Eye Hospital),train_images/3dfc50108072.png,2,Grade 2: Moderate NPDR,train,073f0d4f3aa5b7dc0217c455fc253280c09c51b53979c322ecbb908a68ff6092
093cf723fede,APTOS-P0122,APTOS 2019 (Aravind Eye Hospital),train_images/093cf723fede.png,0,Grade 0: No Apparent DR,train,d31557a926f7c0db17431b630914d2e88745a319dae97f406bbe225cb56f90fa
a34fc5376669,APTOS-P2266,APTOS 2019 (Aravind Eye Hospital),train_images/a34fc5376669.png,0,Grade 0: No Apparent DR,test,095b368faa5a656297b2a5467a4b6c92e4673b56c7e431f224a71a3a2d7f02d4
b4b04d81acbb,APTOS-P2521,APTOS 2019 (Aravind Eye Hospital),train_images/b4b04d81acbb.png,0,Grade 0: No Apparent DR,train,8ac3c0ceb0bd027bca9d94d8468098104279bc7fcc703bc06d3f6138cfdd05f2
465c618f7b23,APTOS-P0965,APTOS 2019 (Aravind Eye Hospital),train_images/465c618f7b23.png,2,Grade 2: Moderate NPDR,val,10cf422d77ec5e053cc79501563f35b2a742b9543249008a283b95fe6bcc2b40
07e827469099,APTOS-P0103,APTOS 2019 (Aravind Eye Hospital),train_images/07e827469099.png,0,Grade 0: No Apparent DR,test,eebcd1f41e1d4c222c1ed08b5477b34c996ed8b70e37d8596078c0df79812b57
709784f7fcc2,APTOS-P1567,APTOS 2019 (Aravind Eye Hospital),train_images/709784f7fcc2.png,2,Grade 2: Moderate NPDR,train,f3f876bc4657cf20180cbf99a7472946b2c6b4f51ed81db422a62e47f3b912c8
c73c5f6ef664,APTOS-P2777,APTOS 2019 (Aravind Eye Hospital),train_images/c73c5f6ef664.png,2,Grade 2: Moderate NPDR,train,ea012f4aa159a642fc204b00bb829da115fddfe9a5a9dba7ab81016146fef72c
cd3fd04d72f5,APTOS-P2854,APTOS 2019 (Aravind Eye Hospital),train_images/cd3fd04d72f5.png,2,Grade 2: Moderate NPDR,val,2dc327291ea10fed21f2eba23e4b1d64e7b75aade89c34dcc212bb3852b64e1e
0232dfea7547,APTOS-P0031,APTOS 2019 (Aravind Eye Hospital),train_images/0232dfea7547.png,0,Grade 0: No Apparent DR,test,a8ca3e46f8fb8e352d67552192db0e3c14c6730a623c76360205a3096346ecc3
a4012932e18d,APTOS-P2004,APTOS 2019 (Aravind Eye Hospital),train_images/a4012932e18d.png,0,Grade 0: No Apparent DR,train,fb9d1fcb1e893741e50cadc762ff7e515513cf84e58c48b4e50786ba4572c839
6daef3e5ca22,APTOS-P1532,APTOS 2019 (Aravind Eye Hospital),train_images/6daef3e5ca22.png,4,Grade 4: Proliferative DR,train,ff7d168db6be2bdbac5460424dc7f9c920a6b18138bb1dfa8a194ff0b6b753c0
98441214557f,APTOS-P2104,APTOS 2019 (Aravind Eye Hospital),train_images/98441214557f.png,0,Grade 0: No Apparent DR,train,db73ee36a47a682f47c4506b22ce95669c496145016fb30151ffa8aa592df4fb
ee02294cc3d9,APTOS-P3288,APTOS 2019 (Aravind Eye Hospital),train_images/ee02294cc3d9.png,2,Grade 2: Moderate NPDR,train,06c0565b964b7f372c84b96589f0a5597b7030c2e82de49c37b72980b36729f3
5a444c32cd9a,APTOS-P1276,APTOS 2019 (Aravind Eye Hospital),train_images/5a444c32cd9a.png,0,Grade 0: No Apparent DR,test,6e571977a541f3753154c3ef6225c67db7c196a46657b04d28ff1d29d9940af0
6fe4751a3b42,APTOS-P1562,APTOS 2019 (Aravind Eye Hospital),train_images/6fe4751a3b42.png,0,Grade 0: No Apparent DR,train,cb5fb71b04d726328e5a4680eaccdffb817b3b417ad0a51602063fa0c4d34319
bd9904495ccd,APTOS-P2648,APTOS 2019 (Aravind Eye Hospital),train_images/bd9904495ccd.png,4,Grade 4: Proliferative DR,train,30327fc569e917050c8fa3b5f88de1109d9560c7617cfeca67700e4b2ae92aba
d3e56584a481,APTOS-P2944,APTOS 2019 (Aravind Eye Hospital),train_images/d3e56584a481.png,0,Grade 0: No Apparent DR,train,ce27fe1aafb97763d664f8e2124ea2f6a4c0538205df33c9772b6e11cc748092
6b07971c3bf6,APTOS-P1486,APTOS 2019 (Aravind Eye Hospital),train_images/6b07971c3bf6.png,1,Grade 1: Mild NPDR,train,bbf0907893cd6ae9762fdbb537fa81d73a200ee4d26c46bfca303ed8b55b7d89
5ed6dc419e4d,APTOS-P1339,APTOS 2019 (Aravind Eye Hospital),train_images/5ed6dc419e4d.png,2,Grade 2: Moderate NPDR,train,87d79fd64f2dfd9b2a3b1030f8a4de91ce8723c00c66bb6799baa221773268c9
ace287a5c991,APTOS-P2414,APTOS 2019 (Aravind Eye Hospital),train_images/ace287a5c991.png,0,Grade 0: No Apparent DR,train,124c0645b9e2079bc028b8c581a79eb476d5ad486645cc0750e796bfa8e1f43e
b4f41b5bf0ef,APTOS-P2523,APTOS 2019 (Aravind Eye Hospital),train_images/b4f41b5bf0ef.png,1,Grade 1: Mild NPDR,train,c166ab31c0980a0a97688e648d6f3c5db8be3970b42fe4983709abf85180cae5
fbfa925506f6,APTOS-P3459,APTOS 2019 (Aravind Eye Hospital),train_images/fbfa925506f6.png,0,Grade 0: No Apparent DR,train,f9d079c42b4ae93f24d8417f755e710e0fa18be0ad5bb8e8411772a454501238
bd269a1f0e4d,APTOS-P2645,APTOS 2019 (Aravind Eye Hospital),train_images/bd269a1f0e4d.png,1,Grade 1: Mild NPDR,train,e382d1e9fb2018ec9f655b23155f12ed8a6c2b36096b158dcbf91d2210b28104
8785b71238d8,APTOS-P1880,APTOS 2019 (Aravind Eye Hospital),train_images/8785b71238d8.png,4,Grade 4: Proliferative DR,test,4d50fb818ccceb93cc29e91a5a3a98375203dbe8be1e1ae24e32696c19762b7c
0c55d58bebaf,APTOS-P0163,APTOS 2019 (Aravind Eye Hospital),train_images/0c55d58bebaf.png,2,Grade 2: Moderate NPDR,train,7c81639b1e48cfd93226caf23844d90604848d705f342d98effd0f3a1cae7da0
0e0003ddd8df,APTOS-P0192,APTOS 2019 (Aravind Eye Hospital),train_images/0e0003ddd8df.png,0,Grade 0: No Apparent DR,test,1ad127264e18ae0fbaadcd228044d792ddc5657f1ace082bd8cfcb41c047e671
d85d052900b4,APTOS-P2998,APTOS 2019 (Aravind Eye Hospital),train_images/d85d052900b4.png,1,Grade 1: Mild NPDR,train,ac6c43ed40749c8264f635b2ff033033d778818fee020be92614a0581c44decb
9c893e16c055,APTOS-P2168,APTOS 2019 (Aravind Eye Hospital),train_images/9c893e16c055.png,0,Grade 0: No Apparent DR,train,f82b614d497fa224b330dcfa2561fcc7dc79e1773f5252b328ab4e425c6193eb
ae94ce412de9,APTOS-P2442,APTOS 2019 (Aravind Eye Hospital),train_images/ae94ce412de9.png,0,Grade 0: No Apparent DR,train,34c5148e8abd31c3d31856492c81f26ec817bb87ebf55abdfc25e778b5349342
070d4ce5fd90,APTOS-P0087,APTOS 2019 (Aravind Eye Hospital),train_images/070d4ce5fd90.png,0,Grade 0: No Apparent DR,train,1aa035dcdf4ab6c1424207c5dfc1742736ebb2af5ed99a5416bbe23347abd17f
731b19a460ad,APTOS-P1596,APTOS 2019 (Aravind Eye Hospital),train_images/731b19a460ad.png,2,Grade 2: Moderate NPDR,train,65383cd63cda8e3121151b83f4924d52e4d4c7a86935fe8f47263b7ddfda9f86
946545473380,APTOS-P2057,APTOS 2019 (Aravind Eye Hospital),train_images/946545473380.png,0,Grade 0: No Apparent DR,train,c3fdf99bc09e0119a72695f0d9e8af14cc1164f91f1e0531d33dc62d55f4e0ba
77e15f213b04,APTOS-P1660,APTOS 2019 (Aravind Eye Hospital),train_images/77e15f213b04.png,0,Grade 0: No Apparent DR,train,9230cad5e4c67f00ff1038665be588e102efbb3ba6e98891dd79ecd32494f1a1
0e3572b5884a,APTOS-P0194,APTOS 2019 (Aravind Eye Hospital),train_images/0e3572b5884a.png,0,Grade 0: No Apparent DR,train,5bab772d411bc52af23a58b1fb310d2c995bca71685ce2a28aefebc7bb887d04
a86128b601a7,APTOS-P2335,APTOS 2019 (Aravind Eye Hospital),train_images/a86128b601a7.png,0,Grade 0: No Apparent DR,val,e63a75240466743a34c50bcb54c102f267c680ab7b096dd066c6a35aad0858ce
c9485c38fdd5,APTOS-P2796,APTOS 2019 (Aravind Eye Hospital),train_images/c9485c38fdd5.png,1,Grade 1: Mild NPDR,train,e6ad4302a171723938445c48430fb8630e527e2bdb8d81480fc8b487a79a8d6a
b460ca9fa26f,APTOS-P2516,APTOS 2019 (Aravind Eye Hospital),train_images/b460ca9fa26f.png,0,Grade 0: No Apparent DR,train,f5a08b039a00177e254b9095b88d9a7f3395d93c14200edc886b296c6c121669
02cd34a85b24,APTOS-P0037,APTOS 2019 (Aravind Eye Hospital),train_images/02cd34a85b24.png,0,Grade 0: No Apparent DR,val,e316bd58ce96d3d66285825d01edebd6ad6b950f76dbd52f535a9c5785ed7171
08c60c647673,APTOS-P0116,APTOS 2019 (Aravind Eye Hospital),train_images/08c60c647673.png,0,Grade 0: No Apparent DR,val,0773c6aa7299ba1336100372ae17fbfc47330de2802cc04b230e280e3cdff897
4826d10030b3,APTOS-P0986,APTOS 2019 (Aravind Eye Hospital),train_images/4826d10030b3.png,0,Grade 0: No Apparent DR,train,1c32d4df3c676e0381ab893697a1bb61816a6bbc34e20013cec35e6e69eef52f
7bc2e0fa3f72,APTOS-P1715,APTOS 2019 (Aravind Eye Hospital),train_images/7bc2e0fa3f72.png,2,Grade 2: Moderate NPDR,test,e0d1148d80b777d25fc33c3390ce928be903ed602b484ee34edcd6970b8d5dba
b187b3c93afb,APTOS-P2186,APTOS 2019 (Aravind Eye Hospital),train_images/b187b3c93afb.png,2,Grade 2: Moderate NPDR,val,a495f5fa46b869abc23d2f91223e64a64005f11fbf64f1df74ea18976d814cfc
cad5b1a82e60,APTOS-P2819,APTOS 2019 (Aravind Eye Hospital),train_images/cad5b1a82e60.png,0,Grade 0: No Apparent DR,test,7993d201271e974261491112f08aab17759d887e4473a4c0e0c88e3d8b33c556
698d6e422a80,APTOS-P1473,APTOS 2019 (Aravind Eye Hospital),train_images/698d6e422a80.png,2,Grade 2: Moderate NPDR,test,f94aec00d90dad3963f775f2f4a38f712679128f95a940ff9354d110d032f064
45c39ab9e797,APTOS-P0960,APTOS 2019 (Aravind Eye Hospital),train_images/45c39ab9e797.png,2,Grade 2: Moderate NPDR,train,bd7854fd4be6958cd2a3bd60f886c9605d5a4845f5839fa5ab94ca7a8c7483e7
ca7140ecf389,APTOS-P2812,APTOS 2019 (Aravind Eye Hospital),train_images/ca7140ecf389.png,1,Grade 1: Mild NPDR,train,bb05c23d0cc9a162f99fd7ed3ab47932f5759ad2b0946061b8be46a1f9ad6dcd
fa748b57262b,APTOS-P3444,APTOS 2019 (Aravind Eye Hospital),train_images/fa748b57262b.png,2,Grade 2: Moderate NPDR,train,d2577b282313ab3500553fad9ce5665f1dd324e24df49cb1017f028f564ff244
99ecdb41d5e7,APTOS-P2129,APTOS 2019 (Aravind Eye Hospital),train_images/99ecdb41d5e7.png,1,Grade 1: Mild NPDR,train,11b838a919e037cbbb02f43ae060bf7d4099c4cdb2bb044acc50721191e1e047
453d553b0a94,APTOS-P0953,APTOS 2019 (Aravind Eye Hospital),train_images/453d553b0a94.png,2,Grade 2: Moderate NPDR,train,0fe456f7382c58cab6ef2f6e3a6afe14fe717650e18a2c292b8d1fdd5abecc76
9a7bd084395e,APTOS-P2140,APTOS 2019 (Aravind Eye Hospital),train_images/9a7bd084395e.png,2,Grade 2: Moderate NPDR,train,cf47f7122b2a59b1f3536f4520b0afe9f3d44c47525ca75d50cfe49942d21ca7
1dfe599d12a9,APTOS-P0422,APTOS 2019 (Aravind Eye Hospital),train_images/1dfe599d12a9.png,0,Grade 0: No Apparent DR,test,8b575d56b1a5ffcb9e125fedc681ff493977b162dba1989bc695abe1328a04fc
8fbb2ca39911,APTOS-P1991,APTOS 2019 (Aravind Eye Hospital),train_images/8fbb2ca39911.png,0,Grade 0: No Apparent DR,train,06ae93a2b8ae8959d147a507a4e0497c52f54d050e0a1df9c628a284dcea3650
4ab8c0cece7f,APTOS-P1029,APTOS 2019 (Aravind Eye Hospital),train_images/4ab8c0cece7f.png,0,Grade 0: No Apparent DR,train,d1792d0c175607cab76ef57db9a99bb835788e873ba45ac5b391ef5ebdc3550b
0a9ec1e99ce4,APTOS-P0144,APTOS 2019 (Aravind Eye Hospital),train_images/0a9ec1e99ce4.png,2,Grade 2: Moderate NPDR,train,0b7c1cfad9953c68b39f002aa69dba7af2f24d55779a5d79d689ae5ab09cd6e5
8bad12d70368,APTOS-P1939,APTOS 2019 (Aravind Eye Hospital),train_images/8bad12d70368.png,4,Grade 4: Proliferative DR,train,f5204c27659adecd9e08afa236ea30db2ac04a6ea1c23079662c91088ecd18a3
b96b518596b3,APTOS-P2598,APTOS 2019 (Aravind Eye Hospital),train_images/b96b518596b3.png,4,Grade 4: Proliferative DR,test,fd34e45cc865b417097fa23a2a1ecc1a2a0652fc835f4e3336eff5df2b528b16
6181aa9f75f4,APTOS-P1364,APTOS 2019 (Aravind Eye Hospital),train_images/6181aa9f75f4.png,3,Grade 3: Severe NPDR,val,bb424dd81ec6d1441fcd248fc1183d54cc6321a2e08008778d406ed7735497b6
4e43d05cc2ef,APTOS-P1088,APTOS 2019 (Aravind Eye Hospital),train_images/4e43d05cc2ef.png,2,Grade 2: Moderate NPDR,train,0e3e74725094093857a3564a64825d5f178391728b6f88999de4957e3d4fd0e4
cd01f4f83336,APTOS-P2850,APTOS 2019 (Aravind Eye Hospital),train_images/cd01f4f83336.png,0,Grade 0: No Apparent DR,train,25d51b6833b1d3fd529a547efda17c0940786d5a77708f3a5b67c5fbdbd4ba98
0e75d51152fc,APTOS-P0196,APTOS 2019 (Aravind Eye Hospital),train_images/0e75d51152fc.png,2,Grade 2: Moderate NPDR,train,f1f3d67a5175bbdb7406fb22c05d965e709743585aa122d0db3baa4b957b0265
05113073b268,APTOS-P0065,APTOS 2019 (Aravind Eye Hospital),train_images/05113073b268.png,0,Grade 0: No Apparent DR,train,aafdac81437ddc3f59a6a9b3aae81f49e138c92aebafd1be95bf3e2b151bd95b
7d94a000c2d0,APTOS-P1740,APTOS 2019 (Aravind Eye Hospital),train_images/7d94a000c2d0.png,0,Grade 0: No Apparent DR,train,bfa10c0f80f1647c39da1a90881ffff8f4be58127f991a1e8f06e8cee2aa4cd6
94b1d8ad35ec,APTOS-P1073,APTOS 2019 (Aravind Eye Hospital),train_images/94b1d8ad35ec.png,1,Grade 1: Mild NPDR,train,e138de2d10cd180a0f8be35260378b6f70b5ba24768cb2810a8a02a264174b7e
49a4765f8822,APTOS-P1009,APTOS 2019 (Aravind Eye Hospital),train_images/49a4765f8822.png,2,Grade 2: Moderate NPDR,train,a0cd56650652b7727a0c30131006068ce4ced951690f71b2cfada8805aaad629
c9d42d7534e0,APTOS-P2802,APTOS 2019 (Aravind Eye Hospital),train_images/c9d42d7534e0.png,2,Grade 2: Moderate NPDR,val,d1cb3bc7721d4a108490501d1260e248dee631eed85475ba2a0409dfd8994054
5dd2e26fc244,APTOS-P1325,APTOS 2019 (Aravind Eye Hospital),train_images/5dd2e26fc244.png,4,Grade 4: Proliferative DR,val,4474a1219b9f584e9cc97d7500397f17a872592869adbdfeeeac710f795a01fe
3128eb593012,APTOS-P0682,APTOS 2019 (Aravind Eye Hospital),train_images/3128eb593012.png,2,Grade 2: Moderate NPDR,train,8fa7af2bf53ab2e37d3d5e1d15f814abf7db26ffd26e33f1e09f3ef6fe5e787b
e907d23cce3d,APTOS-P3225,APTOS 2019 (Aravind Eye Hospital),train_images/e907d23cce3d.png,0,Grade 0: No Apparent DR,val,51835e3fd9fcc17a9426a45ea4bb61c140926dc53f9c6d152d3e84d3313fcbd2
1c5ad36fb799,APTOS-P0386,APTOS 2019 (Aravind Eye Hospital),train_images/1c5ad36fb799.png,2,Grade 2: Moderate NPDR,train,d3fcd6da1598e3d9a04d408b3cfebc57d20e5a6c90646a6313c063c8bc7f0eec
eb1ad14dd281,APTOS-P3259,APTOS 2019 (Aravind Eye Hospital),train_images/eb1ad14dd281.png,2,Grade 2: Moderate NPDR,test,0206d636e9dd2aff8b3510319240eec54913b97a7fe4d1dd8c1ce3dc0bc35fc4
033f2b43de6d,APTOS-P0043,APTOS 2019 (Aravind Eye Hospital),train_images/033f2b43de6d.png,2,Grade 2: Moderate NPDR,train,ed4f36060724490c0cef6de4bf0fcbf59d27c59d3515e6124542908661187e39
573ea80a53be,APTOS-P1228,APTOS 2019 (Aravind Eye Hospital),train_images/573ea80a53be.png,0,Grade 0: No Apparent DR,train,6fe7fd51d8acceaba4403a4f39d57b6325b18dd5a2192a5d27aea74412dcf221
e7fc93ac5b6d,APTOS-P3213,APTOS 2019 (Aravind Eye Hospital),train_images/e7fc93ac5b6d.png,2,Grade 2: Moderate NPDR,train,5311fd579c6379907e7467bfbc6e44c2f4faebc1b4f1146761f794adbbda483c
910bfd38e2f5,APTOS-P2013,APTOS 2019 (Aravind Eye Hospital),train_images/910bfd38e2f5.png,3,Grade 3: Severe NPDR,test,54b7c5be9a59f257da7ea01aa5ee2f9a0e40e226d1cf983ba45d8fbb4ce712c3
a3957df90a78,APTOS-P2271,APTOS 2019 (Aravind Eye Hospital),train_images/a3957df90a78.png,2,Grade 2: Moderate NPDR,test,39bd231a808582e70f89ca6d9c9ebef53606f9156c4eefb13fae4776d1da3d9b
e65a2ff90494,APTOS-P3191,APTOS 2019 (Aravind Eye Hospital),train_images/e65a2ff90494.png,2,Grade 2: Moderate NPDR,train,c91ac99a4ab362d833354d38cbd2a4a6b9e20e43298fa183f828b760b050bbe0
03b373718013,APTOS-P0049,APTOS 2019 (Aravind Eye Hospital),train_images/03b373718013.png,0,Grade 0: No Apparent DR,val,394581ffba5e6dfa5ddf74d2f995e8d648e8349d19a020f2abd96334ae7df791
7d0a871c45db,APTOS-P1730,APTOS 2019 (Aravind Eye Hospital),train_images/7d0a871c45db.png,0,Grade 0: No Apparent DR,train,a1165d0351c443565eb0aa16162890ef954bbf0dc11202871257db40941befbb
5b994ff78547,APTOS-P1295,APTOS 2019 (Aravind Eye Hospital),train_images/5b994ff78547.png,0,Grade 0: No Apparent DR,train,e9b64b8a0a725ff9b078ae4e17e8e8844f4792736b668d3e1c0ad9f600433b64
c57c164bca05,APTOS-P2747,APTOS 2019 (Aravind Eye Hospital),train_images/c57c164bca05.png,0,Grade 0: No Apparent DR,train,9d63727f303a9ed99bc493c461f3a3008bbffd47ef133dfa27d25dba90fb57b7
39fd8ef3a45c,APTOS-P0795,APTOS 2019 (Aravind Eye Hospital),train_images/39fd8ef3a45c.png,0,Grade 0: No Apparent DR,train,91e16b886aa1d6891e10b7fdb74e57167754798fddf99521e319fe86502db42c
855f0a5442b6,APTOS-P1848,APTOS 2019 (Aravind Eye Hospital),train_images/855f0a5442b6.png,2,Grade 2: Moderate NPDR,test,31a3680ea13a5c05a8e9428ab9868103b9be4fc3511982f27aadfc5279471263
1c578b72d7b3,APTOS-P0385,APTOS 2019 (Aravind Eye Hospital),train_images/1c578b72d7b3.png,2,Grade 2: Moderate NPDR,val,a29625fa053cb26fb11ef7592c9a89068fac5969073fa3b72a8f16da47a787bf
b033ab4fb723,APTOS-P2467,APTOS 2019 (Aravind Eye Hospital),train_images/b033ab4fb723.png,2,Grade 2: Moderate NPDR,test,6b3f1bb15aebc8da379d5dc1fbdfe328b96aec7f373745a4d7f411cbb1579ec1
26999ebc21de,APTOS-P0539,APTOS 2019 (Aravind Eye Hospital),train_images/26999ebc21de.png,2,Grade 2: Moderate NPDR,train,4780f2f64db63c85d345a11278f74476610f391215e15b36b4d95cd07821d55f
d141728fa392,APTOS-P2896,APTOS 2019 (Aravind Eye Hospital),train_images/d141728fa392.png,2,Grade 2: Moderate NPDR,train,87b2edff4d3d0047dc6d0d9dc2939994ebb3ab53f23a7ec2dba9af1cd45458b0
a476fd984005,APTOS-P2282,APTOS 2019 (Aravind Eye Hospital),train_images/a476fd984005.png,2,Grade 2: Moderate NPDR,train,bf921868869b42bfc53381741e0c7e682e2faf9e1eed82407393e75b6e85931c
17eff993386f,APTOS-P0317,APTOS 2019 (Aravind Eye Hospital),train_images/17eff993386f.png,1,Grade 1: Mild NPDR,train,3967f9737ec175891cb7143a8992ee54faf069d9462be12c805af372efbd8288
ae975c43bd8b,APTOS-P2443,APTOS 2019 (Aravind Eye Hospital),train_images/ae975c43bd8b.png,0,Grade 0: No Apparent DR,train,0d98a273f032aa8b090f531c34f21b8edb69024d6dc5c1c942ae0eee11460474
20688cb25704,APTOS-P0458,APTOS 2019 (Aravind Eye Hospital),train_images/20688cb25704.png,2,Grade 2: Moderate NPDR,val,1b49b21b8b2a10d9dc0ee66c9cb07b12626ac77623105b9ce9751389c54657ed
dbb2c63f6f08,APTOS-P3050,APTOS 2019 (Aravind Eye Hospital),train_images/dbb2c63f6f08.png,3,Grade 3: Severe NPDR,test,5409c756bfb3cb99f5f1a7795d1c0946ec0f5fd6ac418cfd0d98bf0817a0e46c
3dec415b188a,APTOS-P0845,APTOS 2019 (Aravind Eye Hospital),train_images/3dec415b188a.png,0,Grade 0: No Apparent DR,train,cfbe87023d2527e91dc932963ff8b180fe2cf98e2beafa34caa9321c4dd4b624
0f882877bf13,APTOS-P0208,APTOS 2019 (Aravind Eye Hospital),train_images/0f882877bf13.png,3,Grade 3: Severe NPDR,train,661bcd540aba186af91650025fb813939519a4f58d4aa90da98353c898bd6e19
f8372e80f731,APTOS-P3419,APTOS 2019 (Aravind Eye Hospital),train_images/f8372e80f731.png,2,Grade 2: Moderate NPDR,train,fbe9581b973ee5345e7bd63091e6e35a490ec1d13befe5ef6452cacaf6bab047
ea4dcb055139,APTOS-P3243,APTOS 2019 (Aravind Eye Hospital),train_images/ea4dcb055139.png,2,Grade 2: Moderate NPDR,val,b813115f737b6b39b3317618f6ca2e2a471e9af8e0e85791a736fd4908c539da
2f7789c1e046,APTOS-P0660,APTOS 2019 (Aravind Eye Hospital),train_images/2f7789c1e046.png,4,Grade 4: Proliferative DR,val,8edd57465d81be48c361d327684becc94fa230ce737c26afab8d3793b3f87f44
1ae8c165fd53,APTOS-P0366,APTOS 2019 (Aravind Eye Hospital),train_images/1ae8c165fd53.png,2,Grade 2: Moderate NPDR,train,8ffa5227bc775d7b10ffdfa6c3ef18e55700df6a5ae4a8e6d7f08213ecd7d08f
a8c950a99107,APTOS-P2348,APTOS 2019 (Aravind Eye Hospital),train_images/a8c950a99107.png,1,Grade 1: Mild NPDR,train,e40a8bdc7b237492c507a80f2464d72e248be15711709dbb997cd320be840b7d
0ac436400db4,APTOS-P0146,APTOS 2019 (Aravind Eye Hospital),train_images/0ac436400db4.png,2,Grade 2: Moderate NPDR,val,16c262afc916c1e7a03efd3e02287e228ad16e5af7138cbc558f311749378048
475300735b7f,APTOS-P0977,APTOS 2019 (Aravind Eye Hospital),train_images/475300735b7f.png,0,Grade 0: No Apparent DR,train,5ccacba80fb17521d1fbdca3c78dbcaeb0242003abaeece94c40e4e594794edf
1bb0ddfe753a,APTOS-P0375,APTOS 2019 (Aravind Eye Hospital),train_images/1bb0ddfe753a.png,1,Grade 1: Mild NPDR,train,cc3d8b5d345fa91adb22fe9bfba3a491b5d966294e9625d3ece938cbb7dbc59c
15f8d769935c,APTOS-P0293,APTOS 2019 (Aravind Eye Hospital),train_images/15f8d769935c.png,0,Grade 0: No Apparent DR,train,ecb8124f1c1081209d67c23e056d43756cbb29d935fc3eb9c6ec5795db5077b0
1df3e03a8f5f,APTOS-P0420,APTOS 2019 (Aravind Eye Hospital),train_images/1df3e03a8f5f.png,1,Grade 1: Mild NPDR,train,489701622d8c369e3371c3da4b0b1110404b43ba3d936dec1fb888bca6a0066e
e3e490babc0c,APTOS-P3157,APTOS 2019 (Aravind Eye Hospital),train_images/e3e490babc0c.png,2,Grade 2: Moderate NPDR,train,19bed9a8e0af0403e440f70946d2100ad429b96e0f9cd21bc6cc98f9e8ddf22e
5347b4c8e9b3,APTOS-P1185,APTOS 2019 (Aravind Eye Hospital),train_images/5347b4c8e9b3.png,1,Grade 1: Mild NPDR,val,064a256f5adba46c190d0d2ab019f95fbc7524a3f7a0da2a31b204bb05a652ba
c6a2975228af,APTOS-P2768,APTOS 2019 (Aravind Eye Hospital),train_images/c6a2975228af.png,2,Grade 2: Moderate NPDR,train,45123b225089a21f51fe757ba41629a7f9fabe6bb150f6fa16413ba3862fb150
d0926ed2c8e5,APTOS-P2890,APTOS 2019 (Aravind Eye Hospital),train_images/d0926ed2c8e5.png,0,Grade 0: No Apparent DR,test,9c7264206ebb80ab828775a21e9c5fb3ce086616cd076911fe3c334e9b4e7d21
d035c2bd9104,APTOS-P2862,APTOS 2019 (Aravind Eye Hospital),train_images/d035c2bd9104.png,3,Grade 3: Severe NPDR,train,dbded554ec75a0db5286df3e09e0eb40910d0ab8812447c9d004284af007cd61
360832d84ce0,APTOS-P0747,APTOS 2019 (Aravind Eye Hospital),train_images/360832d84ce0.png,0,Grade 0: No Apparent DR,train,c0ac8040cc0cc660e4c3b4677463cd06a06eb0c1a5efee37f8bc4870fa327910
0a74c92e287c,APTOS-P0141,APTOS 2019 (Aravind Eye Hospital),train_images/0a74c92e287c.png,0,Grade 0: No Apparent DR,val,ff64286efca3b0dafffcd6aa93e0a6e81932588e7442417a6518dad2a10c71ab
2131aa3a1e6f,APTOS-P0467,APTOS 2019 (Aravind Eye Hospital),train_images/2131aa3a1e6f.png,2,Grade 2: Moderate NPDR,train,69fbfbce72694296b383f2785e5c1f5a89472b18d19abcdeeefb630ce0664598
498f143c0374,APTOS-P1007,APTOS 2019 (Aravind Eye Hospital),train_images/498f143c0374.png,3,Grade 3: Severe NPDR,train,e27b8f7fe1b3de0a1a3c3a6e97b6339a616391beceba759e7639d0c67180c0f5
4c60b10a3a6a,APTOS-P1052,APTOS 2019 (Aravind Eye Hospital),train_images/4c60b10a3a6a.png,3,Grade 3: Severe NPDR,train,2c5719ba02052616b421458ffdb7ff67300de34cc20c637d5a3a1177cf7fffab
352e4a939242,APTOS-P0730,APTOS 2019 (Aravind Eye Hospital),train_images/352e4a939242.png,3,Grade 3: Severe NPDR,train,436eae9703e43372c64772a9bea93677f639158e5a048cf6d8f320669013cb65
875d2ffcbf47,APTOS-P1876,APTOS 2019 (Aravind Eye Hospital),train_images/875d2ffcbf47.png,0,Grade 0: No Apparent DR,train,7bba24d298956d3447bab849312d5c6f5f70b0b49ca5af3c3de9cb6ca20364b2
6a2c3f4ef329,APTOS-P1481,APTOS 2019 (Aravind Eye Hospital),train_images/6a2c3f4ef329.png,0,Grade 0: No Apparent DR,train,622ebe3775ee0f7d9927f0e7fbc3656d239671b0603191ba0e913bb0e507ff1c
6e018411ba4a,APTOS-P1539,APTOS 2019 (Aravind Eye Hospital),train_images/6e018411ba4a.png,0,Grade 0: No Apparent DR,train,262d7d1be048e21665964fb1b7fd300fb37dc19b6b26ac82045769aeb8d11b0d
c87493ed320c,APTOS-P2789,APTOS 2019 (Aravind Eye Hospital),train_images/c87493ed320c.png,2,Grade 2: Moderate NPDR,val,19a28cf91eb6e7d7c17265c8818d75073ade2fe4c98a0b35e86bf9c14c3c5e42
08ee569d4721,APTOS-P0117,APTOS 2019 (Aravind Eye Hospital),train_images/08ee569d4721.png,0,Grade 0: No Apparent DR,test,306921d15523fc80937fab76d541eccec40b26c14e254ad6016c90e34e7b9eaa
bed8296c8dfe,APTOS-P2671,APTOS 2019 (Aravind Eye Hospital),train_images/bed8296c8dfe.png,0,Grade 0: No Apparent DR,train,db26aff85f30525b78cdd2883906be9b90bc6d25b06fa8a2608f316c752cced3
86d6808f0609,APTOS-P1865,APTOS 2019 (Aravind Eye Hospital),train_images/86d6808f0609.png,3,Grade 3: Severe NPDR,val,f491f8adea11717fd74a40f8f1f443c83f27e5987349b9739bb5b94db9340378
42a850acd2ac,APTOS-P0904,APTOS 2019 (Aravind Eye Hospital),train_images/42a850acd2ac.png,2,Grade 2: Moderate NPDR,train,49718254cc88b00bc9337ef4ea5ca027978fd83fc1e3d4e555f583cc66769ffa
53f6c1c65c04,APTOS-P1192,APTOS 2019 (Aravind Eye Hospital),train_images/53f6c1c65c04.png,1,Grade 1: Mild NPDR,train,96979210aa4c0bbf2ca17439f0a78d7887e8b2578bc277ded866d545779e241b
0db1d8dcf219,APTOS-P0186,APTOS 2019 (Aravind Eye Hospital),train_images/0db1d8dcf219.png,0,Grade 0: No Apparent DR,train,be859716341434350583990aeafceb062ecea02762a6ed6de667b5e14fcffb20
09662e462531,APTOS-P0126,APTOS 2019 (Aravind Eye Hospital),train_images/09662e462531.png,0,Grade 0: No Apparent DR,train,3dfe2e786e4a71334aad0c568df9c10361a34fe876d512b434f89ba333834e97
e540d2e35d15,APTOS-P3176,APTOS 2019 (Aravind Eye Hospital),train_images/e540d2e35d15.png,2,Grade 2: Moderate NPDR,train,4a05edba317d263db0ed33636e6860923ed5b70981c7913248e05edbd84ab236
4beeca5cc859,APTOS-P1043,APTOS 2019 (Aravind Eye Hospital),train_images/4beeca5cc859.png,0,Grade 0: No Apparent DR,test,92ffbfef4f1fd119968314a02a5d81ec8844d1eceacf653a8bf9dafb0ff10f2a
0b64a0a06f9a,APTOS-P0156,APTOS 2019 (Aravind Eye Hospital),train_images/0b64a0a06f9a.png,0,Grade 0: No Apparent DR,val,1042228b93fe86b16015321e78a61ee3616706693b197c9c2bc3aa44a3ec3879
bfe467b7e997,APTOS-P2688,APTOS 2019 (Aravind Eye Hospital),train_images/bfe467b7e997.png,2,Grade 2: Moderate NPDR,val,41e995a27bf1c4ff26c8f80e79d2445aae6fe18c739bad940773d97b5d44eab2
0b8bdec9d869,APTOS-P0157,APTOS 2019 (Aravind Eye Hospital),train_images/0b8bdec9d869.png,0,Grade 0: No Apparent DR,train,29ad988587716f4edad8b6167c9892e65ed94d78707c3b75d2adec9dab673e1d
8660e1864665,APTOS-P1858,APTOS 2019 (Aravind Eye Hospital),train_images/8660e1864665.png,0,Grade 0: No Apparent DR,train,91abdb06bf86dc6985100909830e83968f7f6597d8071bd0b5abec200ad9a441
10bf25731c08,APTOS-P0226,APTOS 2019 (Aravind Eye Hospital),train_images/10bf25731c08.png,0,Grade 0: No Apparent DR,train,c67dd8f12ed0ebeff283722991d7ee75fa2d934f7d60e67a1bbe4dc202b0a192
150fc7127582,APTOS-P0278,APTOS 2019 (Aravind Eye Hospital),train_images/150fc7127582.png,0,Grade 0: No Apparent DR,test,51a0c8bdbd11fef417eb503bffba79bd2e8335877ecc1eb27eb0f0a099fc10ad
2bbcfdc477db,APTOS-P0619,APTOS 2019 (Aravind Eye Hospital),train_images/2bbcfdc477db.png,4,Grade 4: Proliferative DR,train,c034190ab5ada39e9f7569a1fb311fdf25834b5d44310e67c68f683f38d56b57
9ba469af2980,APTOS-P2156,APTOS 2019 (Aravind Eye Hospital),train_images/9ba469af2980.png,0,Grade 0: No Apparent DR,train,70af84b8bbfe1ca9361c0aeb602f8464d21f83a934cf6793b124cd0cadc170f6
d6dbb0820ea5,APTOS-P2973,APTOS 2019 (Aravind Eye Hospital),train_images/d6dbb0820ea5.png,0,Grade 0: No Apparent DR,test,22769d8d7dbed7930b1c5efd586d49dfd394e385f0fb42f2ad5d448322e0ff82
77a9538b8362,APTOS-P0883,APTOS 2019 (Aravind Eye Hospital),train_images/77a9538b8362.png,1,Grade 1: Mild NPDR,train,7f83f49bfa85f189c0642fdafd351a228091485133c1c0a85a62819c5dfda211
19545647508e,APTOS-P0347,APTOS 2019 (Aravind Eye Hospital),train_images/19545647508e.png,0,Grade 0: No Apparent DR,val,a7f1fd235fdcb99a3202b00448dc6197cb2dc83b579e99e92e474e4dc2cbdabb
ae58ccb5905e,APTOS-P2437,APTOS 2019 (Aravind Eye Hospital),train_images/ae58ccb5905e.png,0,Grade 0: No Apparent DR,test,be9db966f051d4a9fe9fbcdffdfb3b7b91e8a39f164e28133c779bb7dd9cbef4
7bc00e58d419,APTOS-P1714,APTOS 2019 (Aravind Eye Hospital),train_images/7bc00e58d419.png,0,Grade 0: No Apparent DR,val,4d942b4c84c47040dd8a18e8d1fd4cd3136db2072a2e581ff96ab4ad38e105e5
3b185ac445d0,APTOS-P0810,APTOS 2019 (Aravind Eye Hospital),train_images/3b185ac445d0.png,4,Grade 4: Proliferative DR,val,04ff7f1a287813dfa344396ebe443630cd40c7a6c16bf7eefa382b721bcdaf8d
61a62b1dcc36,APTOS-P1366,APTOS 2019 (Aravind Eye Hospital),train_images/61a62b1dcc36.png,0,Grade 0: No Apparent DR,val,e9cf50b501b55962e22ceec999a051c1bf7f3bfd8eb04e1db7674e999ab1ce2f
e2856afe62c5,APTOS-P3138,APTOS 2019 (Aravind Eye Hospital),train_images/e2856afe62c5.png,2,Grade 2: Moderate NPDR,test,0b85492a344bf4f1180ac6fdb6fc5fa7daa9799f821e700bd0e5dff9691e7e7a
c5b58cc992af,APTOS-P2755,APTOS 2019 (Aravind Eye Hospital),train_images/c5b58cc992af.png,0,Grade 0: No Apparent DR,train,b893cd7d5f66c5feca0336c1d8cd7a2de6bd756fee64ff33bb7968e2834f97aa
80ca40196225,APTOS-P1784,APTOS 2019 (Aravind Eye Hospital),train_images/80ca40196225.png,3,Grade 3: Severe NPDR,test,3d0ed8aa45472ead093333f8f100272c6c89155e26fe7553182b467696d2ec51
388279491b5d,APTOS-P0780,APTOS 2019 (Aravind Eye Hospital),train_images/388279491b5d.png,0,Grade 0: No Apparent DR,train,4b3453e3286a6eb09dce11d1086253dc502f06a992273c4e3d63e9e4fcce0986
39923b29988a,APTOS-P0791,APTOS 2019 (Aravind Eye Hospital),train_images/39923b29988a.png,2,Grade 2: Moderate NPDR,train,0aacf1d645f1494b0d93ee076c709ff49595f61fb0dc37999e503f1b37106786
7af4d8704032,APTOS-P1704,APTOS 2019 (Aravind Eye Hospital),train_images/7af4d8704032.png,0,Grade 0: No Apparent DR,train,c5aae05820f486befa555980a34f20d106f884277cf95afc29ad19edeb5d0a43
e30a890600e1,APTOS-P3144,APTOS 2019 (Aravind Eye Hospital),train_images/e30a890600e1.png,0,Grade 0: No Apparent DR,train,a17495bea8f1da8e4cc57ffeeac6b1f583d9c2152cb2af6aa1636f847b23da16
c1ebe785503a,APTOS-P2709,APTOS 2019 (Aravind Eye Hospital),train_images/c1ebe785503a.png,1,Grade 1: Mild NPDR,train,51353170af103ebd01ff4489730c1f868b1a0cd6ad6d531a76e177036321c7ba
0161338f53cc,APTOS-P0020,APTOS 2019 (Aravind Eye Hospital),train_images/0161338f53cc.png,2,Grade 2: Moderate NPDR,train,c0f905e4506154a577379c8a03f76097ea680a98ed21766578efbd26d1c49ab8
98d41bce73a8,APTOS-P2109,APTOS 2019 (Aravind Eye Hospital),train_images/98d41bce73a8.png,0,Grade 0: No Apparent DR,val,728f815e429752f464d1e8d528d5e2b22f3c094ba131b8548fbb03d171b73408
a6c9e96a10d7,APTOS-P2311,APTOS 2019 (Aravind Eye Hospital),train_images/a6c9e96a10d7.png,2,Grade 2: Moderate NPDR,train,732768a059a42b9607c13bd949bc414d88d2621acfe8852bb2603a65480c7163
bb9a3d835a94,APTOS-P2630,APTOS 2019 (Aravind Eye Hospital),train_images/bb9a3d835a94.png,1,Grade 1: Mild NPDR,train,7f566d502a8e08b8d3b11b8a7d9e9f962ac34854aa6f6f4bd507b74543004a4a
4cde86044ad1,APTOS-P1061,APTOS 2019 (Aravind Eye Hospital),train_images/4cde86044ad1.png,0,Grade 0: No Apparent DR,val,fda04f44eeaf3061fae1a26d6da8081b7d4da2ed52ff8365fa0a8119b7208b7c
879744b9dc65,APTOS-P1882,APTOS 2019 (Aravind Eye Hospital),train_images/879744b9dc65.png,2,Grade 2: Moderate NPDR,train,6b83e1c52d0c933c69d38b9a40cbee4afd7748f8b4f0dd997895ff0fb0fa4b01
dc0eea0b68a7,APTOS-P3054,APTOS 2019 (Aravind Eye Hospital),train_images/dc0eea0b68a7.png,0,Grade 0: No Apparent DR,test,04cc07f881ebe1fa1d93fd83bf0dee6c44d15ec5654d7afc2b743132c63bb06e
b2b79b37d314,APTOS-P2500,APTOS 2019 (Aravind Eye Hospital),train_images/b2b79b37d314.png,0,Grade 0: No Apparent DR,train,05dafe1df7c585a54618234690a3a209c66747fb7b42e7b6df9a4cbe6cac7722
5eb8fb1aad41,APTOS-P1338,APTOS 2019 (Aravind Eye Hospital),train_images/5eb8fb1aad41.png,0,Grade 0: No Apparent DR,train,260c771184fa5e02da756649af260761107c37ee67ad8b9eedd5cd2aee95907b
9870ce41cac4,APTOS-P2107,APTOS 2019 (Aravind Eye Hospital),train_images/9870ce41cac4.png,0,Grade 0: No Apparent DR,test,ecf45c616a4c0a1325b08eff4ebe568d9c6e25b9984383552a5c284782a00012
45e4b7eada54,APTOS-P0961,APTOS 2019 (Aravind Eye Hospital),train_images/45e4b7eada54.png,1,Grade 1: Mild NPDR,train,6d66a5b4d28fcc63f2bf19d6cc3e8d001c183b01a8bdd211ecdeb2a80bbf1336
1e9224ccca95,APTOS-P0431,APTOS 2019 (Aravind Eye Hospital),train_images/1e9224ccca95.png,4,Grade 4: Proliferative DR,train,ca58ff86669105ed2bcf5dda773e871bc6ed63e45c4829c18968ddbe453ab072
c8823cdaf7fa,APTOS-P2790,APTOS 2019 (Aravind Eye Hospital),train_images/c8823cdaf7fa.png,2,Grade 2: Moderate NPDR,train,dc7d13f1db45aa140b754a6edeb2a0bb82dc248dcee72642b6e3827f4206056d
3232b34cbe99,APTOS-P0695,APTOS 2019 (Aravind Eye Hospital),train_images/3232b34cbe99.png,0,Grade 0: No Apparent DR,test,83a39505feadbf7f6827fcef963309d193c0ea7f3a43949cb2f272460c0857ce
e5de79795c1d,APTOS-P3184,APTOS 2019 (Aravind Eye Hospital),train_images/e5de79795c1d.png,0,Grade 0: No Apparent DR,train,6d28a76822876d4e1120ad9257a81068dd70f8c0bb151caa74272846a9d03a29
a8652b2de23f,APTOS-P2336,APTOS 2019 (Aravind Eye Hospital),train_images/a8652b2de23f.png,2,Grade 2: Moderate NPDR,test,54a1235f0797219717e20734d53971cd70ad02b1c87de26df6988bf7f53a07b3
a182b5b191de,APTOS-P2239,APTOS 2019 (Aravind Eye Hospital),train_images/a182b5b191de.png,4,Grade 4: Proliferative DR,train,5b410934937cfdad9aff86df52ea8d262d4ef13283b05d22a7177222db6300ff
fc782722a50c,APTOS-P3464,APTOS 2019 (Aravind Eye Hospital),train_images/fc782722a50c.png,0,Grade 0: No Apparent DR,test,b3dc86e4078d45fcf45bc2e474a8b1837a12f7365764e3fe1fb8fecca861a89d
8d8aca52c07b,APTOS-P1961,APTOS 2019 (Aravind Eye Hospital),train_images/8d8aca52c07b.png,4,Grade 4: Proliferative DR,train,d1ba08f362b0026b59673bc34f0e87a62f9abe7f0a94037806b491f9c603085e
5d74f98d62be,APTOS-P1320,APTOS 2019 (Aravind Eye Hospital),train_images/5d74f98d62be.png,4,Grade 4: Proliferative DR,train,18db29ceccf581ccaa99cbe49b6d18eebbb77a62c134c016aca30f5031966870
d9e58e4d8689,APTOS-P3027,APTOS 2019 (Aravind Eye Hospital),train_images/d9e58e4d8689.png,0,Grade 0: No Apparent DR,val,97786daac522f9800f84d957c68fa6a7fb28b1781b89126ce37b1ba039dc7fba
991a0b7a8c87,APTOS-P2117,APTOS 2019 (Aravind Eye Hospital),train_images/991a0b7a8c87.png,0,Grade 0: No Apparent DR,train,66879f265facc2b19739f4e6c8c21615d8a1ef1385bd02d11daf0d99d1aafd0f
7116128c65ab,APTOS-P1574,APTOS 2019 (Aravind Eye Hospital),train_images/7116128c65ab.png,1,Grade 1: Mild NPDR,train,e7ddd1dc8453691e7aeeca41c740df0cc26ecd7341c71af76c248ebbdbd39703
f9d52509c571,APTOS-P3436,APTOS 2019 (Aravind Eye Hospital),train_images/f9d52509c571.png,0,Grade 0: No Apparent DR,test,e7b0977741c1dd5b21b6e09fd5d48b02716dea40821eb2f78883e6e1b94910a8
a987aa7aac37,APTOS-P2359,APTOS 2019 (Aravind Eye Hospital),train_images/a987aa7aac37.png,0,Grade 0: No Apparent DR,test,ce545cb9109cd4562653ebe4f028f9bb9acc47497badbad6dbe79596d2e99023
290ecdba359f,APTOS-P0576,APTOS 2019 (Aravind Eye Hospital),train_images/290ecdba359f.png,2,Grade 2: Moderate NPDR,train,adcd90b0dba27a1cb4fa9a317210d9e5379b2f1deacf7ea0248c5803b55abb02
d91635f380b4,APTOS-P3010,APTOS 2019 (Aravind Eye Hospital),train_images/d91635f380b4.png,0,Grade 0: No Apparent DR,train,baffd58d23df02fa7abc0afb6426597d3d82e9ca67357649a9f6359cdfbb469d
a8854768549f,APTOS-P2341,APTOS 2019 (Aravind Eye Hospital),train_images/a8854768549f.png,0,Grade 0: No Apparent DR,train,6c4bc1406fed5bf700be6c19a9c8a0b0b1adeb68fd60e41931ccdb92e4511b90
9a94e0316ee3,APTOS-P0612,APTOS 2019 (Aravind Eye Hospital),train_images/9a94e0316ee3.png,3,Grade 3: Severe NPDR,train,556ca39444d8de94f4011cdf3bf61963e26ecb4cb7527aa47d07c90496feeb86
5b804948e35f,APTOS-P1294,APTOS 2019 (Aravind Eye Hospital),train_images/5b804948e35f.png,1,Grade 1: Mild NPDR,train,86f0cd4e29af89a937335d528fe7f895f553fcb77583487c1593b22ca9b22a20
4f5dd7660b17,APTOS-P1108,APTOS 2019 (Aravind Eye Hospital),train_images/4f5dd7660b17.png,0,Grade 0: No Apparent DR,train,3a6326aadf49212d2cc18a8f6b5424b37e6465e18327ee3a121e48244ad0dc03
a804cef3e51f,APTOS-P2328,APTOS 2019 (Aravind Eye Hospital),train_images/a804cef3e51f.png,2,Grade 2: Moderate NPDR,test,7e15d626ff0959ce72394d6ee6ed022523bc17da393a7726ac7c38fece1cab62
13d411c85ffd,APTOS-P0262,APTOS 2019 (Aravind Eye Hospital),train_images/13d411c85ffd.png,0,Grade 0: No Apparent DR,val,24fec2e694bbbfe7537662eb9266200f930af038aebf1e6d26a7181d17443a53
d844a7252f4e,APTOS-P2995,APTOS 2019 (Aravind Eye Hospital),train_images/d844a7252f4e.png,0,Grade 0: No Apparent DR,test,4a437b0bfe77554e50421112be3117e0c8f29e3913361ea0709b7d599047e310
bdc6c60e9133,APTOS-P2653,APTOS 2019 (Aravind Eye Hospital),train_images/bdc6c60e9133.png,0,Grade 0: No Apparent DR,train,3c8c6e7d3b66a5191f4d31104c45f14e761697e9ab824e144c5447063e368200
9274e75dc4d5,APTOS-P2032,APTOS 2019 (Aravind Eye Hospital),train_images/9274e75dc4d5.png,0,Grade 0: No Apparent DR,train,320fc09c08ac0cc89cc61ed788713301d59c7a100298bec16df0c3846b80e118
da1fb35f5df9,APTOS-P3029,APTOS 2019 (Aravind Eye Hospital),train_images/da1fb35f5df9.png,1,Grade 1: Mild NPDR,train,70f85af82259d170545eea0dd437d9064005a1dee0f63199baab716c1dd09960
80e6e425f966,APTOS-P1787,APTOS 2019 (Aravind Eye Hospital),train_images/80e6e425f966.png,0,Grade 0: No Apparent DR,train,e5431153f3d9e72f2d429a899e0a748c0fef50de36eb0ac3a5c476d0ac871592
28dc010a0780,APTOS-P0572,APTOS 2019 (Aravind Eye Hospital),train_images/28dc010a0780.png,0,Grade 0: No Apparent DR,test,c232f8a1630ba2ce72218759f7bdd6b0ee3f5b63ca63662fe5fe91341d658151
09935d72892b,APTOS-P0130,APTOS 2019 (Aravind Eye Hospital),train_images/09935d72892b.png,1,Grade 1: Mild NPDR,train,80a9f9d6e55329bac9a67af7ccfd3e048c721f13c42ef97b90855a31e36d2c0f
ccd34029493d,APTOS-P2846,APTOS 2019 (Aravind Eye Hospital),train_images/ccd34029493d.png,2,Grade 2: Moderate NPDR,train,010fb3c48c26df495de7eebcfcbf43d05bb410456120e1f343d3091cda048018
812d5adafaf2,APTOS-P1795,APTOS 2019 (Aravind Eye Hospital),train_images/812d5adafaf2.png,2,Grade 2: Moderate NPDR,train,c70ddcfdc70a01afba169c0ef18a1f83900758b0fc630dce2130dc0c0d152b4a
11242a67122d,APTOS-P0237,APTOS 2019 (Aravind Eye Hospital),train_images/11242a67122d.png,4,Grade 4: Proliferative DR,train,5cf95a68792c6d48c2c5b9decb554adbae79cc4fa16ab003ec0a71f83c5566eb
8ffa608170d3,APTOS-P1996,APTOS 2019 (Aravind Eye Hospital),train_images/8ffa608170d3.png,0,Grade 0: No Apparent DR,train,9a652c60b2b1c5ba3bc2d81ac678a95f13d461b7fdf876ba432508ed3f5f8ae9
052d9a3fe55a,APTOS-P0068,APTOS 2019 (Aravind Eye Hospital),train_images/052d9a3fe55a.png,2,Grade 2: Moderate NPDR,train,8f7bf296582da85d01c3c13204625a200b0096f522dd033d1441fc180183314e
96ea316ed0ab,APTOS-P2084,APTOS 2019 (Aravind Eye Hospital),train_images/96ea316ed0ab.png,0,Grade 0: No Apparent DR,train,6c4a392d96ddc4752ff27a6f60ed603ffbf1742d5475db82793b4bc0b893a8e4
9e3510963315,APTOS-P2186,APTOS 2019 (Aravind Eye Hospital),train_images/9e3510963315.png,4,Grade 4: Proliferative DR,val,8cf989e49bac90749f295243a4267a4f495b4c2b6d2dd3ff3fda16e33e1e21d9
9be0683649ff,APTOS-P2160,APTOS 2019 (Aravind Eye Hospital),train_images/9be0683649ff.png,0,Grade 0: No Apparent DR,train,47280397fce258c84938cc45d008937b6bd211f07550c5f03cdfd658e4470517
c3e02d4a1798,APTOS-P2733,APTOS 2019 (Aravind Eye Hospital),train_images/c3e02d4a1798.png,2,Grade 2: Moderate NPDR,test,6154d1f69eb03a903851b7da73a73bb9e3fcc803feba142b86e7d3500dd92def
237c078d00fc,APTOS-P0496,APTOS 2019 (Aravind Eye Hospital),train_images/237c078d00fc.png,3,Grade 3: Severe NPDR,train,ffee23080e19ce71f2f864c0c7e25b91aa0ff25e64971558f09e4509f16c4957
8ead8f37423c,APTOS-P1979,APTOS 2019 (Aravind Eye Hospital),train_images/8ead8f37423c.png,0,Grade 0: No Apparent DR,train,f408e867d094874bb38055c198733cad68f96c3b975b2fe4aa05797cc4daed98
60e269e3e188,APTOS-P1353,APTOS 2019 (Aravind Eye Hospital),train_images/60e269e3e188.png,2,Grade 2: Moderate NPDR,train,3264e5cb217a4a6975f05795cc43733154449af6b3d01ecb18be2213b99da180
b5204c0decc7,APTOS-P2525,APTOS 2019 (Aravind Eye Hospital),train_images/b5204c0decc7.png,0,Grade 0: No Apparent DR,train,9878186422dd3545f7818c035d8a305dc1ec4a9609b216c68423762f82311ac9
75a071608ea6,APTOS-P1628,APTOS 2019 (Aravind Eye Hospital),train_images/75a071608ea6.png,0,Grade 0: No Apparent DR,test,94009645748e43388077463a53ea0f135a036a457c2f5233e7fa698def559db9
92889b863ae6,APTOS-P2034,APTOS 2019 (Aravind Eye Hospital),train_images/92889b863ae6.png,0,Grade 0: No Apparent DR,train,acc6a3e386df4c6c66ca4dee03cb58f97d2747ef6d093eb40524664b85ad504a
12e3f5f2cb17,APTOS-P0253,APTOS 2019 (Aravind Eye Hospital),train_images/12e3f5f2cb17.png,1,Grade 1: Mild NPDR,train,ee4b0b65af404f2452c0d1238731dfdc5c80fb90d83782c8316800fe1260f6a5
4a7dc013e802,APTOS-P1025,APTOS 2019 (Aravind Eye Hospital),train_images/4a7dc013e802.png,4,Grade 4: Proliferative DR,val,6c843d36c1c6ec9d198fe8cbfaf5e7d19c2c4f4852796395aff448caa6a2907e
cbe633765ea7,APTOS-P2837,APTOS 2019 (Aravind Eye Hospital),train_images/cbe633765ea7.png,0,Grade 0: No Apparent DR,test,7fdca67f8ef886b6007c1b6eacf8f300d479599a2075eb6ca63d8ccaf2051d12
fd079d2e93a2,APTOS-P3473,APTOS 2019 (Aravind Eye Hospital),train_images/fd079d2e93a2.png,0,Grade 0: No Apparent DR,train,e718c130aa25217ce3ce4552badd2c5a3ea0b94d9469d726d6864d552f2f363a
f3bb996b45ce,APTOS-P3359,APTOS 2019 (Aravind Eye Hospital),train_images/f3bb996b45ce.png,0,Grade 0: No Apparent DR,test,ed86180ae72436ee621987ff050a426c05fc456fbfdbe2a49c642c33e33586c1
c446985355f1,APTOS-P2736,APTOS 2019 (Aravind Eye Hospital),train_images/c446985355f1.png,0,Grade 0: No Apparent DR,train,3b052a86497ff8c1afa01a26eecbd35709aa90a9300f7ce3a7a1830b28851e7a
76cab26493f1,APTOS-P1645,APTOS 2019 (Aravind Eye Hospital),train_images/76cab26493f1.png,0,Grade 0: No Apparent DR,train,52e8388c08777a34d0b24f81e12b4d2f6c61040d79188e17fb419cb344a26e79
d26bc6e1230d,APTOS-P2919,APTOS 2019 (Aravind Eye Hospital),train_images/d26bc6e1230d.png,0,Grade 0: No Apparent DR,train,07c85beba6bab0db3b2f1868b8fd4b671e1582a944ed29201eefbb57f03e8d8e
d16e59a2b33a,APTOS-P2901,APTOS 2019 (Aravind Eye Hospital),train_images/d16e59a2b33a.png,0,Grade 0: No Apparent DR,train,4677cdc6b9dc4861a674a5c2887943f0facf46444061ad0e92a0809e1b1ae043
ce6f33a81ad5,APTOS-P2867,APTOS 2019 (Aravind Eye Hospital),train_images/ce6f33a81ad5.png,0,Grade 0: No Apparent DR,train,326cf02caa5bd4aa6641c1796c79aa8ecd27a40afe5e9a66580b5bb1a52459f2
62b4be2799ca,APTOS-P1383,APTOS 2019 (Aravind Eye Hospital),train_images/62b4be2799ca.png,0,Grade 0: No Apparent DR,train,e3928b6f234398584f84b2fdf2cf917e1f181c95d0e9c1751de5b69b192a9a1d
29d059522fa1,APTOS-P0591,APTOS 2019 (Aravind Eye Hospital),train_images/29d059522fa1.png,0,Grade 0: No Apparent DR,val,7fc10b3f593929452523df186cea58b3f7ae068db1138793897762e4b9d5fefd
ad3fc5076852,APTOS-P2423,APTOS 2019 (Aravind Eye Hospital),train_images/ad3fc5076852.png,1,Grade 1: Mild NPDR,val,8f718b619004db66489aaf95d6c349b157abc07074cd0fcd80d80ea6e034257b
3cdef7c591cc,APTOS-P0837,APTOS 2019 (Aravind Eye Hospital),train_images/3cdef7c591cc.png,0,Grade 0: No Apparent DR,train,4b4d1c70a1e3a0bf89a87cfd2fadb5b816a3d96deb77a02c533caed548acf439
fb1b8771c70a,APTOS-P3449,APTOS 2019 (Aravind Eye Hospital),train_images/fb1b8771c70a.png,0,Grade 0: No Apparent DR,test,9ab495a882175f088c1cb3596e630a58ee4447c5b29aa0ff604aa0fd48c07467
2a5a8b744f08,APTOS-P0602,APTOS 2019 (Aravind Eye Hospital),train_images/2a5a8b744f08.png,2,Grade 2: Moderate NPDR,train,ff375bc73ff7d4b3806bf3bfb4ca363c3a73c1f5733bf5a4676d995b832c9852
28f93cad89c5,APTOS-P0574,APTOS 2019 (Aravind Eye Hospital),train_images/28f93cad89c5.png,2,Grade 2: Moderate NPDR,test,0e74deab239f4257e050aa5d12c92ccdbc406d62da47995537b030dc2cb2a95a
b98f77098b9d,APTOS-P2599,APTOS 2019 (Aravind Eye Hospital),train_images/b98f77098b9d.png,2,Grade 2: Moderate NPDR,train,c2de822f7b0c18724f1cb4e07c9945a7ea91a71c8cbd5749503e3b0d6910d4bb
abf0f56c6f12,APTOS-P2403,APTOS 2019 (Aravind Eye Hospital),train_images/abf0f56c6f12.png,2,Grade 2: Moderate NPDR,train,cc0e0ccd3c1580885e5ca7d9504a48ceea471601c5045588f1a42349377f804f
ac720570dd0f,APTOS-P2409,APTOS 2019 (Aravind Eye Hospital),train_images/ac720570dd0f.png,2,Grade 2: Moderate NPDR,train,d417e9e85db887f9b883b9ce770f03ccc0618ba9c7024e04bfc18d9e8c480ade
b532dedd928c,APTOS-P2526,APTOS 2019 (Aravind Eye Hospital),train_images/b532dedd928c.png,0,Grade 0: No Apparent DR,train,782ebfb5991ed09a25a28d91208c20f3acc3b26d8f2c8cb60b867c7b30134e3b
101b9ebfc720,APTOS-P0221,APTOS 2019 (Aravind Eye Hospital),train_images/101b9ebfc720.png,1,Grade 1: Mild NPDR,train,0e349025c72facd6605a5613ac6e9ca5fa8fcbdd8dba31e29294354159175788
58529a8638d0,APTOS-P1245,APTOS 2019 (Aravind Eye Hospital),train_images/58529a8638d0.png,2,Grade 2: Moderate NPDR,train,cf2273f5aed1983ba055e22014a3f7dd281874f9c4e17a82834d28f90004ffa1
8e7981855125,APTOS-P1977,APTOS 2019 (Aravind Eye Hospital),train_images/8e7981855125.png,0,Grade 0: No Apparent DR,train,d5ba11099c8c2961b812aae31906d1767b5ecd6c4744275fd0b26065b27f681a
e7a7187066ad,APTOS-P2869,APTOS 2019 (Aravind Eye Hospital),train_images/e7a7187066ad.png,2,Grade 2: Moderate NPDR,train,83c6a90ae6b4d5d9b447a3adf8663ee91b9e1a670cfea6da5051f11196279e45
65e6f1bd9875,APTOS-P1424,APTOS 2019 (Aravind Eye Hospital),train_images/65e6f1bd9875.png,0,Grade 0: No Apparent DR,val,41524ebc581f262cc659d90d5b4cb63b1be9433a1e1d43a5b9feb3fb2fbb13b8
4554062fa836,APTOS-P0956,APTOS 2019 (Aravind Eye Hospital),train_images/4554062fa836.png,0,Grade 0: No Apparent DR,test,89e4749ad3a523b403b891e231a69ec9248094fe18234efdb6d24a55ee2d5518
f850cb51fdba,APTOS-P3420,APTOS 2019 (Aravind Eye Hospital),train_images/f850cb51fdba.png,4,Grade 4: Proliferative DR,train,04196b7f4f1c38de819e768ad41c7d982d11d41e9b89b4b8f7c56d17121c3272
a19ecd0a706e,APTOS-P2242,APTOS 2019 (Aravind Eye Hospital),train_images/a19ecd0a706e.png,1,Grade 1: Mild NPDR,test,61f1cb8ebf584c2847a022ee52f4dbcae5e79a3f24d8a0c0e65a67da85411e49
c5bec7f1e5f3,APTOS-P2757,APTOS 2019 (Aravind Eye Hospital),train_images/c5bec7f1e5f3.png,0,Grade 0: No Apparent DR,train,dd27aa43648c49072dce568e087dab4e629c059c1e2426617006d315516c106c
94b9ccc73bb9,APTOS-P2060,APTOS 2019 (Aravind Eye Hospital),train_images/94b9ccc73bb9.png,0,Grade 0: No Apparent DR,train,e7cb87a339e21a1bb639c14fa8c67d46760bc0dbe5735db0af2bd6f253d23691
3cd801ffdbf0,APTOS-P0834,APTOS 2019 (Aravind Eye Hospital),train_images/3cd801ffdbf0.png,2,Grade 2: Moderate NPDR,train,6357e03777d3f6b7f6faf617bf6f041acaec34b3efcc201962c7644341e6ce69
22449af52060,APTOS-P0480,APTOS 2019 (Aravind Eye Hospital),train_images/22449af52060.png,0,Grade 0: No Apparent DR,train,50a08dd70c96c576138c15cb13ad64680f9723a5bbba79929189f74b4f7956ab
445a8a6da55c,APTOS-P0934,APTOS 2019 (Aravind Eye Hospital),train_images/445a8a6da55c.png,0,Grade 0: No Apparent DR,test,8c2b874b9a34332b481a2a7bcaf5a9d58c0500cdce65ff4f930d80d5a23d74e8
b0b3b16fc305,APTOS-P2476,APTOS 2019 (Aravind Eye Hospital),train_images/b0b3b16fc305.png,0,Grade 0: No Apparent DR,train,fca6fc7ee985634b66ad8dcca58892a7f85ad732840ea96f0e7e92468f8c0fe3
80a02014b418,APTOS-P1780,APTOS 2019 (Aravind Eye Hospital),train_images/80a02014b418.png,1,Grade 1: Mild NPDR,test,9c1238a4b7a1a401930a2e5c8b431fe502af606f96b39c7b95522febeaf582ae
3e6bfc4d5c65,APTOS-P0850,APTOS 2019 (Aravind Eye Hospital),train_images/3e6bfc4d5c65.png,2,Grade 2: Moderate NPDR,train,6ce57c34ab0cb9fef46ce009cfdeb6c27d6cd7851ba1aae6626fe8ce7a6ee778
0c917c372572,APTOS-P0166,APTOS 2019 (Aravind Eye Hospital),train_images/0c917c372572.png,3,Grade 3: Severe NPDR,train,9c2506572b1232a2b3ba6d78627de06ef62ceda9785ba3d6307490abaac7b02a
b7f0bc7d399e,APTOS-P2573,APTOS 2019 (Aravind Eye Hospital),train_images/b7f0bc7d399e.png,0,Grade 0: No Apparent DR,train,33b882161a1502fd1b96ebeabfb6a4d439aa767192572bdac6bb3881baaa32dd
81bc03e2ff2b,APTOS-P1800,APTOS 2019 (Aravind Eye Hospital),train_images/81bc03e2ff2b.png,2,Grade 2: Moderate NPDR,train,1a9eea40dcb58fcc14f9b498a72c1bf719ac2a5fd82cb84a03b7c74316231037
59e5212f7139,APTOS-P1265,APTOS 2019 (Aravind Eye Hospital),train_images/59e5212f7139.png,1,Grade 1: Mild NPDR,train,5baa479e9077bcfbf2bd699b43be0b8ba2da6ce42f55ea7b71496c82754c22a5
9ac2e3e9fca5,APTOS-P2143,APTOS 2019 (Aravind Eye Hospital),train_images/9ac2e3e9fca5.png,0,Grade 0: No Apparent DR,val,26a0120ca12bc0600ab0373354f799b371c6d9dccf113c765ad6c70ae857428c
fd87b6b2e664,APTOS-P3478,APTOS 2019 (Aravind Eye Hospital),train_images/fd87b6b2e664.png,0,Grade 0: No Apparent DR,val,7d3f2f85324017eae9ed33470a7d7faf094a8ce20cb815bd4edeee4500018758
ea5c42a78979,APTOS-P3245,APTOS 2019 (Aravind Eye Hospital),train_images/ea5c42a78979.png,0,Grade 0: No Apparent DR,train,b68863c4810327fbf380b39f7a733baa83158ebbf1b6671860235c75dd27681b
b351ae99413a,APTOS-P2504,APTOS 2019 (Aravind Eye Hospital),train_images/b351ae99413a.png,0,Grade 0: No Apparent DR,train,daf3dc5ee11d890faa3b5bf6dc7d9ff1c0acbb24f5f7b3ad8b426066df75fba1
ff4832d55461,APTOS-P3497,APTOS 2019 (Aravind Eye Hospital),train_images/ff4832d55461.png,0,Grade 0: No Apparent DR,train,89c6824c080fc056ed0630c4eaadcf2d6325ac636ef5a166cb1f39c6791c9a3d
7f84284598f5,APTOS-P1771,APTOS 2019 (Aravind Eye Hospital),train_images/7f84284598f5.png,2,Grade 2: Moderate NPDR,test,cdaf7606c65c1eb4cf01313d53a3067d0a87f119ef8f4d2bd6050bffed2b4ad4
4c60f6fcea75,APTOS-P1053,APTOS 2019 (Aravind Eye Hospital),train_images/4c60f6fcea75.png,0,Grade 0: No Apparent DR,train,0dad5f068fe1c03b9099922b8e325d126f70045c993a8161a2de00ec8b67b0c5
0c38940e1f80,APTOS-P0161,APTOS 2019 (Aravind Eye Hospital),train_images/0c38940e1f80.png,0,Grade 0: No Apparent DR,train,dee4f98a5af96d1bb9513503c7c2343bea17c40158dd22fd1ae2cdcf651ba4d2
57db4781e7ec,APTOS-P1237,APTOS 2019 (Aravind Eye Hospital),train_images/57db4781e7ec.png,0,Grade 0: No Apparent DR,train,e5679e0433129cfca921edbed95ecc6b65b17932b3e72d2ebee37af98cd6fe18
a384e688e228,APTOS-P2269,APTOS 2019 (Aravind Eye Hospital),train_images/a384e688e228.png,0,Grade 0: No Apparent DR,val,1d3a4dd9623ebdd4aab3da3cabce6e64bc6e604c0297112d61825d5b73ce7100
29580bed2f7d,APTOS-P0582,APTOS 2019 (Aravind Eye Hospital),train_images/29580bed2f7d.png,2,Grade 2: Moderate NPDR,test,beb3a3400f62a1bdc424765fcd0dc9322c074fb583b0f14e86c7a90c77f946be
f8cf7ed8ef00,APTOS-P3424,APTOS 2019 (Aravind Eye Hospital),train_images/f8cf7ed8ef00.png,4,Grade 4: Proliferative DR,val,1f931f537e442476b7affe8b3102f0b5be784d8debb1bdc52c4417e197be5072
df6d13d04da1,APTOS-P3089,APTOS 2019 (Aravind Eye Hospital),train_images/df6d13d04da1.png,0,Grade 0: No Apparent DR,train,2f294931132e68b8fac259340b48420e179bda1a492e43976042e149da189819
291e2ff3d834,APTOS-P0578,APTOS 2019 (Aravind Eye Hospital),train_images/291e2ff3d834.png,2,Grade 2: Moderate NPDR,train,401616d7255a7b7bee6b9f9a3ce0250a454144fd8f31512959a49eafda0a0a2b
f85c78201a50,APTOS-P3421,APTOS 2019 (Aravind Eye Hospital),train_images/f85c78201a50.png,0,Grade 0: No Apparent DR,val,53fc1debae6aa6eacf3b10b49d0c83b1e6c4bd761f4a62bbf7a624c7d430de40
15cd5f52d300,APTOS-P0289,APTOS 2019 (Aravind Eye Hospital),train_images/15cd5f52d300.png,2,Grade 2: Moderate NPDR,train,7759e878689ba64c9bfd0c4206f9fbe25641bd895bc457dc8200e56cef563fa5
44271f3cb18f,APTOS-P0933,APTOS 2019 (Aravind Eye Hospital),train_images/44271f3cb18f.png,0,Grade 0: No Apparent DR,train,e594cbbd773dd233c29d39167a84a36ce3ddc05e09c7d2577ecce01c6ffb17c6
0024cdab0c1e,APTOS-P0003,APTOS 2019 (Aravind Eye Hospital),train_images/0024cdab0c1e.png,1,Grade 1: Mild NPDR,train,94600e605879aeb5494e86f4a7c29e3f3c1472dc4cf81055ffe530002946728d
5db2e3a4594a,APTOS-P1322,APTOS 2019 (Aravind Eye Hospital),train_images/5db2e3a4594a.png,0,Grade 0: No Apparent DR,train,25b79dd2db716beaa155a1ce1f8ead1a63400ca9f71b8aa8f7e2fbdca1ec8630
f86d1c404acb,APTOS-P3423,APTOS 2019 (Aravind Eye Hospital),train_images/f86d1c404acb.png,0,Grade 0: No Apparent DR,val,89b1c426bfdfa00f817d0ffb24f6990aa7735270d884cb61e57335e42baebe28
8acffaf1f4b9,APTOS-P0265,APTOS 2019 (Aravind Eye Hospital),train_images/8acffaf1f4b9.png,2,Grade 2: Moderate NPDR,train,8f421032fcff7fe3ff8da32bc0a1b57acd8ff70eff4e2d8c9f88c65e065bb1ba
5a2c27b95c7c,APTOS-P1275,APTOS 2019 (Aravind Eye Hospital),train_images/5a2c27b95c7c.png,2,Grade 2: Moderate NPDR,val,e76a3e4cf570ec87e2b50a671dc44010184b549ac29957c0d04fa6f3f48e4d4a
e594c19e2e1d,APTOS-P3180,APTOS 2019 (Aravind Eye Hospital),train_images/e594c19e2e1d.png,0,Grade 0: No Apparent DR,train,9b7d113f688689e63425ae9a6e06f54151f8b2823342a6315eeb2f7f6ca29379
fce93caa4758,APTOS-P3472,APTOS 2019 (Aravind Eye Hospital),train_images/fce93caa4758.png,4,Grade 4: Proliferative DR,test,93edf11d35e48001f348bf4cd5333d555f6b1c92a429e3c277c3affdd3eb35c8
36b5b3c9fb32,APTOS-P0756,APTOS 2019 (Aravind Eye Hospital),train_images/36b5b3c9fb32.png,3,Grade 3: Severe NPDR,train,75aba64ec135703c62fd73c395a3f68899308e3171de8e9fcb02162eaa1231ea
e03e70bc8bba,APTOS-P3100,APTOS 2019 (Aravind Eye Hospital),train_images/e03e70bc8bba.png,2,Grade 2: Moderate NPDR,train,54738147e54c277464b8e2164ee0cedaed23fb1feb0d23f03c5fbc84a6fe9cb4
b17f0b81dab3,APTOS-P2488,APTOS 2019 (Aravind Eye Hospital),train_images/b17f0b81dab3.png,1,Grade 1: Mild NPDR,train,3854b7bc587c65b0ec1c7d9f47232df965c278dc1542f961cf454fd464e7c3be
096436d68d06,APTOS-P0125,APTOS 2019 (Aravind Eye Hospital),train_images/096436d68d06.png,0,Grade 0: No Apparent DR,val,0a5d9e63762c90463cb8b6a499bf2a664c0eed8ee4a3d217ce136c26a154638c
a3ad6c2db6f1,APTOS-P2272,APTOS 2019 (Aravind Eye Hospital),train_images/a3ad6c2db6f1.png,1,Grade 1: Mild NPDR,train,899bf5272fcf47cdccc6619cbbe4ecffae3d05ba704044ffb37a4f9cb9e32b6b
3435fd8675a2,APTOS-P0720,APTOS 2019 (Aravind Eye Hospital),train_images/3435fd8675a2.png,3,Grade 3: Severe NPDR,val,e1dc981b89fc224f095f9474d2cb4e7774acbd84914d25568052a308dadbb792
e7d2c2c3b30f,APTOS-P3211,APTOS 2019 (Aravind Eye Hospital),train_images/e7d2c2c3b30f.png,4,Grade 4: Proliferative DR,train,41e0f1b5e3a24024166f6402ad99a55c5eaabfe388d7da5daa42c95b0815afad
ca360bec5851,APTOS-P2810,APTOS 2019 (Aravind Eye Hospital),train_images/ca360bec5851.png,2,Grade 2: Moderate NPDR,train,013819fbd82eac107f5f0352dac3a45d8ab44e15ec39202904e3fb0bfedfb5a3
4a589edaea60,APTOS-P1022,APTOS 2019 (Aravind Eye Hospital),train_images/4a589edaea60.png,0,Grade 0: No Apparent DR,train,256427183164973ff2fc3a3c6960d1da2a724c2f7c77915bafe1c7ad17c32cc8
a26f50218b84,APTOS-P2252,APTOS 2019 (Aravind Eye Hospital),train_images/a26f50218b84.png,0,Grade 0: No Apparent DR,train,815da6018ceb50735e434dc4a516dcfa98fec7c9a5c5ca87f1fcd0c497cd8099
13073f075a56,APTOS-P0257,APTOS 2019 (Aravind Eye Hospital),train_images/13073f075a56.png,0,Grade 0: No Apparent DR,train,8536bbdc0a8833a6cda1b774d515f14fb69082f6c2f1312ef0e0dc66da66274a
72a867980067,APTOS-P1593,APTOS 2019 (Aravind Eye Hospital),train_images/72a867980067.png,0,Grade 0: No Apparent DR,val,2891723e72da3fbbacb3967cdd3473e57359f12a97160368234ec16103784f2c
b1b3e7d0a5f3,APTOS-P2490,APTOS 2019 (Aravind Eye Hospital),train_images/b1b3e7d0a5f3.png,4,Grade 4: Proliferative DR,train,43496ceb5456db72f2a604e7cea80683bdb884659b8c803a036a3a48a35973b2
876e1dd12d38,APTOS-P1878,APTOS 2019 (Aravind Eye Hospital),train_images/876e1dd12d38.png,2,Grade 2: Moderate NPDR,val,dc87321d8166f8abd9e2a6968266865377676f8506f095fd67a593882cd577b1
5188a8afa879,APTOS-P1142,APTOS 2019 (Aravind Eye Hospital),train_images/5188a8afa879.png,2,Grade 2: Moderate NPDR,train,f1f6002ec03d84628392b2d2db8cd16974e897eafa99e5a57157f712e1520267
7ccb267fd394,APTOS-P1727,APTOS 2019 (Aravind Eye Hospital),train_images/7ccb267fd394.png,1,Grade 1: Mild NPDR,train,c6f7ed0d16c94cd6ff5712020f518df7d93bb896c5bb07b01059e137e81f06fb
8688f3d0fcaf,APTOS-P1861,APTOS 2019 (Aravind Eye Hospital),train_images/8688f3d0fcaf.png,3,Grade 3: Severe NPDR,train,e09d15c001b4bbfb21bb14e69ff6a9434d16b44ada3c9b0562641ec19bec513c
1541226c5d72,APTOS-P0280,APTOS 2019 (Aravind Eye Hospital),train_images/1541226c5d72.png,2,Grade 2: Moderate NPDR,test,b913a1521af37206de003c4430fd00189e0a48f400bce04f2f8189961ed8ad11
300305ce82d2,APTOS-P0671,APTOS 2019 (Aravind Eye Hospital),train_images/300305ce82d2.png,2,Grade 2: Moderate NPDR,train,3bb24b112eb41fd2e6b900de1e07ea21aca86ea3022fc7a29e6111da2e015596
5e7630f8438e,APTOS-P1331,APTOS 2019 (Aravind Eye Hospital),train_images/5e7630f8438e.png,2,Grade 2: Moderate NPDR,train,8dea69a6dd3c3bc6af7793ee188afecc6b41a5a833beedaee314ce4897840799
4384fa687afa,APTOS-P0921,APTOS 2019 (Aravind Eye Hospital),train_images/4384fa687afa.png,2,Grade 2: Moderate NPDR,train,716053934d3b996c9117dca59e21cd50386091512826405146d5b5990ecced0c
d1cad012a254,APTOS-P1992,APTOS 2019 (Aravind Eye Hospital),train_images/d1cad012a254.png,1,Grade 1: Mild NPDR,train,a9455e73e373b9a1df13e5af8562455284ea05e3c23073835f2901adb97149bb
beb2ad14fd2d,APTOS-P2667,APTOS 2019 (Aravind Eye Hospital),train_images/beb2ad14fd2d.png,0,Grade 0: No Apparent DR,train,3a1ce0b761dec88168ca036669d9a4d0ddf542366427f0b700f5a80eae19a763
1e7ccd4a1c87,APTOS-P0428,APTOS 2019 (Aravind Eye Hospital),train_images/1e7ccd4a1c87.png,0,Grade 0: No Apparent DR,val,a092efe6aea10e868b16c3c347f4ba7972b30d38aa1ca2a252912dac26cffabc
c5a0e84e955d,APTOS-P2751,APTOS 2019 (Aravind Eye Hospital),train_images/c5a0e84e955d.png,0,Grade 0: No Apparent DR,val,d80fe4f4797e3336a23c948f19ccb7d4c6c1be0d26b32050e784d2cc9e9ef1e5
76cb010f7aa0,APTOS-P1646,APTOS 2019 (Aravind Eye Hospital),train_images/76cb010f7aa0.png,0,Grade 0: No Apparent DR,train,116919095531bc52616d70cdcce91ae2b8bbbd0e78dd64b4f442ea202b1df31c
9ac41b9a809e,APTOS-P2144,APTOS 2019 (Aravind Eye Hospital),train_images/9ac41b9a809e.png,0,Grade 0: No Apparent DR,train,9e4878a1555a624f9ff3370ae380d4c065da2018f30c94bc7510d585a7cc5be1
6d3d1fe6c32a,APTOS-P1524,APTOS 2019 (Aravind Eye Hospital),train_images/6d3d1fe6c32a.png,2,Grade 2: Moderate NPDR,train,67790205649fa3f944894e199be9f59fb7411512da21e4a89be0ba5a96c6aea7
4d3de40ced3a,APTOS-P1071,APTOS 2019 (Aravind Eye Hospital),train_images/4d3de40ced3a.png,0,Grade 0: No Apparent DR,train,5a0791c8d2a30814956d8a7e1a82bf1b6d2faa32f0d4c3bb34a6e58207e6f6c4
24b87f744598,APTOS-P0510,APTOS 2019 (Aravind Eye Hospital),train_images/24b87f744598.png,3,Grade 3: Severe NPDR,train,012f9b7834261a5d2e2fb4712b2e6583716c822884ed6a6283c1cf27f4705007
5c817060c0ed,APTOS-P1304,APTOS 2019 (Aravind Eye Hospital),train_images/5c817060c0ed.png,0,Grade 0: No Apparent DR,train,c506c3a5ac095d48a6edf0504d4c714d8ffdc504ab6f8a033db3de43d8dfe71b
5bf6f2958e53,APTOS-P1301,APTOS 2019 (Aravind Eye Hospital),train_images/5bf6f2958e53.png,0,Grade 0: No Apparent DR,val,545140c978dda59a7cca49ba7646ef4e38107681ba28c9ec98f2005a055be94f
1faf8664816c,APTOS-P0447,APTOS 2019 (Aravind Eye Hospital),train_images/1faf8664816c.png,0,Grade 0: No Apparent DR,val,5c2a31490df7f0c1354b98994c48a39f5538efe6dec83c2101f80fb73ca7be36
86410aa13b3e,APTOS-P1856,APTOS 2019 (Aravind Eye Hospital),train_images/86410aa13b3e.png,0,Grade 0: No Apparent DR,test,d9a7c33641f5908051fd77032cafb9d8938270f9ba63dc4a342912c1d23efef0
5a27b9b2a9c1,APTOS-P1274,APTOS 2019 (Aravind Eye Hospital),train_images/5a27b9b2a9c1.png,0,Grade 0: No Apparent DR,train,04dfcbe26a8311c51a8ed733612bf94873ebc444779ed06748e4e0f2b0213b0a
bf7221a016b5,APTOS-P2677,APTOS 2019 (Aravind Eye Hospital),train_images/bf7221a016b5.png,0,Grade 0: No Apparent DR,train,b13ac6bcedbf45fb40263d2b0c75fb609c78525f8b4389c7852b65aefe4e2b98
aa6242f9e08c,APTOS-P2374,APTOS 2019 (Aravind Eye Hospital),train_images/aa6242f9e08c.png,0,Grade 0: No Apparent DR,train,96eea0ca300c3e33239f9a24f6e7286e083d4e2122c9d7bd07be6f60c139d63a
f66c4ee86629,APTOS-P3398,APTOS 2019 (Aravind Eye Hospital),train_images/f66c4ee86629.png,0,Grade 0: No Apparent DR,test,4826b66b5d9a42b300c54a12065f1f3ee0acd891682b8c8f7031c252aeeb8169
6c6505a0c637,APTOS-P1509,APTOS 2019 (Aravind Eye Hospital),train_images/6c6505a0c637.png,0,Grade 0: No Apparent DR,val,3559ad2383b630119a3f8f2225c9b9c238c95f095bf2da1d290bb5192f7b16d4
80ed04a84a16,APTOS-P1789,APTOS 2019 (Aravind Eye Hospital),train_images/80ed04a84a16.png,0,Grade 0: No Apparent DR,train,24bccf836df9a8b4cd7df245286ceb7c941f6422941a39b13a4524d9a2975f94
c64c0966b4cf,APTOS-P2764,APTOS 2019 (Aravind Eye Hospital),train_images/c64c0966b4cf.png,0,Grade 0: No Apparent DR,train,b826e46f60a540c02c8c1e6d9152cafc8b2c4ae75967035a41346ddd06e26106
6d259b5b4c76,APTOS-P1522,APTOS 2019 (Aravind Eye Hospital),train_images/6d259b5b4c76.png,4,Grade 4: Proliferative DR,train,05ef670425e57350673ae195b2167b7ac624e92ffc2ff9c4a915f4e4e042904d
1fd5d860d4d7,APTOS-P0449,APTOS 2019 (Aravind Eye Hospital),train_images/1fd5d860d4d7.png,4,Grade 4: Proliferative DR,train,ca5d28d6db05190cd5a05c2064c1fce51df5cf3e52220c828ffb001f9b3665dc
f252046c0fe6,APTOS-P3342,APTOS 2019 (Aravind Eye Hospital),train_images/f252046c0fe6.png,0,Grade 0: No Apparent DR,test,6abdf025d38bb061f0b6eca51961a6831b3b8b9a42951d9eda9e0b1d17e6bb33
76e5b50f95a7,APTOS-P1649,APTOS 2019 (Aravind Eye Hospital),train_images/76e5b50f95a7.png,0,Grade 0: No Apparent DR,train,770c42ff32d547d770133bd0a64bc2ac9e1e2aa95780d229ee42375ddb579c41
cab3dfa7962d,APTOS-P2817,APTOS 2019 (Aravind Eye Hospital),train_images/cab3dfa7962d.png,1,Grade 1: Mild NPDR,train,729c5c03b7463f8aff9621220b3cee3be3b7478563ace722161f0db4f31d749b
97fdee242fea,APTOS-P2100,APTOS 2019 (Aravind Eye Hospital),train_images/97fdee242fea.png,0,Grade 0: No Apparent DR,val,7f36eb430d63331dcc12b8e1e9c6d87f8a0b34d301d30e6e8bb2f1791e150f52
9dab2e6ba44b,APTOS-P2180,APTOS 2019 (Aravind Eye Hospital),train_images/9dab2e6ba44b.png,2,Grade 2: Moderate NPDR,train,74041955701b3efe5b5846b42f9b3002546365b5332e3b32fc6fb7b5d39914d0
3b018e8b7303,APTOS-P0033,APTOS 2019 (Aravind Eye Hospital),train_images/3b018e8b7303.png,3,Grade 3: Severe NPDR,train,991d5fb337940102abdc44e16a67ba8c42bec3ba48ee6523bbf3812fc3e80b45
ab1c20a94f3f,APTOS-P2388,APTOS 2019 (Aravind Eye Hospital),train_images/ab1c20a94f3f.png,4,Grade 4: Proliferative DR,train,6dea275a4b5254fef3f507083480b5bc6c4035bd01f0f44e4cdcc1cae783be2f
496155f71d0a,APTOS-P1005,APTOS 2019 (Aravind Eye Hospital),train_images/496155f71d0a.png,0,Grade 0: No Apparent DR,train,1cba8f442465f54fdfd8d8a4d2809ecdf87ff28db29d0cf3497e7da77b494406
4e0656629d02,APTOS-P1085,APTOS 2019 (Aravind Eye Hospital),train_images/4e0656629d02.png,1,Grade 1: Mild NPDR,test,75d54573b087aa87aaf8545f9d208020e4b53cf939928e172692076a2e8a3e6b
66375b3c64db,APTOS-P1429,APTOS 2019 (Aravind Eye Hospital),train_images/66375b3c64db.png,4,Grade 4: Proliferative DR,train,fee63effb038b11806cc4ebc00084c760fa6e120f2e5ceb233d89d7c074d8009
f920ccd926db,APTOS-P2643,APTOS 2019 (Aravind Eye Hospital),train_images/f920ccd926db.png,2,Grade 2: Moderate NPDR,train,7233d27c3ca7d15dea8f9bd214e6af7d85ed5cb392ba142836617c45c166d7bd
a9a3225cf4b5,APTOS-P2361,APTOS 2019 (Aravind Eye Hospital),train_images/a9a3225cf4b5.png,0,Grade 0: No Apparent DR,train,2245b4b9f88155ddcbdf2b767a2228b31b38644cc24978fee38ef1f65880528f
5d4e5fd34d91,APTOS-P1317,APTOS 2019 (Aravind Eye Hospital),train_images/5d4e5fd34d91.png,0,Grade 0: No Apparent DR,train,5ae8cc7a5f1ee99bc1f716dc5846cdaad853c039d2be68a8d938556d5a12b479
ed3a0fc5b546,APTOS-P2615,APTOS 2019 (Aravind Eye Hospital),train_images/ed3a0fc5b546.png,4,Grade 4: Proliferative DR,train,342bb14484cbdcf7347c05db1a93faad0d272b69846d35c90c269ffb14da5c17
3ca8be3b40d6,APTOS-P0831,APTOS 2019 (Aravind Eye Hospital),train_images/3ca8be3b40d6.png,0,Grade 0: No Apparent DR,train,ba2d9231f3458637d8129e165124ebca61553add580022a57f2164a6fbee07f0
1dd9adcbfff4,APTOS-P0416,APTOS 2019 (Aravind Eye Hospital),train_images/1dd9adcbfff4.png,2,Grade 2: Moderate NPDR,train,8b82088e3b1b7f33073a09fef4eaad4f0019f95cad66061317111a7dba8991d2
64a13949e879,APTOS-P1402,APTOS 2019 (Aravind Eye Hospital),train_images/64a13949e879.png,2,Grade 2: Moderate NPDR,train,be25eb1b08af5f6f1824f7832ca9a0cab8dd5dcc9f785608adc5c32832f6e13a
aeb6f4fd2eed,APTOS-P2446,APTOS 2019 (Aravind Eye Hospital),train_images/aeb6f4fd2eed.png,0,Grade 0: No Apparent DR,train,7fadcababa5eafe3e3dc136fce4d1100c70076e076ba31b987e7765a0ecb7746
66d2ca47aa44,APTOS-P1443,APTOS 2019 (Aravind Eye Hospital),train_images/66d2ca47aa44.png,2,Grade 2: Moderate NPDR,train,c9aff604ee73d94e06337956d377f115e4c41f2bdf43b04de73172876e63505e
e06d3d4733f0,APTOS-P3104,APTOS 2019 (Aravind Eye Hospital),train_images/e06d3d4733f0.png,2,Grade 2: Moderate NPDR,train,7384c2e84cbf4627b30b99031236933460b8894a8658b47a3d0e052c63bbf60f
949710bead24,APTOS-P2058,APTOS 2019 (Aravind Eye Hospital),train_images/949710bead24.png,0,Grade 0: No Apparent DR,train,7f531446e61fbc657cc983020501367e78abaa751aaf8ef82b259bdfea3016dc
c06024f05a16,APTOS-P2694,APTOS 2019 (Aravind Eye Hospital),train_images/c06024f05a16.png,0,Grade 0: No Apparent DR,test,9ddec2c31ee83bf7c39106ce37fc412513558b4a5dc3dd2e062c739627b734c5
ff77e8e5b5f3,APTOS-P3502,APTOS 2019 (Aravind Eye Hospital),train_images/ff77e8e5b5f3.png,2,Grade 2: Moderate NPDR,train,48cd1f718f6de8cd68c4f0c5866aa3eeedebca38206e2bf2c6b773989d91b2e4
a7b03e58a6e1,APTOS-P2324,APTOS 2019 (Aravind Eye Hospital),train_images/a7b03e58a6e1.png,0,Grade 0: No Apparent DR,train,2e1b1aa08899b47271a20cbfb070e6ee6bbbc5af2962b6bdc4f40f0d62b2380b
7aabd768abff,APTOS-P1700,APTOS 2019 (Aravind Eye Hospital),train_images/7aabd768abff.png,0,Grade 0: No Apparent DR,val,f5b07a234b53bc3e2a72f5ad96693b34745260b51f4da12a5b3ce51a282cff5b
9f1b14dfa14c,APTOS-P0913,APTOS 2019 (Aravind Eye Hospital),train_images/9f1b14dfa14c.png,0,Grade 0: No Apparent DR,test,4c2bcd90696f5c5cec2230e64a53dac4fc036ece2c653e75221a4d1fc66054ea
0b2ea8f268cf,APTOS-P0154,APTOS 2019 (Aravind Eye Hospital),train_images/0b2ea8f268cf.png,0,Grade 0: No Apparent DR,train,e78f8ad9e7fa811985935c0f60f6ac809c5e93987bb7d3c89c375349d36b02f4
3ee4841936ef,APTOS-P0852,APTOS 2019 (Aravind Eye Hospital),train_images/3ee4841936ef.png,4,Grade 4: Proliferative DR,test,8a2fe5122f0b3b59b9806870a011bc8ef34da3e1820ddeeec40e89093a128527
ffd97f8cd5aa,APTOS-P3507,APTOS 2019 (Aravind Eye Hospital),train_images/ffd97f8cd5aa.png,0,Grade 0: No Apparent DR,train,2a198548486677635a95c4af6642e3a0dd22d5ac95e2ff06abb871178b224386
2974c6ad1d58,APTOS-P0585,APTOS 2019 (Aravind Eye Hospital),train_images/2974c6ad1d58.png,0,Grade 0: No Apparent DR,val,8d46c3589140bf132a531bf145d7dd4f99702260e282057c6c5c39be62ad073d
d51b3fe0fa1b,APTOS-P2955,APTOS 2019 (Aravind Eye Hospital),train_images/d51b3fe0fa1b.png,4,Grade 4: Proliferative DR,train,cf5cfa31f4802452832dc4cbb8a9edb08392030f1b26fc96af3cc0e7b403a34c
6bf26b777e3a,APTOS-P1499,APTOS 2019 (Aravind Eye Hospital),train_images/6bf26b777e3a.png,0,Grade 0: No Apparent DR,train,9e78cfb3de18a08dd822cd2e0cca7d4a1e62cd192305a6a9c0b94c9e8f47ef3c
d4be0403e6ab,APTOS-P2952,APTOS 2019 (Aravind Eye Hospital),train_images/d4be0403e6ab.png,2,Grade 2: Moderate NPDR,train,8ca3640df5072a22eaf162bca7beafc386784bc7a2ea64d5725f49a6b7250927
0eff8eacb2f7,APTOS-P0204,APTOS 2019 (Aravind Eye Hospital),train_images/0eff8eacb2f7.png,2,Grade 2: Moderate NPDR,val,6940fbb4247990de5de543dac794ad3e142bb044cffb636068a11d0836ef8f30
4c78d9d18da9,APTOS-P1056,APTOS 2019 (Aravind Eye Hospital),train_images/4c78d9d18da9.png,2,Grade 2: Moderate NPDR,test,3beff843ea1ca60f474c2d48b6fa1358b6c810b1ea03618be72ff155d5958483
6d0c0531083f,APTOS-P1520,APTOS 2019 (Aravind Eye Hospital),train_images/6d0c0531083f.png,3,Grade 3: Severe NPDR,train,bbf4ced8dfe948075ce8b45c39d2b4b848f576a51888fd1421211760a7df3a5a
4a0bba3b7d83,APTOS-P1016,APTOS 2019 (Aravind Eye Hospital),train_images/4a0bba3b7d83.png,2,Grade 2: Moderate NPDR,test,9ddd1a6ce33ba73eb8802082ec584802fb4930f05c7ad27b6fd04528307680c3
8329e80c10ac,APTOS-P1816,APTOS 2019 (Aravind Eye Hospital),train_images/8329e80c10ac.png,0,Grade 0: No Apparent DR,train,a60657601a0ae2bf33def350b5cf8719a3f431205ffdcacfe62de9c070b9f127
ef476be214d4,APTOS-P3306,APTOS 2019 (Aravind Eye Hospital),train_images/ef476be214d4.png,0,Grade 0: No Apparent DR,val,a66d677fb758e570ccee79e27040128cf2320f708f627e7816214e9fa9da943d
84b472c49cfa,APTOS-P1841,APTOS 2019 (Aravind Eye Hospital),train_images/84b472c49cfa.png,0,Grade 0: No Apparent DR,train,bce32f319bcfe666247e94be39f7e077dbb4aaba598630ed1dedfc163c2a1f71
331121c65e88,APTOS-P0703,APTOS 2019 (Aravind Eye Hospital),train_images/331121c65e88.png,0,Grade 0: No Apparent DR,train,a40c5db62926c6122f93326fb5eaa04786f5fceb90127f269c66d60535caf605
bb783d8e496f,APTOS-P2627,APTOS 2019 (Aravind Eye Hospital),train_images/bb783d8e496f.png,1,Grade 1: Mild NPDR,test,70728ffc8a366ecafb7ba48f1bad327b2bd82759bf77913b20be2aec59dd54ad
ab724603ee93,APTOS-P2393,APTOS 2019 (Aravind Eye Hospital),train_images/ab724603ee93.png,0,Grade 0: No Apparent DR,test,028a3d19a0508e95463df44fc3de869e2f58a8ee9e14d9a8fef91bbd1ea98da8
be8697eb2078,APTOS-P2665,APTOS 2019 (Aravind Eye Hospital),train_images/be8697eb2078.png,0,Grade 0: No Apparent DR,test,6c27d132beccc1780dbf0d44489c606daaa2411e0d9413913f2a90d45fa7fec4
026dcd9af143,APTOS-P0036,APTOS 2019 (Aravind Eye Hospital),train_images/026dcd9af143.png,2,Grade 2: Moderate NPDR,train,94c4e44eabd3ec076a2f9194d61f8ab1a7435c5c50e9166e2f5436d01f0d3d04
d6e26fe51dce,APTOS-P2975,APTOS 2019 (Aravind Eye Hospital),train_images/d6e26fe51dce.png,1,Grade 1: Mild NPDR,train,211782ff7755d6ba3d78c2b278214b5a9b3c67ce828a094a11dce8ace7687b9e
dad71ba27a9b,APTOS-P3041,APTOS 2019 (Aravind Eye Hospital),train_images/dad71ba27a9b.png,4,Grade 4: Proliferative DR,val,752e45550f6efb04bea497098ce79f548525ea8982893052e4a37f63fee2b291
74eee788edee,APTOS-P1616,APTOS 2019 (Aravind Eye Hospital),train_images/74eee788edee.png,3,Grade 3: Severe NPDR,train,bee4c6c5daa7299415cbfdfca6d452b6d555f8c0e2343f3de23d7ce1a19ecdbd
d10d315f123f,APTOS-P2894,APTOS 2019 (Aravind Eye Hospital),train_images/d10d315f123f.png,2,Grade 2: Moderate NPDR,train,2d73fff534c2a406fe9aec269dac99ee612bd08e54ed4c5a1f10a6d21a08fd5c
bba38f2294a3,APTOS-P2631,APTOS 2019 (Aravind Eye Hospital),train_images/bba38f2294a3.png,4,Grade 4: Proliferative DR,train,ccd7c7c6b5ef1b5251e417a525f5434f778d4282f259e16c90c4ed4dcac0f725
674057ab250c,APTOS-P1446,APTOS 2019 (Aravind Eye Hospital),train_images/674057ab250c.png,2,Grade 2: Moderate NPDR,train,8bd59e30dd15e394e0501d5e462f15261c1d3b09e1baba855b575f5bf6100661
65a3b13ad9a0,APTOS-P1417,APTOS 2019 (Aravind Eye Hospital),train_images/65a3b13ad9a0.png,0,Grade 0: No Apparent DR,train,dcd36cdac9263a37426fb1c9dedc19c41bb1da19f4de6db6c21c9fd2b885a071
87a9f4d20f07,APTOS-P1883,APTOS 2019 (Aravind Eye Hospital),train_images/87a9f4d20f07.png,0,Grade 0: No Apparent DR,train,d0bff5b5d0ae8e34fbd065aad01db49734bbae99685bb99538737b204ef4e831
ee059945b08a,APTOS-P3289,APTOS 2019 (Aravind Eye Hospital),train_images/ee059945b08a.png,2,Grade 2: Moderate NPDR,train,1786afea5a51aa00c20dee4ca57c75f107b0bf1172edb260832d98b141fc6b74
75369248dba0,APTOS-P1621,APTOS 2019 (Aravind Eye Hospital),train_images/75369248dba0.png,0,Grade 0: No Apparent DR,train,d27500c605cc70bef8dd4a10f95af4c4e275bd41033e234ea6a04ab7afc0b5c7
9bbb6c455913,APTOS-P2158,APTOS 2019 (Aravind Eye Hospital),train_images/9bbb6c455913.png,0,Grade 0: No Apparent DR,test,d2d3c3336272d385e503e4ecc57e6d185c823142d444ab05a0b213d70e2aba49
848e66b9e199,APTOS-P1838,APTOS 2019 (Aravind Eye Hospital),train_images/848e66b9e199.png,0,Grade 0: No Apparent DR,test,ff0465f15021e4536d68efc41ac6d71e3ef6a8b12df8080b84be01c5ac9b8b88
6f4e0538d1e4,APTOS-P1557,APTOS 2019 (Aravind Eye Hospital),train_images/6f4e0538d1e4.png,2,Grade 2: Moderate NPDR,val,b50382a687714c3a2900e6381bc8c0b4d782dc3dd707eb9a99e1d059ab497d2b
4d1e7def7624,APTOS-P1069,APTOS 2019 (Aravind Eye Hospital),train_images/4d1e7def7624.png,0,Grade 0: No Apparent DR,test,e0c949906a28ae175d836b011407901a67c9b0c454f5b5991ebd05e32d48f370
3796af4d987a,APTOS-P0765,APTOS 2019 (Aravind Eye Hospital),train_images/3796af4d987a.png,4,Grade 4: Proliferative DR,train,47776d4c104d2ce5e1603b99ed508e75f9bc8ce04357cc688056daa04d4f1738
8b8fe3fc8950,APTOS-P1938,APTOS 2019 (Aravind Eye Hospital),train_images/8b8fe3fc8950.png,0,Grade 0: No Apparent DR,test,4e623907ff558258bae04ecdbc8b41aeb2a34e2d7f8a0b024c77390d5e159c11
09237bf783a4,APTOS-P0119,APTOS 2019 (Aravind Eye Hospital),train_images/09237bf783a4.png,0,Grade 0: No Apparent DR,train,09ca9c3d159eee3469c9b9bc539c4c6a09f4c47731e80c2ecdfdadfdea3d19d4
152db3de8120,APTOS-P0279,APTOS 2019 (Aravind Eye Hospital),train_images/152db3de8120.png,0,Grade 0: No Apparent DR,test,2e8194c259c3e6f9da04626c0dc5e5165b5e0db3e3abaeb709e9cf04e040c6ca
55092c0071eb,APTOS-P1210,APTOS 2019 (Aravind Eye Hospital),train_images/55092c0071eb.png,2,Grade 2: Moderate NPDR,train,e62f9d91858c2084041788dfb0c84f926785ddd328f5c533da350305287e310b
2376e5415458,APTOS-P0494,APTOS 2019 (Aravind Eye Hospital),train_images/2376e5415458.png,2,Grade 2: Moderate NPDR,test,b3abf793c7d922fb6c36a723bb12e5b5541ad6a04df0abeaf2de2a6703f5f3d6
c62585bd68fb,APTOS-P2761,APTOS 2019 (Aravind Eye Hospital),train_images/c62585bd68fb.png,4,Grade 4: Proliferative DR,train,2b4d17b00cb12d7c011fa698a9a6b0432be8d0ef988222faea6f7750dabb4d12
03fd50da928d,APTOS-P0052,APTOS 2019 (Aravind Eye Hospital),train_images/03fd50da928d.png,2,Grade 2: Moderate NPDR,train,ae2ac77097576df4725af67d1ae0086e7b5fe2ef5d095a47bce44d8f52aee8de
d667af5742f6,APTOS-P2967,APTOS 2019 (Aravind Eye Hospital),train_images/d667af5742f6.png,0,Grade 0: No Apparent DR,train,bcf9da700243aa7776f2bc860719e1043f9e6690ca92e6696f56cc959866dbd1
e59c5f345bb0,APTOS-P3182,APTOS 2019 (Aravind Eye Hospital),train_images/e59c5f345bb0.png,0,Grade 0: No Apparent DR,train,938470a2466af9bb98598f713503aa7fccbe4e9276cf3db6649ad34bc5865935
111898ab463d,APTOS-P0235,APTOS 2019 (Aravind Eye Hospital),train_images/111898ab463d.png,1,Grade 1: Mild NPDR,train,eaeba0428eca29b9d3f7701abcdf335fc56598fe638aef0e76d63e3f519fb78c
9ce46d400cd6,APTOS-P2170,APTOS 2019 (Aravind Eye Hospital),train_images/9ce46d400cd6.png,0,Grade 0: No Apparent DR,train,86ecd64f0d658cb570e0d6871ff328467d4307a6fc3cd535dd85564b87920735
01d9477b1171,APTOS-P0025,APTOS 2019 (Aravind Eye Hospital),train_images/01d9477b1171.png,0,Grade 0: No Apparent DR,train,c78f7d906e40aae29290f97c90b2c433835d6db88adda7746cb1bba80cf0a726
bfa30ebf63a8,APTOS-P2682,APTOS 2019 (Aravind Eye Hospital),train_images/bfa30ebf63a8.png,0,Grade 0: No Apparent DR,train,66f591c5af8244975b2ea9df54913c7ab04e78e23d4d257a46cb6a549353ecda
0eb52045349f,APTOS-P0199,APTOS 2019 (Aravind Eye Hospital),train_images/0eb52045349f.png,1,Grade 1: Mild NPDR,train,11160fe6d9f791c81be7406572ef1f3fa9a96fdea9c0ef07c2da9c8a8067db71
345b1f0abbba,APTOS-P0721,APTOS 2019 (Aravind Eye Hospital),train_images/345b1f0abbba.png,0,Grade 0: No Apparent DR,test,25b907c606f9c5aa79d9eded0c4a6b7ab42df3453a0ada1c23a482f0599fa401
cc3d2e961768,APTOS-P2840,APTOS 2019 (Aravind Eye Hospital),train_images/cc3d2e961768.png,4,Grade 4: Proliferative DR,test,b8d367e3f68a9865c128efcc07a80aff3f2b61ffd356f4b2a33169ca1b2e395b
44855f666225,APTOS-P0938,APTOS 2019 (Aravind Eye Hospital),train_images/44855f666225.png,2,Grade 2: Moderate NPDR,train,cfc43f4020ca818713fb6fc997566dff9206074b0afef2d278f618f1c6d18ddd
51030843fde2,APTOS-P1134,APTOS 2019 (Aravind Eye Hospital),train_images/51030843fde2.png,2,Grade 2: Moderate NPDR,train,9275c3a7eb90912515ba1cf41292923cca86b12d39b7d8642fbbeda865dbe764
2b2f5a0f880d,APTOS-P0610,APTOS 2019 (Aravind Eye Hospital),train_images/2b2f5a0f880d.png,0,Grade 0: No Apparent DR,train,3290f892df447bc6a04a46325c7697d9ba6ab223975c323bfd997884a40b912f
2c827005b8f8,APTOS-P0625,APTOS 2019 (Aravind Eye Hospital),train_images/2c827005b8f8.png,0,Grade 0: No Apparent DR,test,47a68de1bda2d4956ecb1334acd43d25ca600a64a5ab1f22412336f35352357b
f30f203ef51e,APTOS-P3349,APTOS 2019 (Aravind Eye Hospital),train_images/f30f203ef51e.png,2,Grade 2: Moderate NPDR,train,1ec369f9878eba7f452a94968372161646ea404e37469d775a009e2a8b3bf699
484dbeb9bf2a,APTOS-P0987,APTOS 2019 (Aravind Eye Hospital),train_images/484dbeb9bf2a.png,0,Grade 0: No Apparent DR,train,8ab6bd3dee0fa33a6111abcd10e10b80e4e8b3f9d42af4cd9fbbb989c1ba3311
a02dfd67a925,APTOS-P2211,APTOS 2019 (Aravind Eye Hospital),train_images/a02dfd67a925.png,0,Grade 0: No Apparent DR,train,7893b06b3ff303931e39465ef3f082f72433022b9a7de5c22f79003970484c63
e26d8718ca58,APTOS-P3137,APTOS 2019 (Aravind Eye Hospital),train_images/e26d8718ca58.png,1,Grade 1: Mild NPDR,train,0c859f9d9f533d0e3f5f84bc0d2d6be4545a88fc613e174c57b875471c6f9866
f2d2a0c92034,APTOS-P3346,APTOS 2019 (Aravind Eye Hospital),train_images/f2d2a0c92034.png,4,Grade 4: Proliferative DR,train,f93f2cd304750a0f40a708f4794db68561d24d7b39d987f846a32be942066d31
4eabad7948cf,APTOS-P1096,APTOS 2019 (Aravind Eye Hospital),train_images/4eabad7948cf.png,0,Grade 0: No Apparent DR,train,7dcf83f57b4041c7a67d2e97878214e1a07c7135e3b331838bc8e1750f572fd3
840527bc6628,APTOS-P1830,APTOS 2019 (Aravind Eye Hospital),train_images/840527bc6628.png,2,Grade 2: Moderate NPDR,train,5ccc82c0336e06086410d9f32c76d124c9a4884a1bfe538296162014f6c1248b
89ee1fa16f90,APTOS-P0937,APTOS 2019 (Aravind Eye Hospital),train_images/89ee1fa16f90.png,2,Grade 2: Moderate NPDR,train,9911a6d1b2e00cafcab3664489b70dfc0f456f2fc265dca1fdeb1d068b8f6867
d436c06f0490,APTOS-P2947,APTOS 2019 (Aravind Eye Hospital),train_images/d436c06f0490.png,0,Grade 0: No Apparent DR,train,2dade40bfd9a6468dbecfd26c44f7f882fce484175d21c94488c1f92997b6157
60f15dd68d30,APTOS-P1356,APTOS 2019 (Aravind Eye Hospital),train_images/60f15dd68d30.png,4,Grade 4: Proliferative DR,val,3a07beb2639b527515cdb01e87b1b963ea06650430e4be998e890f80c835361e
0124dffecf29,APTOS-P0015,APTOS 2019 (Aravind Eye Hospital),train_images/0124dffecf29.png,1,Grade 1: Mild NPDR,train,0b2f360c5e9e78ab5d1fb05906d6236097841be854dcaae19416a9eefc16784e
942f544c4e15,APTOS-P2055,APTOS 2019 (Aravind Eye Hospital),train_images/942f544c4e15.png,0,Grade 0: No Apparent DR,train,b90bef1ee5518241c8f508f4c9b8fb37d07167043a2eb80076e88135271a4430
ed2c52c14493,APTOS-P3278,APTOS 2019 (Aravind Eye Hospital),train_images/ed2c52c14493.png,0,Grade 0: No Apparent DR,train,c364787525b26c1ec1fa84721dbf1a281ed5e2716ade9c6b9f6cb48b60df8717
73ef3c3dcbe4,APTOS-P1609,APTOS 2019 (Aravind Eye Hospital),train_images/73ef3c3dcbe4.png,0,Grade 0: No Apparent DR,test,0ff7b8949296ac2544d88f3ab5b3e3dd4e28880ef3c529125d337f0ae35c5ca3
91cbe1c775ef,APTOS-P1734,APTOS 2019 (Aravind Eye Hospital),train_images/91cbe1c775ef.png,2,Grade 2: Moderate NPDR,train,96ea0e299c6633450dec50e178e18f68e04a9e89da3301096ea8492e04ff86ff
6a905a7202d2,APTOS-P1483,APTOS 2019 (Aravind Eye Hospital),train_images/6a905a7202d2.png,0,Grade 0: No Apparent DR,train,0bac11c3e9cf9eacfea0fd2588e8cd7d00151adc859ba23fbdef3215d3414659
ba4d2c4b3039,APTOS-P2613,APTOS 2019 (Aravind Eye Hospital),train_images/ba4d2c4b3039.png,4,Grade 4: Proliferative DR,val,4b08da78f6d7e1eb16c9eae1559e1a25a5b170b3bf8e9d29c6040d307c208ad6
1a1e974a7dbf,APTOS-P0358,APTOS 2019 (Aravind Eye Hospital),train_images/1a1e974a7dbf.png,0,Grade 0: No Apparent DR,train,090063febbaa526edbc2a3e40932f2ed43c3ea3b57d0dd3f4f1bd654ccf9a035
2da82d14e1b7,APTOS-P0642,APTOS 2019 (Aravind Eye Hospital),train_images/2da82d14e1b7.png,0,Grade 0: No Apparent DR,train,2e21690d56673551193d2c7d6a0aa78b04e3f43a3c8f0bc0662e4411ef0c29f9
39f8935185e6,APTOS-P0794,APTOS 2019 (Aravind Eye Hospital),train_images/39f8935185e6.png,0,Grade 0: No Apparent DR,train,f6a6a3d76781e2663f8de65ec8d44160710cec17be2a2dde8de24f7d995f19d1
bfdee9be1f1d,APTOS-P2687,APTOS 2019 (Aravind Eye Hospital),train_images/bfdee9be1f1d.png,4,Grade 4: Proliferative DR,train,043aa86951d97f5d10b3e1e5cfb8872d18beed4cbdb234e02e1f66fc4e1c3699
4d21ce39c905,APTOS-P1070,APTOS 2019 (Aravind Eye Hospital),train_images/4d21ce39c905.png,2,Grade 2: Moderate NPDR,val,01f52c6aeb778588878e5bfcb0da5c8f62b923bab85855d6152f598384093382
e12b67835e03,APTOS-P3111,APTOS 2019 (Aravind Eye Hospital),train_images/e12b67835e03.png,2,Grade 2: Moderate NPDR,train,555c6072b858113d577cd1cafd495d4b31b83dc46ba8e9f7df9ea4a3b1cd1218
76fe19ff64fb,APTOS-P1652,APTOS 2019 (Aravind Eye Hospital),train_images/76fe19ff64fb.png,2,Grade 2: Moderate NPDR,train,b9b877133ba9ab954c89dfc523268c13005f431b384120689b7b94e3ed1ad54f
b73d0bcd3d33,APTOS-P2560,APTOS 2019 (Aravind Eye Hospital),train_images/b73d0bcd3d33.png,0,Grade 0: No Apparent DR,train,4a9885604665e4d83791891945b74491e8e49b05a750f5020e7f2a0a03a8b104
94f9ecf4b8d2,APTOS-P2063,APTOS 2019 (Aravind Eye Hospital),train_images/94f9ecf4b8d2.png,0,Grade 0: No Apparent DR,train,0c6b86e7798a5eeb4413ca6535ee9a49b23827dfe99c4b9346897b7d725144f9
81914ceb4e74,APTOS-P0370,APTOS 2019 (Aravind Eye Hospital),train_images/81914ceb4e74.png,0,Grade 0: No Apparent DR,train,f38fbb6bae454fe6f2f476e0a508c281f8c0772855d921df625f6ff9b01c4f2e
76bc31e0d3be,APTOS-P1642,APTOS 2019 (Aravind Eye Hospital),train_images/76bc31e0d3be.png,0,Grade 0: No Apparent DR,train,21c4c2366b694701d33bf9be9fd01a2d20ba4e05849fc9febe71716ffd3a9f8b
274f5029189b,APTOS-P0551,APTOS 2019 (Aravind Eye Hospital),train_images/274f5029189b.png,1,Grade 1: Mild NPDR,train,e695bacb1c1a230742b588bb38933511d761b44937575edc3ac935cdbafc7d12
aafb0c944f14,APTOS-P2385,APTOS 2019 (Aravind Eye Hospital),train_images/aafb0c944f14.png,0,Grade 0: No Apparent DR,train,d762856959165098a27d6aff584f89cfbe35b1e2e553874f7fa978ee07892f49
39b5b05d6cd9,APTOS-P0793,APTOS 2019 (Aravind Eye Hospital),train_images/39b5b05d6cd9.png,2,Grade 2: Moderate NPDR,test,a273b2d5d371676cee7471c29927e91870b2c8f5b130eef642f5154fb670c72c
f55e1d2a19e4,APTOS-P3378,APTOS 2019 (Aravind Eye Hospital),train_images/f55e1d2a19e4.png,1,Grade 1: Mild NPDR,test,f783ee887a32d8596807114c7949503373db5910392f0e2cbf261fc2351ca7cc
96793edb1003,APTOS-P2075,APTOS 2019 (Aravind Eye Hospital),train_images/96793edb1003.png,0,Grade 0: No Apparent DR,train,6f87f42c99ecde6a6add92350ff25b1d4650b176da7a7cd6b03d3a3d451f8fe1
401fdfd0db07,APTOS-P0873,APTOS 2019 (Aravind Eye Hospital),train_images/401fdfd0db07.png,0,Grade 0: No Apparent DR,test,15cbd755dd9a6a228b9fc16bbd400a0d512e5a40424d25b3697600402119dc75
3ca637fddd56,APTOS-P0813,APTOS 2019 (Aravind Eye Hospital),train_images/3ca637fddd56.png,4,Grade 4: Proliferative DR,train,6db54c96023df7b7e1c7fd363a619bb8a5d9e46a27e4bade461d6104106e9231
e52ed5c29c5e,APTOS-P3175,APTOS 2019 (Aravind Eye Hospital),train_images/e52ed5c29c5e.png,3,Grade 3: Severe NPDR,train,59438c409a8b04a3a01c45b60d9db5785ec5627a3b05d8d58e83c1d7b504370c
4489d421e5aa,APTOS-P0940,APTOS 2019 (Aravind Eye Hospital),train_images/4489d421e5aa.png,2,Grade 2: Moderate NPDR,train,4a93524cdd67be2a9b1c1530aa7f5fcbee991bd0d4787d15f7123d40a8435dcb
84a72e15b23c,APTOS-P1840,APTOS 2019 (Aravind Eye Hospital),train_images/84a72e15b23c.png,1,Grade 1: Mild NPDR,train,51f037eeb5bd3d586a2de2e9424d11ef7cbb65409e5c48a23d8bff1f18a75d8f
5eb311bcb5f9,APTOS-P1337,APTOS 2019 (Aravind Eye Hospital),train_images/5eb311bcb5f9.png,2,Grade 2: Moderate NPDR,train,3458234213ee0aef52b09e8c9f4ce80558209354175de4b50ca294b1cb6159bf
a3802934bad7,APTOS-P2268,APTOS 2019 (Aravind Eye Hospital),train_images/a3802934bad7.png,2,Grade 2: Moderate NPDR,test,e496f703d1f144981ab2a8532005dfad3a79a135d645e8d9aee32578f844288a
d7bc62d60e8c,APTOS-P2986,APTOS 2019 (Aravind Eye Hospital),train_images/d7bc62d60e8c.png,0,Grade 0: No Apparent DR,train,2f65a055d97f508f18b9e9fe332f57302e3d6949ded41c3d8c855380b126c34c
8a759f94613a,APTOS-P0629,APTOS 2019 (Aravind Eye Hospital),train_images/8a759f94613a.png,2,Grade 2: Moderate NPDR,train,a10a8930d3559bba7b15b62b0541afa696aac84765e5bfdd68e4e220f96ee2bd
3cab32dd6ef9,APTOS-P0832,APTOS 2019 (Aravind Eye Hospital),train_images/3cab32dd6ef9.png,0,Grade 0: No Apparent DR,val,386c5fe1967cac9a59f56597310ada0e6e1c6d55e6b0c6bd6e876cdeec8c8214
1438288bb2e1,APTOS-P0268,APTOS 2019 (Aravind Eye Hospital),train_images/1438288bb2e1.png,2,Grade 2: Moderate NPDR,test,0210453227f41c8ef8b4b4ca593765b1de990fedca352b1b5c0f3f43ad2faceb
9be71d6d7e59,APTOS-P2161,APTOS 2019 (Aravind Eye Hospital),train_images/9be71d6d7e59.png,0,Grade 0: No Apparent DR,train,96a4b3dc6d95f9bb0495f959679a2b83f23ba82500ee1ee6401ecf13449e0c33
0519b934f6b1,APTOS-P0067,APTOS 2019 (Aravind Eye Hospital),train_images/0519b934f6b1.png,2,Grade 2: Moderate NPDR,train,0e89be6a4089d859df94105b7a516681e1c45e41c46dd365bea3b0f304d31204
6fe67fd7f5d1,APTOS-P1564,APTOS 2019 (Aravind Eye Hospital),train_images/6fe67fd7f5d1.png,0,Grade 0: No Apparent DR,test,18fd4339adb8a429834d2f1f12e25262f91b5318a8853a144c37292d9afffa37
b7e0f95353f2,APTOS-P2572,APTOS 2019 (Aravind Eye Hospital),train_images/b7e0f95353f2.png,3,Grade 3: Severe NPDR,val,ab8b91a731570ea57924b1ac25869ae163fb11aec6f3473fe431b1c5845927a0
cf0824f53dd9,APTOS-P2876,APTOS 2019 (Aravind Eye Hospital),train_images/cf0824f53dd9.png,2,Grade 2: Moderate NPDR,train,1fcbd5b811db299e872aece453a299c73a49c30c17163b5061bf692c4c3120a7
cd66754e1b3b,APTOS-P2860,APTOS 2019 (Aravind Eye Hospital),train_images/cd66754e1b3b.png,0,Grade 0: No Apparent DR,train,8dab67b1c7a0df7925eba23af126a16c7301279786e7247b3eb404350e1d192e
bfda2fd0533a,APTOS-P2686,APTOS 2019 (Aravind Eye Hospital),train_images/bfda2fd0533a.png,2,Grade 2: Moderate NPDR,val,b6468eaaff8559b0605f9d60e69b16b4aea138b294b019de6b47924c31b9ba45
da6389d129aa,APTOS-P3033,APTOS 2019 (Aravind Eye Hospital),train_images/da6389d129aa.png,0,Grade 0: No Apparent DR,train,515336616c7f6ad62acecad51bba44c75228232e5476b6b424fc24abc389b1fe
8dafa62f9322,APTOS-P1963,APTOS 2019 (Aravind Eye Hospital),train_images/8dafa62f9322.png,0,Grade 0: No Apparent DR,train,ef8f376ec100f02e976a650a5707af90989d0f99d0a6592c4ead4a2d24714fc8
4ad8d3ec8789,APTOS-P1032,APTOS 2019 (Aravind Eye Hospital),train_images/4ad8d3ec8789.png,0,Grade 0: No Apparent DR,val,14f780287d2f587bae65012e7634ce7ef2c9bd3e99b35ad83b92dd5091f5bfe4
a8eb35b3bcd2,APTOS-P2352,APTOS 2019 (Aravind Eye Hospital),train_images/a8eb35b3bcd2.png,2,Grade 2: Moderate NPDR,train,278b58431994af6311ccdb9bbe46fac7f8ec4fc8d1c0f770ce76fd9eb2535dc5
2ef10194e80d,APTOS-P0651,APTOS 2019 (Aravind Eye Hospital),train_images/2ef10194e80d.png,0,Grade 0: No Apparent DR,train,e37526aa00f9aae3b2d57a7ffa8286fabf8ffe4a8f6bc85349be1bc7d3056117
c58e5c0c5b33,APTOS-P2749,APTOS 2019 (Aravind Eye Hospital),train_images/c58e5c0c5b33.png,0,Grade 0: No Apparent DR,train,c0ce5e8248f1c98ec7104b0155e6d5693e9c8ffec15a726b0d021838219dd1d2
830e297965a1,APTOS-P1815,APTOS 2019 (Aravind Eye Hospital),train_images/830e297965a1.png,0,Grade 0: No Apparent DR,val,20675ac46f17bbd56409ba07e8f9999d11c4b1e44430dad99ae81e82aef37b24
705f508d1e42,APTOS-P1566,APTOS 2019 (Aravind Eye Hospital),train_images/705f508d1e42.png,0,Grade 0: No Apparent DR,train,bc27204f884e86794b68a56248c1073083ad4d4489a23cc22bcde8d6f1be7d77
c4a8f2fcf6e8,APTOS-P2738,APTOS 2019 (Aravind Eye Hospital),train_images/c4a8f2fcf6e8.png,1,Grade 1: Mild NPDR,val,22d00f7587fbb3c16ff2bbe569c5e72fdd4bd82e6a9569df97e0a21f8a664d95
0ce062f26edc,APTOS-P0173,APTOS 2019 (Aravind Eye Hospital),train_images/0ce062f26edc.png,0,Grade 0: No Apparent DR,train,7f3897126d54190c24a18d69e258c55a19990803dcfefacb95ec3bd94ceda21a
71c1a3cdbe47,APTOS-P1579,APTOS 2019 (Aravind Eye Hospital),train_images/71c1a3cdbe47.png,1,Grade 1: Mild NPDR,test,16c23d9354d23c8658a8d168881b8beb4ab465722816d6f63c96ff7e291643e8
04579e31e4be,APTOS-P0058,APTOS 2019 (Aravind Eye Hospital),train_images/04579e31e4be.png,0,Grade 0: No Apparent DR,train,ec7c89431b755a0751c44ce406d2f16ed177b281fd7bf2dba4082a91a931009a
b09101adb478,APTOS-P2474,APTOS 2019 (Aravind Eye Hospital),train_images/b09101adb478.png,0,Grade 0: No Apparent DR,train,5c3c8514fd58db8e547cfa5eee24ca96b9118d2bceb5c885fb1e9a39039c7042
54b322c66d01,APTOS-P1203,APTOS 2019 (Aravind Eye Hospital),train_images/54b322c66d01.png,0,Grade 0: No Apparent DR,train,8bb5a6f599c95ac3b1a85f77c87956f50a8b6236bd95e53c7f90da233b4b506c
682312e82ee3,APTOS-P1457,APTOS 2019 (Aravind Eye Hospital),train_images/682312e82ee3.png,0,Grade 0: No Apparent DR,train,f9f0c8b172767021024601c9139f8e68c41df3838884c45c861680f369e009fc
4dbce359d0e1,APTOS-P1076,APTOS 2019 (Aravind Eye Hospital),train_images/4dbce359d0e1.png,2,Grade 2: Moderate NPDR,train,7bcb6b989d7cebdad82f15e08bd3595db9e9024a4133ce0aef9597efb1273877
f72adcac5638,APTOS-P3409,APTOS 2019 (Aravind Eye Hospital),train_images/f72adcac5638.png,4,Grade 4: Proliferative DR,train,8db0a9d7f3c7af790ada70bcb024f417e897c05d242ff6e8464067349f0c11fa
7247a2c97f71,APTOS-P1587,APTOS 2019 (Aravind Eye Hospital),train_images/7247a2c97f71.png,2,Grade 2: Moderate NPDR,train,5d0c452429d5e2ab77878f8d91c0dff6fe8c4a2669cf44f1d7827dadcddbfb2f
405085b53d7b,APTOS-P0877,APTOS 2019 (Aravind Eye Hospital),train_images/405085b53d7b.png,0,Grade 0: No Apparent DR,train,459f88781a5d18ee9504886e928c5cf2911725823c28ee77f7f857126496ec84
9d9bfefa809c,APTOS-P2178,APTOS 2019 (Aravind Eye Hospital),train_images/9d9bfefa809c.png,2,Grade 2: Moderate NPDR,train,641b6f594b502b2d709dbb96f76027a0b40b1ea1ec97c5cf2d3f4e213f70b63d
9f8112c710be,APTOS-P2200,APTOS 2019 (Aravind Eye Hospital),train_images/9f8112c710be.png,0,Grade 0: No Apparent DR,train,fcb976471ac6f96d69f8c568831a3a4921031427275f14c7269ca309d15d5836
f4de9620e3f2,APTOS-P3372,APTOS 2019 (Aravind Eye Hospital),train_images/f4de9620e3f2.png,0,Grade 0: No Apparent DR,train,99890c95dd15269b6f1c14849fbf046335780f66766ffcd80ccddf336f8124e4
0182152c50de,APTOS-P0022,APTOS 2019 (Aravind Eye Hospital),train_images/0182152c50de.png,0,Grade 0: No Apparent DR,train,6de20074e079cb3a99780febd6b5de8ae9d75617d6ebf7008f4cdee6c539ba6e
c98f623d08d1,APTOS-P2800,APTOS 2019 (Aravind Eye Hospital),train_images/c98f623d08d1.png,0,Grade 0: No Apparent DR,val,43b3fb3fd80f0beb7b3d61ae27e1e09ce877d33b13c48804c63e81021bde0449
19ef4d292196,APTOS-P0353,APTOS 2019 (Aravind Eye Hospital),train_images/19ef4d292196.png,4,Grade 4: Proliferative DR,train,41cd2cbd1467b851b67975cc3770c9e16a8eb9a7b47d437dcabc17504eb734e8
7adfb8fc0621,APTOS-P1702,APTOS 2019 (Aravind Eye Hospital),train_images/7adfb8fc0621.png,0,Grade 0: No Apparent DR,val,c4b7792570770cb41bea833698a083c757b308b06dbbb04e421c42cc40fbd643
c94f37085d0f,APTOS-P2797,APTOS 2019 (Aravind Eye Hospital),train_images/c94f37085d0f.png,0,Grade 0: No Apparent DR,train,d359ea6d96cedb1a53d81752d8b8b2fd7c18938f98977f4cad3eabbca55765a7
7525ebb3434d,APTOS-P0834,APTOS 2019 (Aravind Eye Hospital),train_images/7525ebb3434d.png,3,Grade 3: Severe NPDR,train,8acac93eb81df562656f853acaa37129a418ff9258d8bc1c70749de51d79b0e5
99240ee00485,APTOS-P2118,APTOS 2019 (Aravind Eye Hospital),train_images/99240ee00485.png,0,Grade 0: No Apparent DR,test,375814c423ced2c2dfa1dd8c9e5d93c8b9cf3e8a95924f1a59bccb99070c29e1
3f8d5c940ba4,APTOS-P0864,APTOS 2019 (Aravind Eye Hospital),train_images/3f8d5c940ba4.png,2,Grade 2: Moderate NPDR,train,e242465766516b72aaf8170dd9ab4add20547eed39bbf7d8a082b51bdac99825
af6a1508cd95,APTOS-P2458,APTOS 2019 (Aravind Eye Hospital),train_images/af6a1508cd95.png,0,Grade 0: No Apparent DR,train,324cf66ed54be787e2897299fabd6ce62d41a4bca92f8f5e076d85813c449fef
2f42e20db938,APTOS-P0657,APTOS 2019 (Aravind Eye Hospital),train_images/2f42e20db938.png,3,Grade 3: Severe NPDR,test,a9a4553aab925dbc958a9cd91e74dc9164e023b2e83791ec70904b157d866fd5
913490237ad4,APTOS-P2016,APTOS 2019 (Aravind Eye Hospital),train_images/913490237ad4.png,3,Grade 3: Severe NPDR,test,afb0ef4e83e6486514f9c09866b7b70a0125d4548236f46cedc9f11915f801aa
15b21c80cc31,APTOS-P0285,APTOS 2019 (Aravind Eye Hospital),train_images/15b21c80cc31.png,0,Grade 0: No Apparent DR,train,2947ceddf3cbb72432a3b4171928a325476d88fffe0716986b824fa74921a03f
af5a0bc4e1fa,APTOS-P2456,APTOS 2019 (Aravind Eye Hospital),train_images/af5a0bc4e1fa.png,0,Grade 0: No Apparent DR,test,175dfbd6b20eefbdda2736774ade719abc5ebe9fe43c3a3a722e5b797bc8ce52
1ca62b3e4fd3,APTOS-P0393,APTOS 2019 (Aravind Eye Hospital),train_images/1ca62b3e4fd3.png,0,Grade 0: No Apparent DR,train,a5177d2b9b43c9f8722aa0854dfd49a3cf93abdbe2df92a43c9b2a932e907dba
c58971bcebb2,APTOS-P2748,APTOS 2019 (Aravind Eye Hospital),train_images/c58971bcebb2.png,0,Grade 0: No Apparent DR,train,5cdf85f16cf74f3e1d5c56d7214d8e3fd5c6463c7ccf0828558ed2175df6c1a4
6f4719c6bb4b,APTOS-P1556,APTOS 2019 (Aravind Eye Hospital),train_images/6f4719c6bb4b.png,4,Grade 4: Proliferative DR,train,ad13619a32087eb92c3187b19377a1b805a2972ea8e6451ba2b60dc42ef5c3ae
6324d77cf926,APTOS-P1388,APTOS 2019 (Aravind Eye Hospital),train_images/6324d77cf926.png,0,Grade 0: No Apparent DR,train,d747912bab4b38e579337886720f1bdf33d5b3141a17030775a5bb0f143dac2b
c0a0828e01b4,APTOS-P2697,APTOS 2019 (Aravind Eye Hospital),train_images/c0a0828e01b4.png,3,Grade 3: Severe NPDR,train,0186f2df86c0772ee773e1e3dbfac86c5ec2dc45a9a0de1bd92b60bc4a7b1679
ae2e888905ba,APTOS-P2434,APTOS 2019 (Aravind Eye Hospital),train_images/ae2e888905ba.png,0,Grade 0: No Apparent DR,test,284d098dfd0c6e223596c232e672a3dab84293692608fd4cadeb220821932b5e
83517eaeccb9,APTOS-P1818,APTOS 2019 (Aravind Eye Hospital),train_images/83517eaeccb9.png,0,Grade 0: No Apparent DR,train,006c2f4eebe0c438e653f11cfa1b74b56c9092ef8967b404e644af3ff10b861f
1d55e689cf84,APTOS-P0407,APTOS 2019 (Aravind Eye Hospital),train_images/1d55e689cf84.png,2,Grade 2: Moderate NPDR,train,c36a5ca1eae908f4a02329ccd925643a10fdf04db6df19a70eeeec41d595d7d8
91cf56d3d1af,APTOS-P2023,APTOS 2019 (Aravind Eye Hospital),train_images/91cf56d3d1af.png,3,Grade 3: Severe NPDR,val,1297ccfe3807baafb870c4f9ed49357dbba8674f8021be3dba1bbe9f04dc8851
d2afca74cbc3,APTOS-P2926,APTOS 2019 (Aravind Eye Hospital),train_images/d2afca74cbc3.png,0,Grade 0: No Apparent DR,train,3d4d09a0e26c1d89789b2bcdb967ac69638b40aa518e3454293653a203271c23
905cc86bf100,APTOS-P2003,APTOS 2019 (Aravind Eye Hospital),train_images/905cc86bf100.png,4,Grade 4: Proliferative DR,train,cf9cff4cfab114924ec30695b29dedd7268a8893f31b8fb32faeebf1d2bad9b9
54cab3596214,APTOS-P1206,APTOS 2019 (Aravind Eye Hospital),train_images/54cab3596214.png,2,Grade 2: Moderate NPDR,val,f5e5e5823ff647311bb632625e0797093988a93608c47d0aea97fc5f4d00dce5
1e036f2e7095,APTOS-P0423,APTOS 2019 (Aravind Eye Hospital),train_images/1e036f2e7095.png,0,Grade 0: No Apparent DR,train,163925f46d96e8630e995206df57b2a8c4fb062d150464d22fc65616b1225c7e
5299a532f0e0,APTOS-P1174,APTOS 2019 (Aravind Eye Hospital),train_images/5299a532f0e0.png,0,Grade 0: No Apparent DR,train,4e229e6280faed604ac7028a7517e1b2f99bd75687bc7fa64e9149b560c88f60
33b893e18eb3,APTOS-P0710,APTOS 2019 (Aravind Eye Hospital),train_images/33b893e18eb3.png,1,Grade 1: Mild NPDR,train,bc9e846e6edc9446e0f196e150e5c362eba41a3e0daf4bf2fe003aba680dab26
8e20b8fac7c3,APTOS-P1969,APTOS 2019 (Aravind Eye Hospital),train_images/8e20b8fac7c3.png,2,Grade 2: Moderate NPDR,train,0161897e01c6bbe0dbbad678821cea535fb5ed15f5159bbb18d51718852fe1a4
23fca0693e2a,APTOS-P0500,APTOS 2019 (Aravind Eye Hospital),train_images/23fca0693e2a.png,2,Grade 2: Moderate NPDR,train,5efa3a913ca37aa88ea92370d9bba458ce63000795554f67e8b500424bb88353
9c6512166557,APTOS-P2166,APTOS 2019 (Aravind Eye Hospital),train_images/9c6512166557.png,0,Grade 0: No Apparent DR,train,c33d909a11bc25dad7b3ba8db5686b6ff29462073fcb6fac0d6f9020c8253f45
9a159d4674cd,APTOS-P2131,APTOS 2019 (Aravind Eye Hospital),train_images/9a159d4674cd.png,0,Grade 0: No Apparent DR,train,6b17637e9b559915ab1de74f5c5c73cea3e83e6f72da39df22cc7aacdf8778ee
31cb39681f6a,APTOS-P0692,APTOS 2019 (Aravind Eye Hospital),train_images/31cb39681f6a.png,1,Grade 1: Mild NPDR,test,b0bc475917d4717a6ffb0c842cd011a74c7d1a12ecb6f5f22cbd9eeb519aee7e
7a6495a39d87,APTOS-P1696,APTOS 2019 (Aravind Eye Hospital),train_images/7a6495a39d87.png,0,Grade 0: No Apparent DR,train,6be86cff602ae261444988f1792f18d7110fc7c3420252e4acbbe04c32f0179b
4d7d6928534a,APTOS-P1073,APTOS 2019 (Aravind Eye Hospital),train_images/4d7d6928534a.png,1,Grade 1: Mild NPDR,train,e6e10aba0f04f538b748e7c58f4f011fc9474d3a91fa25b59f143a22ea4bebc8
8a9bef2fbd4e,APTOS-P1923,APTOS 2019 (Aravind Eye Hospital),train_images/8a9bef2fbd4e.png,3,Grade 3: Severe NPDR,train,7787fb9aafc586fcbc504a74422a22c19fd141a59d4ba9302043182401b9d659
a07efb1ecfc0,APTOS-P2220,APTOS 2019 (Aravind Eye Hospital),train_images/a07efb1ecfc0.png,0,Grade 0: No Apparent DR,train,54dfb9676ea206cc477a09d49563291959f6020c347e493278fd7b9033c3ec35
c406325360b1,APTOS-P2734,APTOS 2019 (Aravind Eye Hospital),train_images/c406325360b1.png,2,Grade 2: Moderate NPDR,test,361269750e3fc38cdd56088c077bab91e4f8586304ab11a20cb58fb4c223ff15
82deb07a6618,APTOS-P1811,APTOS 2019 (Aravind Eye Hospital),train_images/82deb07a6618.png,2,Grade 2: Moderate NPDR,train,c5b23fa492e388542c769f700f0060bfeeef6aee443c16931f8b473d91bc997a
857230f64a2e,APTOS-P1850,APTOS 2019 (Aravind Eye Hospital),train_images/857230f64a2e.png,4,Grade 4: Proliferative DR,test,28c5336b0ee7742f9ac8daf2daf442831bc3095a5cf525a3b882979230eb91df
916ec976ff30,APTOS-P2019,APTOS 2019 (Aravind Eye Hospital),train_images/916ec976ff30.png,3,Grade 3: Severe NPDR,train,c2eefc55c9ffda757f92c7f2701c9bc1f221289de3e6ab422074d17a8cbb8042
cb547e723a16,APTOS-P2830,APTOS 2019 (Aravind Eye Hospital),train_images/cb547e723a16.png,4,Grade 4: Proliferative DR,train,a958861102dbe4de063b3c1945a0bc58995f33356d244ce446d671183edf35c8
b310bd564329,APTOS-P2503,APTOS 2019 (Aravind Eye Hospital),train_images/b310bd564329.png,3,Grade 3: Severe NPDR,train,eecc453d044cf0f1435c49287370a73dfad1d9eebaba3917a1b9996156496f97
c12e9ca420a5,APTOS-P2702,APTOS 2019 (Aravind Eye Hospital),train_images/c12e9ca420a5.png,0,Grade 0: No Apparent DR,train,621610e876c9c75ab0a0b550178d177b73b2eeae34bfd7c7ed0b4f886a7bebef
2a2a6435f7f3,APTOS-P0597,APTOS 2019 (Aravind Eye Hospital),train_images/2a2a6435f7f3.png,0,Grade 0: No Apparent DR,train,d460f89399a60066d4e547608258e721a5f3b8b870b57e0337d91ea6c2daea04
93d6d20a5ee3,APTOS-P2050,APTOS 2019 (Aravind Eye Hospital),train_images/93d6d20a5ee3.png,0,Grade 0: No Apparent DR,train,d9c5f5adb2ea55d919787628979c826893f9fb3920c1aa7eab0d0832e2e98a89
ab32db41c409,APTOS-P2389,APTOS 2019 (Aravind Eye Hospital),train_images/ab32db41c409.png,0,Grade 0: No Apparent DR,train,0cea0116e341e4933ca3705d7f9db91c5d00357d94d590f9a4a1d24cbf489c33
af6166d57f13,APTOS-P2457,APTOS 2019 (Aravind Eye Hospital),train_images/af6166d57f13.png,0,Grade 0: No Apparent DR,test,1697b966c498ece2c681837493322734fd7b74bbcab6b81600008d018c4dea1f
10eefba568dd,APTOS-P0229,APTOS 2019 (Aravind Eye Hospital),train_images/10eefba568dd.png,2,Grade 2: Moderate NPDR,train,981b3d5d405a800ed314b6dd60005a6b6b907187e6efab00930e878d12860244
461fa5292fda,APTOS-P0963,APTOS 2019 (Aravind Eye Hospital),train_images/461fa5292fda.png,0,Grade 0: No Apparent DR,train,493664b630399d25f5d203fdc2519efdb915373f1845eb96332cf0445f91277a
ac17cc18a994,APTOS-P2406,APTOS 2019 (Aravind Eye Hospital),train_images/ac17cc18a994.png,0,Grade 0: No Apparent DR,train,cb951be430d26bcf1c000495637dc8eddc57db394fcae683eba2abc549a23772
8d4ff745a409,APTOS-P1959,APTOS 2019 (Aravind Eye Hospital),train_images/8d4ff745a409.png,0,Grade 0: No Apparent DR,train,052728d5d221725983c73b1ed6968962fadf447cc41b1d4185992c862c600bfb
cac80797770f,APTOS-P2818,APTOS 2019 (Aravind Eye Hospital),train_images/cac80797770f.png,2,Grade 2: Moderate NPDR,train,bd0fc35313142b4826ad6374494a59408e3ee3dcc5887bb3bc5de18d0ad271e6
a2b97d98f130,APTOS-P2256,APTOS 2019 (Aravind Eye Hospital),train_images/a2b97d98f130.png,0,Grade 0: No Apparent DR,train,b310660f2462fa51c48dee6435777eec6b8e47f02189d9eebf2c1be0c714c1bf
312694ea8e6a,APTOS-P0681,APTOS 2019 (Aravind Eye Hospital),train_images/312694ea8e6a.png,4,Grade 4: Proliferative DR,train,340846498bf27f40703e7cb8a2d368d92a2bc2d9a96fc80fd6e3111335b80336
807135cbc438,APTOS-P1778,APTOS 2019 (Aravind Eye Hospital),train_images/807135cbc438.png,2,Grade 2: Moderate NPDR,train,ccae2158c749030f9975bd88dea95aced17ca0d45edbe756c5302db6d813c37b
e5197d77ec68,APTOS-P3173,APTOS 2019 (Aravind Eye Hospital),train_images/e5197d77ec68.png,0,Grade 0: No Apparent DR,train,787a04da1006de2ad46583a489f2f4bd4f046170370c910be586bd7d72abf96e
ed6704e3b72e,APTOS-P3282,APTOS 2019 (Aravind Eye Hospital),train_images/ed6704e3b72e.png,3,Grade 3: Severe NPDR,train,7e02702d64e6695e55b539a0a11795cfba42adcb4cb1c976fb2b538876697355
b67ae80f7eba,APTOS-P2547,APTOS 2019 (Aravind Eye Hospital),train_images/b67ae80f7eba.png,0,Grade 0: No Apparent DR,test,2a0caeddf281a5ed8ab8d95dae3ddfaa5eb8bce5ee7cb07020cc9dcc1f5fd277
3c311c9109b0,APTOS-P0823,APTOS 2019 (Aravind Eye Hospital),train_images/3c311c9109b0.png,2,Grade 2: Moderate NPDR,train,447ed02f2ea44b987d00a76bfa828fa7e053935f260476830f9b98956528765f
72595230840c,APTOS-P1588,APTOS 2019 (Aravind Eye Hospital),train_images/72595230840c.png,3,Grade 3: Severe NPDR,test,9c4af71a81b94acccc649f7ddfca64a90f2b6ed9e7d9746b63da1b2b4f0fb58e
61e301bd3c25,APTOS-P1374,APTOS 2019 (Aravind Eye Hospital),train_images/61e301bd3c25.png,4,Grade 4: Proliferative DR,train,7b11de408a63f42c9693a7fd5ee171700f657a129eeee60c568bde10b55f032b
2f7fbdcc9a4b,APTOS-P0661,APTOS 2019 (Aravind Eye Hospital),train_images/2f7fbdcc9a4b.png,0,Grade 0: No Apparent DR,train,960c20addef4d436fbf2e5b3c570ad426ca6c4ddc98c3dcaa37649fb8f4e69bd
155e2df6bfcf,APTOS-P0282,APTOS 2019 (Aravind Eye Hospital),train_images/155e2df6bfcf.png,0,Grade 0: No Apparent DR,train,1226c07177f347d482ffbec31e95ccf9caadc999e6a148bad7796d8f247dc52a
3fe282197c1c,APTOS-P0870,APTOS 2019 (Aravind Eye Hospital),train_images/3fe282197c1c.png,0,Grade 0: No Apparent DR,train,c71bb3bf0e4c555b3c3a207a59eba8ac9fd088472632725c52ab71f0a5923b6a
a3132c8828e4,APTOS-P2262,APTOS 2019 (Aravind Eye Hospital),train_images/a3132c8828e4.png,0,Grade 0: No Apparent DR,train,bf9540fa7f75b0f6fe3aea42e5264e36b1c256f573aa5cac6a95864656209fc4
a9c7b83caf81,APTOS-P2364,APTOS 2019 (Aravind Eye Hospital),train_images/a9c7b83caf81.png,2,Grade 2: Moderate NPDR,train,3b93bf386e30ddd2430485b6aa652216ed3c5907efc55844a89256a445ae370a
bab776139279,APTOS-P2617,APTOS 2019 (Aravind Eye Hospital),train_images/bab776139279.png,0,Grade 0: No Apparent DR,train,e99c57f40a936e7d774e8ffd89d37f44fbecf62fb553d80975c81a475d7476de
bffca6eeb2bf,APTOS-P2690,APTOS 2019 (Aravind Eye Hospital),train_images/bffca6eeb2bf.png,0,Grade 0: No Apparent DR,train,8ec88df04789bd30bb67f7d4eb18cc83bcb73658714aa450149f1a449f8a130e
86fbac86ed3e,APTOS-P1867,APTOS 2019 (Aravind Eye Hospital),train_images/86fbac86ed3e.png,2,Grade 2: Moderate NPDR,train,efdd6c7ded7c0910d4e47c8561ccc3712e7f9363966fe524c2097d5deac25867
c8d2d32f7f29,APTOS-P0044,APTOS 2019 (Aravind Eye Hospital),train_images/c8d2d32f7f29.png,4,Grade 4: Proliferative DR,train,96f7da9850532e543e87f811cba5c0bc1f8a2df8346cf24ce4fb00d0ba66e4ff
166068a24416,APTOS-P0305,APTOS 2019 (Aravind Eye Hospital),train_images/166068a24416.png,3,Grade 3: Severe NPDR,train,b85ff0aaabeae347598dac01c1b513a043af97f0c37f8e32951aa3b237e6f113
02dda30d3acf,APTOS-P0039,APTOS 2019 (Aravind Eye Hospital),train_images/02dda30d3acf.png,4,Grade 4: Proliferative DR,train,56635711ac47db604bd9f4291bf25b46b60837a775114c9c9ae8c123a0b0236f
e740af6ac6ea,APTOS-P2112,APTOS 2019 (Aravind Eye Hospital),train_images/e740af6ac6ea.png,4,Grade 4: Proliferative DR,train,23822f1b05217f34e55dba2d7c2ffc277492453af8f166b8a5a727f22096f27a
6d7d26025122,APTOS-P1530,APTOS 2019 (Aravind Eye Hospital),train_images/6d7d26025122.png,4,Grade 4: Proliferative DR,train,c24319931a0d30bb60424240e51521d5da47ccd3e0b5d0f3779e2a522c66da0b
6dc07f968794,APTOS-P1534,APTOS 2019 (Aravind Eye Hospital),train_images/6dc07f968794.png,0,Grade 0: No Apparent DR,test,4d73d8663aa9faafc0e79d493eafdcda9d0bdba152b551565d992a0b61c62d20
094858f005ab,APTOS-P0123,APTOS 2019 (Aravind Eye Hospital),train_images/094858f005ab.png,2,Grade 2: Moderate NPDR,train,6adcf62fad1d97726bb02bd63d974106f9f15f25bc34e575b37f9cdf90316ed3
f06e7a9df795,APTOS-P3324,APTOS 2019 (Aravind Eye Hospital),train_images/f06e7a9df795.png,0,Grade 0: No Apparent DR,train,e587011b0f73553f7a27406fce646d20c5dc93e4b06f0155b6c396b1d629ce01
e7a372a1c3a4,APTOS-P3209,APTOS 2019 (Aravind Eye Hospital),train_images/e7a372a1c3a4.png,2,Grade 2: Moderate NPDR,train,3de6209cd6f7ee2849e851099474f687adb22ae28ab0252bb7d2fa7d08a583ad
6c250a30593b,APTOS-P1502,APTOS 2019 (Aravind Eye Hospital),train_images/6c250a30593b.png,4,Grade 4: Proliferative DR,test,1e797fc5b465373990aacf37ba6316381af592a5f27289b584c5c122e0712b1a
6ccfdb031184,APTOS-P1514,APTOS 2019 (Aravind Eye Hospital),train_images/6ccfdb031184.png,0,Grade 0: No Apparent DR,train,4a111c943345a63ae92a145d40b8d50040e8a3681072d9e965ba2ae900781fc5
cbc2e57447c2,APTOS-P2835,APTOS 2019 (Aravind Eye Hospital),train_images/cbc2e57447c2.png,2,Grade 2: Moderate NPDR,val,835bd51695afd3313282cdc431575df781ec959361cce18ae1446c00726dd3c2
0ca0aee4d57e,APTOS-P0167,APTOS 2019 (Aravind Eye Hospital),train_images/0ca0aee4d57e.png,2,Grade 2: Moderate NPDR,test,f6e9023fbd3662e6f157fbab7e85579278a1899c72efcff5c2ae5deefe5dfd58
18cde9649e90,APTOS-P0335,APTOS 2019 (Aravind Eye Hospital),train_images/18cde9649e90.png,0,Grade 0: No Apparent DR,train,052a14d8804b762383a4d2df0eeace001430948075f2068dcd6505a05cf4672a
a9bc2f892cb3,APTOS-P2363,APTOS 2019 (Aravind Eye Hospital),train_images/a9bc2f892cb3.png,0,Grade 0: No Apparent DR,train,c80c922f35599d904065e60d8b4acc1bb14c571f8661fd9bf14feae17869f9fb
c7d0deb71576,APTOS-P2783,APTOS 2019 (Aravind Eye Hospital),train_images/c7d0deb71576.png,0,Grade 0: No Apparent DR,train,71213ae9dcd88c1558ec4b16d1b158fbd9e56420f93f67a9d4f67fdfcfec4943
07a0be6b347f,APTOS-P0097,APTOS 2019 (Aravind Eye Hospital),train_images/07a0be6b347f.png,0,Grade 0: No Apparent DR,train,89687fd0a560ab7ab545b17341ff953407e07dc3734fce70a8be6dddbfc03dfd
201f882365d3,APTOS-P0455,APTOS 2019 (Aravind Eye Hospital),train_images/201f882365d3.png,0,Grade 0: No Apparent DR,train,8fd9ac228802d4a20ad8ddf391b407edd3623af54814581f433a5ee52afd637f
90a786abe58e,APTOS-P2008,APTOS 2019 (Aravind Eye Hospital),train_images/90a786abe58e.png,0,Grade 0: No Apparent DR,train,e8748ebea0da77affc3fa9b14486f1a7286b477e6e05b5135795248bda9398b8
cff262ed8f4c,APTOS-P2886,APTOS 2019 (Aravind Eye Hospital),train_images/cff262ed8f4c.png,0,Grade 0: No Apparent DR,train,7589cee7515d9783df5da7bc6ece8605e9fe99b3f4a4862ad71c942343d460cb
b759cbef90c5,APTOS-P2563,APTOS 2019 (Aravind Eye Hospital),train_images/b759cbef90c5.png,0,Grade 0: No Apparent DR,train,8244d5f553f8431657407ae6152de7d88cd81ee8fcf8349e6aedb2df4431aeb3
1df1530b9b8d,APTOS-P0419,APTOS 2019 (Aravind Eye Hospital),train_images/1df1530b9b8d.png,0,Grade 0: No Apparent DR,train,874b7f86bea22d6d3d760c031b16cff1de25314bf6ddd57617a24f992fcb6e2c
b402b18d99a5,APTOS-P2513,APTOS 2019 (Aravind Eye Hospital),train_images/b402b18d99a5.png,2,Grade 2: Moderate NPDR,train,1ff859f2a619955ac2eded79726546443f943a8ddc69f03fa28b7d41711ac64f
2cef97083e6f,APTOS-P0631,APTOS 2019 (Aravind Eye Hospital),train_images/2cef97083e6f.png,2,Grade 2: Moderate NPDR,train,398f218778b494f13640ef5644342423051dd09cfb3868d1462777c53b0f8711
dd110d2b8c21,APTOS-P3062,APTOS 2019 (Aravind Eye Hospital),train_images/dd110d2b8c21.png,2,Grade 2: Moderate NPDR,train,683560d3724a57acade8c2bdc65232a24f5b7cc49d7ffb170f32f81924c8d291
763ad1236efe,APTOS-P1637,APTOS 2019 (Aravind Eye Hospital),train_images/763ad1236efe.png,0,Grade 0: No Apparent DR,test,c403de19c9b41a1047f3207fd558158641ebf4289e21bc1308a65a94bb0c0d44
5288f7441f64,APTOS-P1171,APTOS 2019 (Aravind Eye Hospital),train_images/5288f7441f64.png,0,Grade 0: No Apparent DR,test,0ec07ff5b9e6f98b9e2451934b70473672d23938f4c95b88775443d9906278f0
49e4b95ee2dc,APTOS-P1012,APTOS 2019 (Aravind Eye Hospital),train_images/49e4b95ee2dc.png,0,Grade 0: No Apparent DR,train,a22df025123207fcd854d45ecbe819f8f32fd1c081fc190856b7b1b2b10d3c08
76f3473df8a6,APTOS-P1651,APTOS 2019 (Aravind Eye Hospital),train_images/76f3473df8a6.png,0,Grade 0: No Apparent DR,train,abbc5bc895af4fde1f7c3e5b1b7eab6eab24e4fe1c4a2e20020abaefc560e346
894a37fc3738,APTOS-P1902,APTOS 2019 (Aravind Eye Hospital),train_images/894a37fc3738.png,0,Grade 0: No Apparent DR,train,a1f6c72e36201860599dfa856687b33324b3101ab80e64dbcbeb462c5d2a4b1f
6a57a3db3eff,APTOS-P1482,APTOS 2019 (Aravind Eye Hospital),train_images/6a57a3db3eff.png,0,Grade 0: No Apparent DR,train,a2535ede49a8b9389ed1752a9224fccc139300d533a8ec4a91f416ae35e7cdac
69fff98cb32a,APTOS-P1478,APTOS 2019 (Aravind Eye Hospital),train_images/69fff98cb32a.png,4,Grade 4: Proliferative DR,val,209399aa5c4ec77071abdb17fdd2a6e18ba521569874296ea6528578b5ab4eb1
041f09eec1e8,APTOS-P0055,APTOS 2019 (Aravind Eye Hospital),train_images/041f09eec1e8.png,2,Grade 2: Moderate NPDR,train,98e73a4205285af657582bfeb927cc82a3f99bef0077ea54f048ca7ebfe29b6e
2682e6da9050,APTOS-P0538,APTOS 2019 (Aravind Eye Hospital),train_images/2682e6da9050.png,0,Grade 0: No Apparent DR,test,e075e29dd6314f4c377b8904a1aea73ae5d4a74724ea4f5deea63d3f566590d9
025a169a0bb0,APTOS-P0034,APTOS 2019 (Aravind Eye Hospital),train_images/025a169a0bb0.png,2,Grade 2: Moderate NPDR,train,51e7f9c50f69545cf3412c717cf8f4f2d69ec3ddb37ef02955385fc2305724a1
1509d097b69a,APTOS-P0276,APTOS 2019 (Aravind Eye Hospital),train_images/1509d097b69a.png,0,Grade 0: No Apparent DR,train,655190d70baae0e9b0278c9b024489ba6e9b5d2ef96628e66f65a854b57ba5dd
66366a90d1ef,APTOS-P1428,APTOS 2019 (Aravind Eye Hospital),train_images/66366a90d1ef.png,0,Grade 0: No Apparent DR,train,a2f6e7098d09b1ca589979735b2fe669bb651dbb5f0afa20ad0050f1c510e99a
3d2ecffe0386,APTOS-P0839,APTOS 2019 (Aravind Eye Hospital),train_images/3d2ecffe0386.png,0,Grade 0: No Apparent DR,train,ae445f48e39f4bbdb5cc7558a21680046b67ed2b411ceafc4464b9db679307e9
0cecc2864b7f,APTOS-P0175,APTOS 2019 (Aravind Eye Hospital),train_images/0cecc2864b7f.png,0,Grade 0: No Apparent DR,train,6d8c9b23926d32803e7e58be4450889666b938083b6abcf8aebee43c34ef6c39
f0860c21533b,APTOS-P3327,APTOS 2019 (Aravind Eye Hospital),train_images/f0860c21533b.png,0,Grade 0: No Apparent DR,train,da0a3e0b53045b6bdcb0064ef1e78e0f3969a5b343b25346091802fdb3c8090d
ff59d44a70a7,APTOS-P3500,APTOS 2019 (Aravind Eye Hospital),train_images/ff59d44a70a7.png,0,Grade 0: No Apparent DR,val,2ef2be29f4cf5144d0be18ea0462b480fe9ea5f8a80f9b484eac1e6672c123a4
992599744a23,APTOS-P2119,APTOS 2019 (Aravind Eye Hospital),train_images/992599744a23.png,0,Grade 0: No Apparent DR,val,b2f8740476d1533220d194433c8ca8afaaf4f5263ec848699bf8ef1406a33be8
e96099b961b4,APTOS-P3230,APTOS 2019 (Aravind Eye Hospital),train_images/e96099b961b4.png,2,Grade 2: Moderate NPDR,test,5e33010ca0cacdbf8409d3faa7ab775478ff1bd6c3add4f203b10df96583624d
7fe7309d0b4f,APTOS-P1774,APTOS 2019 (Aravind Eye Hospital),train_images/7fe7309d0b4f.png,0,Grade 0: No Apparent DR,train,415a3979d45f5c317219dfd2a8c8b940c7dc2a5ded5433d7b587c6305a926963
17d997fe1090,APTOS-P0314,APTOS 2019 (Aravind Eye Hospital),train_images/17d997fe1090.png,0,Grade 0: No Apparent DR,val,42f3709c943d134e14de734928ea4bc4b52c3cfc9ed69df2a0e98f5b70d25fa2
71e43b4f8ba6,APTOS-P1582,APTOS 2019 (Aravind Eye Hospital),train_images/71e43b4f8ba6.png,0,Grade 0: No Apparent DR,train,43064a459f12662c597be426638bef102707ca22dec529b7d670bed537882fe1
bd375ba756b1,APTOS-P2646,APTOS 2019 (Aravind Eye Hospital),train_images/bd375ba756b1.png,0,Grade 0: No Apparent DR,test,de1d02e7ab16ae9997e3e6cdaca7d7b2b4edde2dd0563477b5060b1808cf7ae3
05b1bb2bdb81,APTOS-P0074,APTOS 2019 (Aravind Eye Hospital),train_images/05b1bb2bdb81.png,0,Grade 0: No Apparent DR,val,bafc49084f5397a2d1b37cad3ce844916577446299505ed60a4f25cc9ad80797
fc603cbedb41,APTOS-P3463,APTOS 2019 (Aravind Eye Hospital),train_images/fc603cbedb41.png,2,Grade 2: Moderate NPDR,train,af9597c7af5b46176449f783284df401e44a159fbe7f8c1adb2d3502c0ca34dc
57f5ad4b5b29,APTOS-P1238,APTOS 2019 (Aravind Eye Hospital),train_images/57f5ad4b5b29.png,0,Grade 0: No Apparent DR,train,4c2c80341f567e41a0b177029ec628823fe8b22ff41f9d76cab0078e85e1e9b0
be6cbf6e5b10,APTOS-P2662,APTOS 2019 (Aravind Eye Hospital),train_images/be6cbf6e5b10.png,0,Grade 0: No Apparent DR,train,4d7004ffee298ddfb58093afd71f20f930f59f1003a6bb6dc04024298fe6d217
3b0190bbe615,APTOS-P0808,APTOS 2019 (Aravind Eye Hospital),train_images/3b0190bbe615.png,0,Grade 0: No Apparent DR,train,62ea0ad6833bb044e2f84700917e62395deed166d9c30756057dc37a514b7162
51cfeccaf40d,APTOS-P1151,APTOS 2019 (Aravind Eye Hospital),train_images/51cfeccaf40d.png,2,Grade 2: Moderate NPDR,train,187ad818833c6022fb64ee324bd3a141b2ee4f0d44a0abface3d09f0ac8bfe25
a1faeb4d5f10,APTOS-P2247,APTOS 2019 (Aravind Eye Hospital),train_images/a1faeb4d5f10.png,0,Grade 0: No Apparent DR,train,e4cd78ed9c68fc2c0884ba68399868f90d4cb514da4b3891ccdf77c4d3ac6b58
b56340f472d2,APTOS-P2530,APTOS 2019 (Aravind Eye Hospital),train_images/b56340f472d2.png,1,Grade 1: Mild NPDR,train,4d268940211c85b61dc9e1b4855ff0b67e46b93c641b84fb3375078375f017f1
0fcfc6301f3d,APTOS-P0214,APTOS 2019 (Aravind Eye Hospital),train_images/0fcfc6301f3d.png,2,Grade 2: Moderate NPDR,train,e2b83d1e1f517327d3fc84788ac32d1563921996d60cf1f1b59c0d58c638843e
624fb7317106,APTOS-P1377,APTOS 2019 (Aravind Eye Hospital),train_images/624fb7317106.png,2,Grade 2: Moderate NPDR,train,70bb1bc92d40b6f93f499fbc429a98839c398c98705ba96b7e92e12110a9f57e
fbcbc81cf9be,APTOS-P3457,APTOS 2019 (Aravind Eye Hospital),train_images/fbcbc81cf9be.png,0,Grade 0: No Apparent DR,train,9f69348ac70965509391d7e98a2fabd198a931b9b978d01facc4e54380918720
be7bc89f5fec,APTOS-P2663,APTOS 2019 (Aravind Eye Hospital),train_images/be7bc89f5fec.png,2,Grade 2: Moderate NPDR,train,31ecb9e2dfcb54441e317b01abc7384dae17aea0ea370465d64506504c3601dd
ef99c499d665,APTOS-P3314,APTOS 2019 (Aravind Eye Hospital),train_images/ef99c499d665.png,0,Grade 0: No Apparent DR,train,d48f528c34236f248df1d932545c60ed4f5f7e833811414121e963df689b213b
fa6f3d8bb1d5,APTOS-P3443,APTOS 2019 (Aravind Eye Hospital),train_images/fa6f3d8bb1d5.png,0,Grade 0: No Apparent DR,test,1a9a3454653fe5f1d83daa66e83a325ece42bb9cc5deec8576b678b70ce9a40f
59ee65760535,APTOS-P1266,APTOS 2019 (Aravind Eye Hospital),train_images/59ee65760535.png,2,Grade 2: Moderate NPDR,test,3a22bd3e2c1bf8ba2dab0cc1b8d436e72d5c6ad3e1e21b6dd6d888f75b934c24
35ac70c0d08f,APTOS-P0740,APTOS 2019 (Aravind Eye Hospital),train_images/35ac70c0d08f.png,0,Grade 0: No Apparent DR,train,30701daf52ab2b5c4e7b65f82eb670d3d883308adc5abb3459a7b4bdfc88e2d3
27b68863349f,APTOS-P0556,APTOS 2019 (Aravind Eye Hospital),train_images/27b68863349f.png,2,Grade 2: Moderate NPDR,val,2180a76c2bcf6381f7febe0d1b51d36228492c46fc650a0cfc77ac8c55e43e0c
663a923d5398,APTOS-P1431,APTOS 2019 (Aravind Eye Hospital),train_images/663a923d5398.png,2,Grade 2: Moderate NPDR,val,a221d99035a359e3848862a4bda2516075d234a5334051440251541747ab70d5
f583a722434c,APTOS-P3385,APTOS 2019 (Aravind Eye Hospital),train_images/f583a722434c.png,2,Grade 2: Moderate NPDR,test,2ecef2b415937f0ba7091ff646257ba6a0e8a4f9fa245fd6c2ecf6f1bb025dfe
79d44db3da2d,APTOS-P1687,APTOS 2019 (Aravind Eye Hospital),train_images/79d44db3da2d.png,4,Grade 4: Proliferative DR,train,22332d41648ec32cf40a5566cb089713bd0cd439fa8173daba98c6bdb6c57e13
3599029efeb3,APTOS-P0738,APTOS 2019 (Aravind Eye Hospital),train_images/3599029efeb3.png,0,Grade 0: No Apparent DR,train,cac0b7022b907978b91dee23f5854a904588ff682e820a38a85b1a992a0f7189
d968a983d4d2,APTOS-P3016,APTOS 2019 (Aravind Eye Hospital),train_images/d968a983d4d2.png,2,Grade 2: Moderate NPDR,train,4bfc3e5520cee6adef215b656ee95c8f146002bdaf8aab21db381aec8ca9073b
d865997a6280,APTOS-P2999,APTOS 2019 (Aravind Eye Hospital),train_images/d865997a6280.png,0,Grade 0: No Apparent DR,train,9d6f61925a1f52f9ecd20bd5c60f25e7cfa34f11d58feb52025831c2d842e4a0
68987fb159ab,APTOS-P1465,APTOS 2019 (Aravind Eye Hospital),train_images/68987fb159ab.png,0,Grade 0: No Apparent DR,train,00f142511b21be316e89b80eb7dde482c75dbd7a00fc6469fd62c775af19f024
df841a0440d8,APTOS-P3091,APTOS 2019 (Aravind Eye Hospital),train_images/df841a0440d8.png,2,Grade 2: Moderate NPDR,train,99ec45045d8823804c326c1dcb9cb3fbf8d42bb9aa68b04800dad34a4f8fa644
71e4130bf5c8,APTOS-P1581,APTOS 2019 (Aravind Eye Hospital),train_images/71e4130bf5c8.png,2,Grade 2: Moderate NPDR,train,a3e97d43397fcf6f10ff4fba3038ce6ec5f01845b46e99282770f03ad27cc1af
cbf0394039f8,APTOS-P2838,APTOS 2019 (Aravind Eye Hospital),train_images/cbf0394039f8.png,2,Grade 2: Moderate NPDR,train,c0b0321a30bf091fe911d9d8755ac2b03bcaf2f3298550092fc200f707368746
ad12cde115ab,APTOS-P2417,APTOS 2019 (Aravind Eye Hospital),train_images/ad12cde115ab.png,0,Grade 0: No Apparent DR,val,453b374957f9a660546050d6b4d3001b2b253ccb17333aca094e9cb7d3a630c7
362c4a96cebb,APTOS-P0748,APTOS 2019 (Aravind Eye Hospital),train_images/362c4a96cebb.png,2,Grade 2: Moderate NPDR,train,8253dfceba10a437505473aa28888efa7d9415e862c2fa61b7182d1f3340a65f
261c6bd63bff,APTOS-P0530,APTOS 2019 (Aravind Eye Hospital),train_images/261c6bd63bff.png,2,Grade 2: Moderate NPDR,test,b471f3bbf5dd9dc2e4b807f85e7b20f2cf0b2f62219a29bbe40d07a97ae14345
aae8f9f3ef8c,APTOS-P2384,APTOS 2019 (Aravind Eye Hospital),train_images/aae8f9f3ef8c.png,3,Grade 3: Severe NPDR,val,0c96dcf9c6d9d0e7ef42a711621bc66569877a4d2de6e55b04a88bf64012c6b5
9b70f84400af,APTOS-P2153,APTOS 2019 (Aravind Eye Hospital),train_images/9b70f84400af.png,0,Grade 0: No Apparent DR,train,d39ca22925c2ba7ee25d552fb315473f2c44ea7df46325db18e48c2ec9f3bdfd
1782142e17d9,APTOS-P0311,APTOS 2019 (Aravind Eye Hospital),train_images/1782142e17d9.png,0,Grade 0: No Apparent DR,test,6e7302b19ce7fb0c664cffb77096f89525e818742379019b77ddf6b4cf6a785a
c0202976c670,APTOS-P2693,APTOS 2019 (Aravind Eye Hospital),train_images/c0202976c670.png,2,Grade 2: Moderate NPDR,train,f1b5dae3931eb4a8bdae96433a7b023e945cbd43452a7289a2c8c7396bae919b
24f271c87e73,APTOS-P0513,APTOS 2019 (Aravind Eye Hospital),train_images/24f271c87e73.png,0,Grade 0: No Apparent DR,train,86f8df9fab975f50fe9e91d468082400bbce1d4f1116a56b8fc9aefa69803d5b
9c088d2d1559,APTOS-P2162,APTOS 2019 (Aravind Eye Hospital),train_images/9c088d2d1559.png,2,Grade 2: Moderate NPDR,test,8021819ea0345309e5096dacb5f88d3ae518087d6c60aea2443860e95e0682ac
abbb8791785e,APTOS-P2399,APTOS 2019 (Aravind Eye Hospital),train_images/abbb8791785e.png,0,Grade 0: No Apparent DR,val,b93ef42d7e9e9662294c2f9abe10e7fa487e25ca5ea4ba3b8624182a80c9b9e2
b2748ac28fc1,APTOS-P2497,APTOS 2019 (Aravind Eye Hospital),train_images/b2748ac28fc1.png,2,Grade 2: Moderate NPDR,train,b5b69e7d60b4da07410f0a2e326ed5781e6def4a9e9b9cdef923c28859421045
8d3d67661620,APTOS-P1957,APTOS 2019 (Aravind Eye Hospital),train_images/8d3d67661620.png,2,Grade 2: Moderate NPDR,train,db8aa2d240ce5ced6b4e9d6a1be79eee57e06070c1f597198af75bfe8041eefc
495106ae3b68,APTOS-P1002,APTOS 2019 (Aravind Eye Hospital),train_images/495106ae3b68.png,0,Grade 0: No Apparent DR,train,576af6c8596ff577efea47f96428231ad500ca1c29f1abf30e255294ffe0878b
494fc9c745a3,APTOS-P1001,APTOS 2019 (Aravind Eye Hospital),train_images/494fc9c745a3.png,1,Grade 1: Mild NPDR,train,e725dc17c984e8ad4ea5eecb890844172c08b8861e3c78981bdad4ec2ca29b83
a7ec056502e7,APTOS-P2327,APTOS 2019 (Aravind Eye Hospital),train_images/a7ec056502e7.png,1,Grade 1: Mild NPDR,train,51b23ea0e1a9827f956ad7f5f95284e10b15a1c1b91b09ed5a8a54be44b86937
686ed1dbae20,APTOS-P1462,APTOS 2019 (Aravind Eye Hospital),train_images/686ed1dbae20.png,2,Grade 2: Moderate NPDR,train,e2c782dd967e2977bc105e2d0acaa512015a21cd595c7d0963fc5e640c04e9e5
191348830ddf,APTOS-P0341,APTOS 2019 (Aravind Eye Hospital),train_images/191348830ddf.png,2,Grade 2: Moderate NPDR,train,d4329de8ae568ae15718e314cef4c25086e5882963d1c66a988ae0e405fb9de7
8ab8d9b3ce3f,APTOS-P1927,APTOS 2019 (Aravind Eye Hospital),train_images/8ab8d9b3ce3f.png,2,Grade 2: Moderate NPDR,test,bb4e57191ef237a8f43c16f26fc66d1472ea334aed9be93ddd4f89a3faad0345
8e3b79e1f1f7,APTOS-P1971,APTOS 2019 (Aravind Eye Hospital),train_images/8e3b79e1f1f7.png,2,Grade 2: Moderate NPDR,train,c9739cbecdc09dd8582e08ec1be485697fac79c71f95d00581426c10ad0fc916
ab3c505b624f,APTOS-P2390,APTOS 2019 (Aravind Eye Hospital),train_images/ab3c505b624f.png,0,Grade 0: No Apparent DR,train,34fe181a7dabd7f67767ce94a5b87328f7d22e73fef3ee9d081321d493d095f1
a150ff5dfe07,APTOS-P2235,APTOS 2019 (Aravind Eye Hospital),train_images/a150ff5dfe07.png,2,Grade 2: Moderate NPDR,val,8dbebd5ae38a51a065798ff3d7598e750ece7e9a576e2d56db1e6107b5a1e8b2
5a03fe3ed15c,APTOS-P1269,APTOS 2019 (Aravind Eye Hospital),train_images/5a03fe3ed15c.png,2,Grade 2: Moderate NPDR,train,92f3ea974da83575174676cfe6d677ad13b72f241bcdb3d11b55280dc96a1633
c90c6b94cf40,APTOS-P2794,APTOS 2019 (Aravind Eye Hospital),train_images/c90c6b94cf40.png,0,Grade 0: No Apparent DR,train,2113115215dec20d3a1aa3f5f580f1070bf480f3f2b0a2669469389b9185ebac
9232dc06cfdc,APTOS-P2030,APTOS 2019 (Aravind Eye Hospital),train_images/9232dc06cfdc.png,0,Grade 0: No Apparent DR,val,1675654abc13ef5b5b2bf945780208e96d55e1897869f5bcdf0f8f2a27c492fc
caec68f11c86,APTOS-P2823,APTOS 2019 (Aravind Eye Hospital),train_images/caec68f11c86.png,2,Grade 2: Moderate NPDR,train,48329777f164dd40488f429c16e8e0e1fa0d670d23275ede003e07f47b0f6685
1c47815f4a6b,APTOS-P0382,APTOS 2019 (Aravind Eye Hospital),train_images/1c47815f4a6b.png,0,Grade 0: No Apparent DR,train,bc6e720d8ce0c54b96f14e94e7bc7f6e234acac8b9759dd92c552c3060a586cd
4205e9deb058,APTOS-P0894,APTOS 2019 (Aravind Eye Hospital),train_images/4205e9deb058.png,0,Grade 0: No Apparent DR,train,4dd94a7a15753d4de49a919f62e87094e3680ec3ad4c46187a01183954e168f6
8bc6716c2238,APTOS-P1941,APTOS 2019 (Aravind Eye Hospital),train_images/8bc6716c2238.png,1,Grade 1: Mild NPDR,train,7b8eab479de8ac7d74a881c1ec2a0ea9d0078267dbc5c9bc6ec157746bc465a2
6cee2e148520,APTOS-P1517,APTOS 2019 (Aravind Eye Hospital),train_images/6cee2e148520.png,0,Grade 0: No Apparent DR,train,549e79002eccaa4eed5b45cf65205f0ad47558795e203f823e0c65c40bf6b535
4f46d7ee61ed,APTOS-P1107,APTOS 2019 (Aravind Eye Hospital),train_images/4f46d7ee61ed.png,2,Grade 2: Moderate NPDR,test,baa58f8d8ce1c10d90a8fec00b0401d446a62e79928c5944e3dff14635a40219
77ab222bf85c,APTOS-P1656,APTOS 2019 (Aravind Eye Hospital),train_images/77ab222bf85c.png,0,Grade 0: No Apparent DR,train,3a4831a5c67aed379b84545768fd03982f3c8a75e7c5ac6c56827a8a5c79ae55
9bd008aab548,APTOS-P2159,APTOS 2019 (Aravind Eye Hospital),train_images/9bd008aab548.png,0,Grade 0: No Apparent DR,train,7020619a906ce673458e1193221e752f7ff44311b46e877b7ddf024bc610b9aa
9878db94d9f3,APTOS-P2108,APTOS 2019 (Aravind Eye Hospital),train_images/9878db94d9f3.png,3,Grade 3: Severe NPDR,train,9ee40b47d454041b5c5b4bba3d00eb905664345f1c79af1529edc9155a278597
6c4ec95dd8ba,APTOS-P1508,APTOS 2019 (Aravind Eye Hospital),train_images/6c4ec95dd8ba.png,0,Grade 0: No Apparent DR,train,37e83b12c725417ebf2f41967be087bba554a361aed325193fb5745e67ffd5fa
8d7bb0649a02,APTOS-P1623,APTOS 2019 (Aravind Eye Hospital),train_images/8d7bb0649a02.png,2,Grade 2: Moderate NPDR,train,74e1ba7e63c5c03480eb6b014c0366b593fec71f35fcfe2f8b817a1f3d708626
d57d1be1bbd1,APTOS-P2958,APTOS 2019 (Aravind Eye Hospital),train_images/d57d1be1bbd1.png,0,Grade 0: No Apparent DR,val,ed6c7e2d6bed53caeed0078aff3829c5f262d8d514a5e8a8ba864ec60c126b5b
2e26762daed5,APTOS-P0647,APTOS 2019 (Aravind Eye Hospital),train_images/2e26762daed5.png,2,Grade 2: Moderate NPDR,train,889df4966c421222eefdbd9f7466498dade665ee8aba9ba90a8e4147aa74fde1
e66855a5c583,APTOS-P3194,APTOS 2019 (Aravind Eye Hospital),train_images/e66855a5c583.png,0,Grade 0: No Apparent DR,train,ea9167f82bd4df02484b5bf0e7111f558a1e5b33dbaea40c2a4b7bf8e34d9a8b
e3a7671f787b,APTOS-P3153,APTOS 2019 (Aravind Eye Hospital),train_images/e3a7671f787b.png,2,Grade 2: Moderate NPDR,train,bb2e66d873e5ce25f3aed882570ad769a598ae1807f91ae886bdc5019a8f30cf
c373b73a80c8,APTOS-P2723,APTOS 2019 (Aravind Eye Hospital),train_images/c373b73a80c8.png,0,Grade 0: No Apparent DR,val,1e06e5ea6276d7e825cf21976d022c1436b432a1d99c1b7fe07ea93dd034f298
ddb222ff7c1d,APTOS-P3068,APTOS 2019 (Aravind Eye Hospital),train_images/ddb222ff7c1d.png,0,Grade 0: No Apparent DR,train,99033b3114324a3ae1af288559dfa0c45cb817c2308568191bb6d857561ac8ac
ba25f947f4ec,APTOS-P2611,APTOS 2019 (Aravind Eye Hospital),train_images/ba25f947f4ec.png,2,Grade 2: Moderate NPDR,train,439ded3a230a10fa58b12b6e657c0cf38625a3ff46f0983bac36455c644943fa
4ef0b485a7da,APTOS-P1102,APTOS 2019 (Aravind Eye Hospital),train_images/4ef0b485a7da.png,2,Grade 2: Moderate NPDR,train,db18662022edd9b88f6560ce97fd00a08fe1d7428e77c7935b4e8027474a9a41
6c315ad3d07f,APTOS-P1505,APTOS 2019 (Aravind Eye Hospital),train_images/6c315ad3d07f.png,2,Grade 2: Moderate NPDR,train,5b9027d226b5c8479d1fbbc31d6c1a02de7887b6815e801be3f19c0fad821097
afc744fad65e,APTOS-P2465,APTOS 2019 (Aravind Eye Hospital),train_images/afc744fad65e.png,0,Grade 0: No Apparent DR,test,bf7fcb5844f6bfdaf51519bccf567ded7dfa7a76c2ee46e13fbfa26eaf0c788f
1e8c31e29dd3,APTOS-P0430,APTOS 2019 (Aravind Eye Hospital),train_images/1e8c31e29dd3.png,0,Grade 0: No Apparent DR,train,6d09a879a8374324fbca922bf55a88dbea3c405baccb7501914e61ca84857475
e9ff9352ccb3,APTOS-P3240,APTOS 2019 (Aravind Eye Hospital),train_images/e9ff9352ccb3.png,1,Grade 1: Mild NPDR,train,344529f4d8ba3c27edbef035330ca6a0e861d088d3b6080ce64fee2ae5527ebe
8c87bd748996,APTOS-P1953,APTOS 2019 (Aravind Eye Hospital),train_images/8c87bd748996.png,2,Grade 2: Moderate NPDR,train,10d38d24731573059457f05ac5f05a68798aa3c2e36e92fdc9c21b884e0d60ce
cbc23af521f3,APTOS-P2834,APTOS 2019 (Aravind Eye Hospital),train_images/cbc23af521f3.png,0,Grade 0: No Apparent DR,val,ce6e22187af706db08914144ac8345146a8e4b186c8d9bfb2b9e7c9bd3713d29
103abbd8b63e,APTOS-P0222,APTOS 2019 (Aravind Eye Hospital),train_images/103abbd8b63e.png,0,Grade 0: No Apparent DR,train,ca9881579d83d402ab929dfef1c280801610f2636534695563b2db6e3b047415
4ef16a53d899,APTOS-P1103,APTOS 2019 (Aravind Eye Hospital),train_images/4ef16a53d899.png,0,Grade 0: No Apparent DR,train,f6bff937981745d2b6785963aff36f14d990ce1196fc4a343748375dcdeeb1e7
e17507a4a1f5,APTOS-P3120,APTOS 2019 (Aravind Eye Hospital),train_images/e17507a4a1f5.png,2,Grade 2: Moderate NPDR,test,63b7c5a002cdb5353ef5e4f11169e991f22a4615a0a5b4fd3150534aac057813
3c726de3ee90,APTOS-P0826,APTOS 2019 (Aravind Eye Hospital),train_images/3c726de3ee90.png,1,Grade 1: Mild NPDR,test,2ea54291bfa52a09886e5d62553537a989d1722c2a0936530e2992d6a59deb4c
d271d3a2b552,APTOS-P2920,APTOS 2019 (Aravind Eye Hospital),train_images/d271d3a2b552.png,4,Grade 4: Proliferative DR,val,707b0a374d226a45d086fb98394e4d8c801d65a8c7fe65d0726954aa36ff8d7f
e9ce5bf645ab,APTOS-P3236,APTOS 2019 (Aravind Eye Hospital),train_images/e9ce5bf645ab.png,0,Grade 0: No Apparent DR,test,232e7b0cef086c2e9a9ee76a8b96568b015591e709c2ddbffecba8761bacc302
2f4e81787d9b,APTOS-P0658,APTOS 2019 (Aravind Eye Hospital),train_images/2f4e81787d9b.png,1,Grade 1: Mild NPDR,test,a608ea34e686428c8ccb634fa3495b7a14994d9de37f7ff167e0e080e19d7bc2
a06b353e7bed,APTOS-P2215,APTOS 2019 (Aravind Eye Hospital),train_images/a06b353e7bed.png,0,Grade 0: No Apparent DR,val,ad642a4925ec7d473c418f2f6b02c45a95b4faa6e1665f79b108ddbb4521f5a7
9910c827e2fe,APTOS-P2115,APTOS 2019 (Aravind Eye Hospital),train_images/9910c827e2fe.png,0,Grade 0: No Apparent DR,train,777fed27f700e1ffdf0f9a76d90c725c422a7c937ca2502358d817671a750cd0
ae49cc60f251,APTOS-P2435,APTOS 2019 (Aravind Eye Hospital),train_images/ae49cc60f251.png,0,Grade 0: No Apparent DR,train,55b7cf34b8f007cfd3b0e95d54ea199215368a37f97349bd93a0fbd065142434
1df0431bfa73,APTOS-P0417,APTOS 2019 (Aravind Eye Hospital),train_images/1df0431bfa73.png,0,Grade 0: No Apparent DR,train,c82b560b1c5e20c7e91e052b87c81885d8c027413fb36b8fdd2afe0595785bc8
799214e8b07c,APTOS-P1682,APTOS 2019 (Aravind Eye Hospital),train_images/799214e8b07c.png,0,Grade 0: No Apparent DR,train,5dd2fb4f27127976b21e7e20a5abac3e45f0e55c83e511eb333905b0464bf926
de38adaae009,APTOS-P3073,APTOS 2019 (Aravind Eye Hospital),train_images/de38adaae009.png,0,Grade 0: No Apparent DR,train,24f02ab99a78afe4cb7c090fa1ccfd5fe224e158babcf7ac7be086f406e77394
30cab14951ac,APTOS-P0678,APTOS 2019 (Aravind Eye Hospital),train_images/30cab14951ac.png,1,Grade 1: Mild NPDR,train,cdfacfb9da0eb22df1c6222a6d409ee4331a4613f47360d800f8d5f150b31761
eedae6b28f96,APTOS-P3302,APTOS 2019 (Aravind Eye Hospital),train_images/eedae6b28f96.png,0,Grade 0: No Apparent DR,train,c53485e902f78b4e1d07131158906b0bfc86d46898d879cb88b185de156a8eb9
7a9f45fdf29b,APTOS-P1699,APTOS 2019 (Aravind Eye Hospital),train_images/7a9f45fdf29b.png,0,Grade 0: No Apparent DR,train,80259b6c69f2bd27126ac82989ce3b79fc0a940af5eacccdfcbe2baf1740ff5a
07f5d7baf907,APTOS-P0104,APTOS 2019 (Aravind Eye Hospital),train_images/07f5d7baf907.png,0,Grade 0: No Apparent DR,train,9c35342ef20c956c2a73ca16fa04f8ea73073b68a909fc20bd27f39ccb2a5e9c
a15590a7d774,APTOS-P2237,APTOS 2019 (Aravind Eye Hospital),train_images/a15590a7d774.png,2,Grade 2: Moderate NPDR,train,f497c6855b8af69bc813a91dc56e23fab00d38bee09700e1ca80b6b8a9d5a014
4c9f0fdaaef7,APTOS-P1057,APTOS 2019 (Aravind Eye Hospital),train_images/4c9f0fdaaef7.png,3,Grade 3: Severe NPDR,train,b2296a5cbfb0c706805158abc14d0ca8df1e2bde2884f7197d4c49e12067320e
59f3f70abddd,APTOS-P1267,APTOS 2019 (Aravind Eye Hospital),train_images/59f3f70abddd.png,2,Grade 2: Moderate NPDR,val,de9f064500e5cbeecea2f0cc7a6560b510c781688aace694747e663e250c688f
aa0afc41ed19,APTOS-P2368,APTOS 2019 (Aravind Eye Hospital),train_images/aa0afc41ed19.png,2,Grade 2: Moderate NPDR,train,26eb44b452c69150019bf02b101d463cebbae7adfe6173cbfdd04f6f147b3ba5
3a6e9730b298,APTOS-P0802,APTOS 2019 (Aravind Eye Hospital),train_images/3a6e9730b298.png,4,Grade 4: Proliferative DR,train,886a82313c25d97e296be7d71a4b9295b952a235f83ed707c86c6b05c7ada969
f6d760566a51,APTOS-P3402,APTOS 2019 (Aravind Eye Hospital),train_images/f6d760566a51.png,0,Grade 0: No Apparent DR,train,ce34507792b793cc2202cea1ed05a3034d5627e403a3274494980164fe488e71
a77dbec966d4,APTOS-P2321,APTOS 2019 (Aravind Eye Hospital),train_images/a77dbec966d4.png,1,Grade 1: Mild NPDR,train,c7fc1ba5fa90dd454c39552c462d587cecac1600069ba4ebfa26af741f04d1be
457c7c927e27,APTOS-P0958,APTOS 2019 (Aravind Eye Hospital),train_images/457c7c927e27.png,3,Grade 3: Severe NPDR,train,3eecd27a409deb255b41132419183c2b7a3bf0bf0185c0688f11d6decad81d19
1db18bdd43aa,APTOS-P0413,APTOS 2019 (Aravind Eye Hospital),train_images/1db18bdd43aa.png,2,Grade 2: Moderate NPDR,train,32b89b0f8243f38d20707d6d1a7b870c7cd7a45cae4addf5f6e9b52cb05beb7d
44e951e45dca,APTOS-P0946,APTOS 2019 (Aravind Eye Hospital),train_images/44e951e45dca.png,2,Grade 2: Moderate NPDR,train,e6ca52cffd0bb75d333595a9783482e7239dbef6dfe47f5c42d95e8d7b8e747d
ad944bd56bb6,APTOS-P2427,APTOS 2019 (Aravind Eye Hospital),train_images/ad944bd56bb6.png,0,Grade 0: No Apparent DR,train,6235ed524e604f9da15bd2a6da3b260f9230fbe3b8cd5ea1f2451e3682fb6280
d6f6bdfd8011,APTOS-P2977,APTOS 2019 (Aravind Eye Hospital),train_images/d6f6bdfd8011.png,0,Grade 0: No Apparent DR,val,095682f163c1910c0325190d47496731f4e10a965bb8711683d8420847b2f465
5db895d3f1fc,APTOS-P1323,APTOS 2019 (Aravind Eye Hospital),train_images/5db895d3f1fc.png,0,Grade 0: No Apparent DR,train,7d39a5956340e2e2eb21ff0142ec155387072d9ab97935feb2182a14b49236c2
975252e325e3,APTOS-P2088,APTOS 2019 (Aravind Eye Hospital),train_images/975252e325e3.png,2,Grade 2: Moderate NPDR,val,72dbb550d7948531bf1d4f85eb77c73e81054fda72e61f0b5d3fa34ccb11022c
cd972e5639e0,APTOS-P2864,APTOS 2019 (Aravind Eye Hospital),train_images/cd972e5639e0.png,4,Grade 4: Proliferative DR,train,7f72f84563bdcafa6fbb19cfe07576000e9e79a1d8b26c193b8122fa524eb578
77baa08a1345,APTOS-P1659,APTOS 2019 (Aravind Eye Hospital),train_images/77baa08a1345.png,2,Grade 2: Moderate NPDR,train,c604fd8e601d7fcf6d647a4d473ff969e46be053bf30e96cfeed5b1a3a5c95dc
246e4506824a,APTOS-P0505,APTOS 2019 (Aravind Eye Hospital),train_images/246e4506824a.png,2,Grade 2: Moderate NPDR,val,78abb2a6a172b17b186d2f05794ae16d453cd8960c6eca85524d4c0ee15c01e6
f9156aeffc5e,APTOS-P3430,APTOS 2019 (Aravind Eye Hospital),train_images/f9156aeffc5e.png,3,Grade 3: Severe NPDR,train,b2d7747b7b4f0cb606d4b96599a8db7e94658daca43232fdca08316efcfcbdd5
a12ca80bb8c7,APTOS-P2232,APTOS 2019 (Aravind Eye Hospital),train_images/a12ca80bb8c7.png,0,Grade 0: No Apparent DR,test,40ee4717c9a0a156e5a97eaf66094f0f7115d306e7904a1f03288e7c98b59e13
df3adfd6ba36,APTOS-P3086,APTOS 2019 (Aravind Eye Hospital),train_images/df3adfd6ba36.png,2,Grade 2: Moderate NPDR,train,396e86cef612bee5029c2260eb0247f838b82e962c7bc0c2b7391ae9260d6e20
071435a218ec,APTOS-P0090,APTOS 2019 (Aravind Eye Hospital),train_images/071435a218ec.png,2,Grade 2: Moderate NPDR,test,999d567a65204430cdfd8d1e2487e840ab8793af303165163642e63c5245c0af
dde43aa22ae6,APTOS-P3069,APTOS 2019 (Aravind Eye Hospital),train_images/dde43aa22ae6.png,2,Grade 2: Moderate NPDR,train,93874c1adee1bfea71e8cc0ea757376d02c91cf66e082735f0032afe0d1b38a0
2f5c9cdfb333,APTOS-P0659,APTOS 2019 (Aravind Eye Hospital),train_images/2f5c9cdfb333.png,2,Grade 2: Moderate NPDR,train,7c08ff3a4f000308d9b1c05c3d1474157ce354f066a7e6aefa5ea9ff20aa52cd
393fa5a023a5,APTOS-P0790,APTOS 2019 (Aravind Eye Hospital),train_images/393fa5a023a5.png,0,Grade 0: No Apparent DR,train,c2414fc5677cfac45d848abbca05e6767877773b14efd0ecefe74b4b6d9713c3
582f739b8f62,APTOS-P1244,APTOS 2019 (Aravind Eye Hospital),train_images/582f739b8f62.png,2,Grade 2: Moderate NPDR,train,0128ffbf63d431839fc0c27f8f09870abbf9ad2bcd5a519a510b24d415a9dff0
fd4c946c52bf,APTOS-P3476,APTOS 2019 (Aravind Eye Hospital),train_images/fd4c946c52bf.png,0,Grade 0: No Apparent DR,train,8b8860032392351833aecefd8a06b675b7b9f3db0d44b4caf6cdd6aa4f081577
f9e779a13204,APTOS-P3438,APTOS 2019 (Aravind Eye Hospital),train_images/f9e779a13204.png,2,Grade 2: Moderate NPDR,val,98f330b3e3fe589d29ea5dec31a2c476ea7b0029aaed0996cd62da93941d07ec
eda1d75cbcf0,APTOS-P3285,APTOS 2019 (Aravind Eye Hospital),train_images/eda1d75cbcf0.png,0,Grade 0: No Apparent DR,test,fc52df3ce414db12d69811077fb8270758d3219d0753851108dfa00120cb4fcf
03a7f4a5786f,APTOS-P0048,APTOS 2019 (Aravind Eye Hospital),train_images/03a7f4a5786f.png,4,Grade 4: Proliferative DR,val,1cb82775017636b1a947ff7c29e17ef90a59804d5fe733b10e72c1b9b8d703c9
a8dea22ef903,APTOS-P2350,APTOS 2019 (Aravind Eye Hospital),train_images/a8dea22ef903.png,0,Grade 0: No Apparent DR,train,56086c9bf58029706b0a8f34807c28d913d8b35cda1487bb4c7da928a4a4bc20
77b7b71ebcc3,APTOS-P1658,APTOS 2019 (Aravind Eye Hospital),train_images/77b7b71ebcc3.png,0,Grade 0: No Apparent DR,train,e8b95743305bb9837702d12295d4f37b487d866dc7bcaea953fb7c687f31cc98
d18aea8238a0,APTOS-P2902,APTOS 2019 (Aravind Eye Hospital),train_images/d18aea8238a0.png,2,Grade 2: Moderate NPDR,train,86261a48ea4beac03981325df183766ed3e6de73a0375c8325e2fa6e387b15ba
bf6cbccacf39,APTOS-P2675,APTOS 2019 (Aravind Eye Hospital),train_images/bf6cbccacf39.png,0,Grade 0: No Apparent DR,train,0e3c9355597eaa262261518d9b8788eefa75b86de0242e93b3d5801db254b67d
5d6239c0fd39,APTOS-P1319,APTOS 2019 (Aravind Eye Hospital),train_images/5d6239c0fd39.png,0,Grade 0: No Apparent DR,train,3ce1d7150c5a504a4105e83cea39454d3c8d19eb69e028789aa3c35e621ea64a
78a577c3e0bf,APTOS-P1676,APTOS 2019 (Aravind Eye Hospital),train_images/78a577c3e0bf.png,2,Grade 2: Moderate NPDR,train,37c6e5e8b2d816423eb434ef0ec2685ffa7e0dba14134e2064ae611cc2e6e983
67d8f94f04e0,APTOS-P1452,APTOS 2019 (Aravind Eye Hospital),train_images/67d8f94f04e0.png,0,Grade 0: No Apparent DR,train,e382e1ef760918507520f8553be61f95ec1e4700036bcbc761a96c80b0c2a41d
f72ef9ceeaa8,APTOS-P3410,APTOS 2019 (Aravind Eye Hospital),train_images/f72ef9ceeaa8.png,1,Grade 1: Mild NPDR,train,693f040733271eb78a8ac06e61fb8cd2b44227e66a5da2b210fa3089b5158ed7
98104c8c67eb,APTOS-P1630,APTOS 2019 (Aravind Eye Hospital),train_images/98104c8c67eb.png,2,Grade 2: Moderate NPDR,train,722e5ea0ba5905e4f120a1ee7528702567f8c9a610c5a0f543cd92e920c55834
96c3e3db68bc,APTOS-P2080,APTOS 2019 (Aravind Eye Hospital),train_images/96c3e3db68bc.png,2,Grade 2: Moderate NPDR,test,bfa120371509cef482aa87934301044bab19d5e7439f638d3fb9e6a40b93ab49
0e0fc1d9810c,APTOS-P0193,APTOS 2019 (Aravind Eye Hospital),train_images/0e0fc1d9810c.png,4,Grade 4: Proliferative DR,val,d7397a2ffeea394b5be4ecf126b27fa8899c05c6d17d4df11201b9d62812fcbd
3e86335bc2fd,APTOS-P0165,APTOS 2019 (Aravind Eye Hospital),train_images/3e86335bc2fd.png,2,Grade 2: Moderate NPDR,train,673fedb9a5fadfd1e33259e90504452e47f3820c9c6ff07bf6e34dcf81d08f06
90c982cc2d96,APTOS-P2012,APTOS 2019 (Aravind Eye Hospital),train_images/90c982cc2d96.png,1,Grade 1: Mild NPDR,train,0f8ff322b5fd0a5421789b6867d87763540a38ee4cde391d38d67354890329cf
912fbe06407e,APTOS-P2015,APTOS 2019 (Aravind Eye Hospital),train_images/912fbe06407e.png,0,Grade 0: No Apparent DR,train,4adf49f51c9e32016cbee9a98dabb56ea4216f34065d7d79c1bef5c325eec54c
e68bdd36e589,APTOS-P3197,APTOS 2019 (Aravind Eye Hospital),train_images/e68bdd36e589.png,0,Grade 0: No Apparent DR,train,6e24e973c1a9f494e4aea05e1072a0a62d506314c710fde2ab395621544aa426
034cb07a550f,APTOS-P0044,APTOS 2019 (Aravind Eye Hospital),train_images/034cb07a550f.png,4,Grade 4: Proliferative DR,train,c7137f0207ea1780567276a4377abd8ae4b80db27857cca32a7963a94393f087
115e42dd6a81,APTOS-P0239,APTOS 2019 (Aravind Eye Hospital),train_images/115e42dd6a81.png,2,Grade 2: Moderate NPDR,train,0885aa6589797c04e131f4809a4ab4021d7f8e106a89b020adcccc983a3d8b41
5265dc9acdf8,APTOS-P1168,APTOS 2019 (Aravind Eye Hospital),train_images/5265dc9acdf8.png,2,Grade 2: Moderate NPDR,train,6889aefddc6a72ebd4fa787679b9058d62744426bd919022a520e44d3b474564
210bfe0127c6,APTOS-P0465,APTOS 2019 (Aravind Eye Hospital),train_images/210bfe0127c6.png,0,Grade 0: No Apparent DR,train,6f10e9309c9c5699e0791f8196b833df8c427c05be4de1ad83ff6529332b0136
7d626a7ffe76,APTOS-P1738,APTOS 2019 (Aravind Eye Hospital),train_images/7d626a7ffe76.png,4,Grade 4: Proliferative DR,train,6847de53d54e5eb0e65146afc0c268ab93b5508791b369d3d1ae9a39cd4637b6
2fde69f20585,APTOS-P0666,APTOS 2019 (Aravind Eye Hospital),train_images/2fde69f20585.png,4,Grade 4: Proliferative DR,train,48f6a182e7e886074115af51e3f60a86262e7878896a13db5f896fed9b2820ee
e79e10907295,APTOS-P3208,APTOS 2019 (Aravind Eye Hospital),train_images/e79e10907295.png,0,Grade 0: No Apparent DR,train,e918b91d14e2e319011322ea52771a6f61aa1f2b194fe175b0ebc10611007808
7f39c36469b5,APTOS-P1766,APTOS 2019 (Aravind Eye Hospital),train_images/7f39c36469b5.png,0,Grade 0: No Apparent DR,train,8953d11aaeedd170c9e5b507b70a89150223f09352d5068a287c0aba29df2149
b574d229ec4c,APTOS-P2531,APTOS 2019 (Aravind Eye Hospital),train_images/b574d229ec4c.png,2,Grade 2: Moderate NPDR,train,caf73bcbf6d1c076f61d102ac4665d28952de6e498c981f84cd06df3b4c8b587
5ad3dabeb2cd,APTOS-P1280,APTOS 2019 (Aravind Eye Hospital),train_images/5ad3dabeb2cd.png,0,Grade 0: No Apparent DR,train,99b43a4aabc8cff2165eac9f8f9738bb18cb984fc8955feecf106cb73427caef
fed5bb685832,APTOS-P3492,APTOS 2019 (Aravind Eye Hospital),train_images/fed5bb685832.png,0,Grade 0: No Apparent DR,val,be1e51bdda63441274ed8fa0617690ad8492bc10904a7cd2eb5e2e5670bc1c3b
ac81fc200162,APTOS-P2410,APTOS 2019 (Aravind Eye Hospital),train_images/ac81fc200162.png,0,Grade 0: No Apparent DR,train,de501c12df9c39a78b5f165e54988db61fd9cae2dd699799a97c235bf342c856
51d0034d177d,APTOS-P1152,APTOS 2019 (Aravind Eye Hospital),train_images/51d0034d177d.png,2,Grade 2: Moderate NPDR,train,3d31abe0857e3d9b4c0431b96df32b8a05cea7873999548e551505a52fd8bd78
6cdd0f985270,APTOS-P1516,APTOS 2019 (Aravind Eye Hospital),train_images/6cdd0f985270.png,1,Grade 1: Mild NPDR,train,9467e0c45696dfad2484f57147ba341fed5df599b36be2a9a2ed93fec0b00187
4da2961e62fe,APTOS-P1074,APTOS 2019 (Aravind Eye Hospital),train_images/4da2961e62fe.png,1,Grade 1: Mild NPDR,val,3a5ab24a34228d68d8c31489a73bb81a676e705b721d7300353a212e405d2351
79059d0592c4,APTOS-P1680,APTOS 2019 (Aravind Eye Hospital),train_images/79059d0592c4.png,2,Grade 2: Moderate NPDR,train,3d18881f286edc403eb75f4c10d589d6f68ebaffef34ce76405bc2b7d322aa44
d7ac4a0c9760,APTOS-P2984,APTOS 2019 (Aravind Eye Hospital),train_images/d7ac4a0c9760.png,0,Grade 0: No Apparent DR,train,e8c7686b6728007f8700b6814dac13b4dd4f9c80aebc78c59cfe31ef98346306
b191ba0a2b12,APTOS-P2489,APTOS 2019 (Aravind Eye Hospital),train_images/b191ba0a2b12.png,3,Grade 3: Severe NPDR,val,c05db913c756ac6bfa55b1d8d86451b22d618addf4465265917b86e58054f22b
1a0dbc6c0cda,APTOS-P0355,APTOS 2019 (Aravind Eye Hospital),train_images/1a0dbc6c0cda.png,0,Grade 0: No Apparent DR,val,a1579ca0ee455d70bc83cd0a378911ffa5e46bd6a849a9f15b29406193d6a4dc
f451eee2b66b,APTOS-P3363,APTOS 2019 (Aravind Eye Hospital),train_images/f451eee2b66b.png,0,Grade 0: No Apparent DR,train,53fa287ad13979db67cea9ef4a243939ea002541cb8067a1914be03a0962fb47
c8905b8d5cf1,APTOS-P2791,APTOS 2019 (Aravind Eye Hospital),train_images/c8905b8d5cf1.png,2,Grade 2: Moderate NPDR,train,eb714882e320a1d1d0feb4565fbec78aef241f346b1e765fcb8939cc02b841a8
1ec95179cdfe,APTOS-P0432,APTOS 2019 (Aravind Eye Hospital),train_images/1ec95179cdfe.png,0,Grade 0: No Apparent DR,train,ebaee8aad26c55570196ede397237ae960e1673f251445ee6da7d294673a28d8
595446774178,APTOS-P0746,APTOS 2019 (Aravind Eye Hospital),train_images/595446774178.png,1,Grade 1: Mild NPDR,train,9ba29d26892da74413d7e48ff0f97e9c37d648ebdb9d9f8b63c0855f23fa04a8
ef26625121b3,APTOS-P3304,APTOS 2019 (Aravind Eye Hospital),train_images/ef26625121b3.png,4,Grade 4: Proliferative DR,train,edf30616ba07bb166b093bcc743697c9b1d9953536446617eaaee5987da00886
92587e494d51,APTOS-P2031,APTOS 2019 (Aravind Eye Hospital),train_images/92587e494d51.png,0,Grade 0: No Apparent DR,train,12f75ae948eaa362a72d25c7f9958ce04c238ebd1966e911e9ab2060edd43503
a386ec9aabde,APTOS-P2270,APTOS 2019 (Aravind Eye Hospital),train_images/a386ec9aabde.png,2,Grade 2: Moderate NPDR,val,350de4e13b1fe16fac07b881b13a990494556c56abacd71e3ef077d110366468
7a6e384a0846,APTOS-P1697,APTOS 2019 (Aravind Eye Hospital),train_images/7a6e384a0846.png,3,Grade 3: Severe NPDR,train,83bcfe23d68221d35f01a5b3a6c006f2a6f1753cf204e712c9dcdd3c57a57985
2fb3a8606a77,APTOS-P0665,APTOS 2019 (Aravind Eye Hospital),train_images/2fb3a8606a77.png,2,Grade 2: Moderate NPDR,train,ed5643879fe15e4e60ceb9f27d1d62ec76ebed186f955887f0ae4dfa625fde52
46acc506fa61,APTOS-P0970,APTOS 2019 (Aravind Eye Hospital),train_images/46acc506fa61.png,0,Grade 0: No Apparent DR,val,98fb27c18216709d54de19594ffbb323592fe6fea11ac83a0430d63373446535
37c523296d42,APTOS-P0767,APTOS 2019 (Aravind Eye Hospital),train_images/37c523296d42.png,0,Grade 0: No Apparent DR,train,2ead006371cbaec7af2df735e2f17dee37ca966449845d2e12f3edde032561a5
fe674c2f73f5,APTOS-P3489,APTOS 2019 (Aravind Eye Hospital),train_images/fe674c2f73f5.png,1,Grade 1: Mild NPDR,test,9e0b46f4bdd45921436054b38d3f804298f6aa04f600405585e1e2963620ee40
fdd18ccbbdc5,APTOS-P3481,APTOS 2019 (Aravind Eye Hospital),train_images/fdd18ccbbdc5.png,1,Grade 1: Mild NPDR,train,4132f1f50a3bbee68eb53a0303f321c5ae534dae654255c84833fe472920093f
cf8f1bc7a215,APTOS-P2881,APTOS 2019 (Aravind Eye Hospital),train_images/cf8f1bc7a215.png,0,Grade 0: No Apparent DR,train,76b15358e8fa586adda687f40c49dac81a8e30c00a0b2d82f193391eca53b2e4
a7c10ca6c117,APTOS-P2326,APTOS 2019 (Aravind Eye Hospital),train_images/a7c10ca6c117.png,0,Grade 0: No Apparent DR,train,3acef1a496858d9b552bc83249aaf353c85b1a8cb8a47ba779eec2184130702a
6f0463c1ff18,APTOS-P1552,APTOS 2019 (Aravind Eye Hospital),train_images/6f0463c1ff18.png,2,Grade 2: Moderate NPDR,train,56341a410c8338d05bbb3706dd9471d605e654b0822194d1d00333b9a8a957f6
f366fb1cc475,APTOS-P3352,APTOS 2019 (Aravind Eye Hospital),train_images/f366fb1cc475.png,0,Grade 0: No Apparent DR,train,3b040290c6038664bff044b6245bf3828bf08b569c1ebb1fc99fd00765dca9ae
e6a6acf7fca1,APTOS-P3201,APTOS 2019 (Aravind Eye Hospital),train_images/e6a6acf7fca1.png,2,Grade 2: Moderate NPDR,train,480fce4e0776d01f4e2c5b0d38f8a8d3739344c11bb401be9a343ec700043bde
e6552b7432b3,APTOS-P3190,APTOS 2019 (Aravind Eye Hospital),train_images/e6552b7432b3.png,0,Grade 0: No Apparent DR,val,e8884df66aa45ef1da1175d76f04aa6ddafbb79413570de1e732b80c1a0c419e
4d009cebabc9,APTOS-P1065,APTOS 2019 (Aravind Eye Hospital),train_images/4d009cebabc9.png,2,Grade 2: Moderate NPDR,train,17ca30cda62395ae5e3d1fda37a8741f2fb9513bbc331916d49ff483a02f4d77
4ef7144e24ff,APTOS-P1104,APTOS 2019 (Aravind Eye Hospital),train_images/4ef7144e24ff.png,1,Grade 1: Mild NPDR,val,124340e6334667aa95f74208f6154a9e8dd7d1758f67b8749f6e0e0bb0a66f28
d6228d951958,APTOS-P2964,APTOS 2019 (Aravind Eye Hospital),train_images/d6228d951958.png,2,Grade 2: Moderate NPDR,train,4e9647cbdb0e565a29946d12d0721dca37199ce507274bc403dbb100010748bd
0babc12807b2,APTOS-P0158,APTOS 2019 (Aravind Eye Hospital),train_images/0babc12807b2.png,0,Grade 0: No Apparent DR,train,b63fd1661bc045d0a4e211f73801764298dabd233ab10011cde99d7621e24089
675de69373f8,APTOS-P1447,APTOS 2019 (Aravind Eye Hospital),train_images/675de69373f8.png,0,Grade 0: No Apparent DR,train,bd03b265bdc047248e4a837006b8494eb7ccd51cc4f65d06c1bcc123f8bd5024
f68690db78d3,APTOS-P3399,APTOS 2019 (Aravind Eye Hospital),train_images/f68690db78d3.png,0,Grade 0: No Apparent DR,train,dac278263fc1e148da3b3317197f896e4cf41f685addc0b848b0b81c1a1a908b
314862758acf,APTOS-P0686,APTOS 2019 (Aravind Eye Hospital),train_images/314862758acf.png,2,Grade 2: Moderate NPDR,test,83c606ec4450bc47b44f20dfe8d0f1bee0a203f7736170cf809a1028e46f3556
3580a545016d,APTOS-P0736,APTOS 2019 (Aravind Eye Hospital),train_images/3580a545016d.png,0,Grade 0: No Apparent DR,train,3347c52da84df416471d8897ef9a5c74174ecd898e94cbcc99ca2a5b8636f4ca
05a5183c92d0,APTOS-P0073,APTOS 2019 (Aravind Eye Hospital),train_images/05a5183c92d0.png,1,Grade 1: Mild NPDR,train,2a72bf8d032c31db9309ee5e473ad97cc9efa8f1bbd9a7aa3d512e11e8769222
65cf00be6fb4,APTOS-P1419,APTOS 2019 (Aravind Eye Hospital),train_images/65cf00be6fb4.png,0,Grade 0: No Apparent DR,train,4c94d869401ad1b44425a73841da1bbb93422002076799dd5d48c4280f60943b
080ee76c958c,APTOS-P0106,APTOS 2019 (Aravind Eye Hospital),train_images/080ee76c958c.png,4,Grade 4: Proliferative DR,train,b89b9bf3f212123e9e38d0894e011c2f9feb2a0adc9746a680b4319ecc1bd112
4464bb62bf20,APTOS-P0936,APTOS 2019 (Aravind Eye Hospital),train_images/4464bb62bf20.png,0,Grade 0: No Apparent DR,train,758d3752dfe754699235f66933ffcf748870d64e05a017c71065181c7fefb9ad
db4ed1e07aa3,APTOS-P3046,APTOS 2019 (Aravind Eye Hospital),train_images/db4ed1e07aa3.png,1,Grade 1: Mild NPDR,test,c7ec91cf4913bfd1613cd5286cbaad2498cea467c9b6e823d3f3492ff30c0224
21037f5c7790,APTOS-P0464,APTOS 2019 (Aravind Eye Hospital),train_images/21037f5c7790.png,0,Grade 0: No Apparent DR,val,4c9f29b0a999d35342c2aa7bccd7cb30a796c765da734021a4657c88d5eac7ba
7e980424868e,APTOS-P1752,APTOS 2019 (Aravind Eye Hospital),train_images/7e980424868e.png,0,Grade 0: No Apparent DR,val,f0a958f8a44187dfe50522c29684c2eefc5c57364d21a6aede875f09dabb2cb3
6b00cb764237,APTOS-P1401,APTOS 2019 (Aravind Eye Hospital),train_images/6b00cb764237.png,1,Grade 1: Mild NPDR,train,376dbc28d84c2baa42c3b051980ff464ceefa39ee825123bd6e166d7dbb4c236
65e51e18242b,APTOS-P1422,APTOS 2019 (Aravind Eye Hospital),train_images/65e51e18242b.png,1,Grade 1: Mild NPDR,train,99dfb01d27bce3990f92c73277d79b70aad44319a98a7117f605cd6698542979
17d7d6b092f4,APTOS-P0313,APTOS 2019 (Aravind Eye Hospital),train_images/17d7d6b092f4.png,0,Grade 0: No Apparent DR,train,d0d7171b73c270f69c0442e55e79260603df81a80aaad808940faa5588b9bed2
4ee1ad981a6d,APTOS-P1101,APTOS 2019 (Aravind Eye Hospital),train_images/4ee1ad981a6d.png,2,Grade 2: Moderate NPDR,train,8646bea8fcf9cdfe3f132edd272adce6df831005c11396f25dbe63f9bbee56df
03ff7d159f10,APTOS-P0053,APTOS 2019 (Aravind Eye Hospital),train_images/03ff7d159f10.png,2,Grade 2: Moderate NPDR,train,74475fa2b284e879ce3340010e06c8b70552a95a498f6fc80856091fa5976e4a
af831c158744,APTOS-P2461,APTOS 2019 (Aravind Eye Hospital),train_images/af831c158744.png,2,Grade 2: Moderate NPDR,train,9c05700287a52a2545f1420f191ad185e1dc3b0a7ac6eb1ee098ffe8d2b10ede
530d78467615,APTOS-P1179,APTOS 2019 (Aravind Eye Hospital),train_images/530d78467615.png,2,Grade 2: Moderate NPDR,val,d963a839754a73ddf6fa14c3507344b8013b73bc9cde6c4e256066ec6be58ccb
c013e869acce,APTOS-P2691,APTOS 2019 (Aravind Eye Hospital),train_images/c013e869acce.png,0,Grade 0: No Apparent DR,train,9cc996ae15c6a6602326089a48660864c4cdd9e17a2b7b45c5fb3c874c1d02c9
9b0eb9f41da4,APTOS-P2148,APTOS 2019 (Aravind Eye Hospital),train_images/9b0eb9f41da4.png,2,Grade 2: Moderate NPDR,val,d00f12a5750b55942d13d4f8a957edcc22510e778e9e593bce7e0eee4393a965
1864d3411143,APTOS-P0324,APTOS 2019 (Aravind Eye Hospital),train_images/1864d3411143.png,0,Grade 0: No Apparent DR,train,438e899c19d96b542dc3ad02793b33f1b84900485f47d57d32fef2ebf5af9825
d6130f2ec903,APTOS-P2963,APTOS 2019 (Aravind Eye Hospital),train_images/d6130f2ec903.png,0,Grade 0: No Apparent DR,train,6db5ba584b93992336085523bff45feb2c4d70f9bf332af93cb77b3d77492df3
d15ca3469b87,APTOS-P2897,APTOS 2019 (Aravind Eye Hospital),train_images/d15ca3469b87.png,2,Grade 2: Moderate NPDR,val,a1c452d87edad21c4c531a51c10b9a7b518f068b54c1e36f57badcd81ae0efd9
02685f13cefd,APTOS-P0035,APTOS 2019 (Aravind Eye Hospital),train_images/02685f13cefd.png,4,Grade 4: Proliferative DR,train,8ebf361b3ecf6cb1a193914e718d3ee9ea78e1abaa22bd935e2e602d6db4827f
3cdda8b3df19,APTOS-P0836,APTOS 2019 (Aravind Eye Hospital),train_images/3cdda8b3df19.png,2,Grade 2: Moderate NPDR,train,be7506d7217970f69bdc281f41c81b48a296487e8db92174d27e3e8b05cce1ed
8eb3337a54e9,APTOS-P1980,APTOS 2019 (Aravind Eye Hospital),train_images/8eb3337a54e9.png,2,Grade 2: Moderate NPDR,train,b61f63df8cea603bf571833e4ac23dbbe628211b940df49f8c4e2bbabf910cb6
4818672273af,APTOS-P0984,APTOS 2019 (Aravind Eye Hospital),train_images/4818672273af.png,2,Grade 2: Moderate NPDR,train,f3409772f63132dc296a2a2044ca680b8a67ad36f02d8fe31a2cf500597b4b27
c9c563864ab1,APTOS-P2801,APTOS 2019 (Aravind Eye Hospital),train_images/c9c563864ab1.png,0,Grade 0: No Apparent DR,train,17f596a859a4710749ca0dd633d9893df512b70ab79e85c5e711db88a970ed6c
2d870833c0c9,APTOS-P0640,APTOS 2019 (Aravind Eye Hospital),train_images/2d870833c0c9.png,2,Grade 2: Moderate NPDR,train,e25739b2433492482a0b05ded2f926f95c997c2221735d2870ff5a9707aec8a5
53327edb9e4d,APTOS-P1184,APTOS 2019 (Aravind Eye Hospital),train_images/53327edb9e4d.png,0,Grade 0: No Apparent DR,train,023327cd69f79690950d5182f0ff1cca695cb37a628c886f66a12f2a661b49d9
5bda2ed09e62,APTOS-P1298,APTOS 2019 (Aravind Eye Hospital),train_images/5bda2ed09e62.png,4,Grade 4: Proliferative DR,train,36c7d675326cb044aae6bef78d61333286516bda7827a5a9f1650c1262be62fe
4aa3d771c5e4,APTOS-P1028,APTOS 2019 (Aravind Eye Hospital),train_images/4aa3d771c5e4.png,0,Grade 0: No Apparent DR,train,e06f3e0a3d072916160237d174ce371ae9712b1f8aa95e156af222b851a5aba9
f3a268d2726d,APTOS-P3354,APTOS 2019 (Aravind Eye Hospital),train_images/f3a268d2726d.png,2,Grade 2: Moderate NPDR,train,e7c095951ded4db0514a58ce7ac93e6270ec951b08df80e06a598f5f3e681552
43fb6eda9b97,APTOS-P0927,APTOS 2019 (Aravind Eye Hospital),train_images/43fb6eda9b97.png,2,Grade 2: Moderate NPDR,test,601a36fa434a6a1be37b347aa8cff694e37148ee7687cd4937ffd653c4304cd7
a2696f444ecb,APTOS-P2251,APTOS 2019 (Aravind Eye Hospital),train_images/a2696f444ecb.png,1,Grade 1: Mild NPDR,val,9f19991ec1401e0efb44d823ae12b52418ed41521794cf79c8d0d91f52939038
a2ddabee14e9,APTOS-P2259,APTOS 2019 (Aravind Eye Hospital),train_images/a2ddabee14e9.png,4,Grade 4: Proliferative DR,train,8b27e2209fae4859bf5719b95fb32874735aade690a7d86c1ceea0b7dadf40d8
2221cf5c7935,APTOS-P0475,APTOS 2019 (Aravind Eye Hospital),train_images/2221cf5c7935.png,0,Grade 0: No Apparent DR,test,104efc30948b10b480ece462ad3a1cf59d980f612bbb523da7bcf14ff1d58941
653534ded339,APTOS-P1413,APTOS 2019 (Aravind Eye Hospital),train_images/653534ded339.png,2,Grade 2: Moderate NPDR,test,7ce5a1d1229a680c1d925bfe4398932b467d34d52f5f4b8f687d8f7ec6a2486f
1d2472849dce,APTOS-P0402,APTOS 2019 (Aravind Eye Hospital),train_images/1d2472849dce.png,0,Grade 0: No Apparent DR,test,7d14fe8eb8a64914f03053caf73acdedba214b1d43cfbc206a229008c9e754f0
35df2bc6ae95,APTOS-P0744,APTOS 2019 (Aravind Eye Hospital),train_images/35df2bc6ae95.png,0,Grade 0: No Apparent DR,test,b9c6969160bfb96e71d81401adfcff575089352cc7bdea29b0b996dac5fbc410
bb11db08584a,APTOS-P2622,APTOS 2019 (Aravind Eye Hospital),train_images/bb11db08584a.png,1,Grade 1: Mild NPDR,train,82c1e9e764ea7e43a1e657a0221cf67a961d8cd2b3cbaf28c483fcc8878b280e
f0e1201b5c1f,APTOS-P3334,APTOS 2019 (Aravind Eye Hospital),train_images/f0e1201b5c1f.png,0,Grade 0: No Apparent DR,train,249080bbd1e26198ccc77bcd72fe7285c080d1f339277826654846d34637a5b8
36e4b704b905,APTOS-P0757,APTOS 2019 (Aravind Eye Hospital),train_images/36e4b704b905.png,0,Grade 0: No Apparent DR,train,84ca093454885cfce279b67e43d04d60baa61c73d1c39f00ddb9e04b0d5b0ef7
c85b79d70079,APTOS-P2788,APTOS 2019 (Aravind Eye Hospital),train_images/c85b79d70079.png,0,Grade 0: No Apparent DR,train,534b88b660490b91a93684372d74261dac68d8d76f4bb2907e56db581f5f90ec
0daddc45d832,APTOS-P0185,APTOS 2019 (Aravind Eye Hospital),train_images/0daddc45d832.png,0,Grade 0: No Apparent DR,val,7823fb69127788138ad1b8f81a28feaf0754dcdb63b2440f3c84e05ed6776b32
107aea0d9289,APTOS-P0224,APTOS 2019 (Aravind Eye Hospital),train_images/107aea0d9289.png,1,Grade 1: Mild NPDR,val,ded1af695751823682a277e0db5f7e1a46c17c4f2cb568cf3d6fc0166c5edcbf
7877be80901c,APTOS-P1670,APTOS 2019 (Aravind Eye Hospital),train_images/7877be80901c.png,2,Grade 2: Moderate NPDR,val,2ad6e3c0f52210a755d34bc8775d71ccad7a4f5d78b600b36f9ed7777fd43184
f2f569a64949,APTOS-P3348,APTOS 2019 (Aravind Eye Hospital),train_images/f2f569a64949.png,0,Grade 0: No Apparent DR,train,70b996a60d7ed8de25e322050968b1805028a544340a82393cc959e0e67fe6e9
8d9516ea3587,APTOS-P1962,APTOS 2019 (Aravind Eye Hospital),train_images/8d9516ea3587.png,0,Grade 0: No Apparent DR,train,fc1fcc56a252b71aa7351ba419fa123744c6bdb7b2d1fb8ab2abcf08c70ec2c6
1b8701231c8f,APTOS-P0373,APTOS 2019 (Aravind Eye Hospital),train_images/1b8701231c8f.png,0,Grade 0: No Apparent DR,train,3a11060870f7c433ad913c14aff22ce7db443d20fcf50d9005f14b2db87721f6
b90bc89ce8d8,APTOS-P2589,APTOS 2019 (Aravind Eye Hospital),train_images/b90bc89ce8d8.png,4,Grade 4: Proliferative DR,val,028becd6f274d502470dd1d24d3dac8098a643ba0f2f0baba8ee4d8528d34123
e81f4a2fbbdc,APTOS-P3215,APTOS 2019 (Aravind Eye Hospital),train_images/e81f4a2fbbdc.png,0,Grade 0: No Apparent DR,val,5d84de59ca939d84edfae9adcc3b0794b7dedd946e10e585460b849af42fd269
6e1db8711879,APTOS-P1543,APTOS 2019 (Aravind Eye Hospital),train_images/6e1db8711879.png,0,Grade 0: No Apparent DR,train,14793b1d26635a1b113350b973f0c5dc3d14ebe7e99ba94aa968a833db03b3a7
31360e44ac64,APTOS-P0684,APTOS 2019 (Aravind Eye Hospital),train_images/31360e44ac64.png,0,Grade 0: No Apparent DR,train,6f8d7f23e4ad3ec8f12c2fea241c912cbd1a0e77ad2164dcdaa645d1544c852d
7b9d519cbd66,APTOS-P1712,APTOS 2019 (Aravind Eye Hospital),train_images/7b9d519cbd66.png,0,Grade 0: No Apparent DR,train,46754b7d63808cf59d18fb5e0ce4d780870b1464c5579bc198a3148d455932a0
f71aca5a7dc3,APTOS-P3407,APTOS 2019 (Aravind Eye Hospital),train_images/f71aca5a7dc3.png,0,Grade 0: No Apparent DR,test,2f541d553336e880c47a3c7793d6079a14638f3ee507263ac7955883edacba8a
df5ce3ea7820,APTOS-P3088,APTOS 2019 (Aravind Eye Hospital),train_images/df5ce3ea7820.png,2,Grade 2: Moderate NPDR,val,ea3793e2644608f5a41a81ac40b9b930a98674060ae41ae54dec70470ba3d9fc
bd5013540a13,APTOS-P0484,APTOS 2019 (Aravind Eye Hospital),train_images/bd5013540a13.png,4,Grade 4: Proliferative DR,test,b836b23596d9e10458f1cd28522b17a1eaf5b082f3211a168782c6836c1a897e
50916d67bb51,APTOS-P1128,APTOS 2019 (Aravind Eye Hospital),train_images/50916d67bb51.png,0,Grade 0: No Apparent DR,train,9c5cd5a17281d24e2852a5914e5c0bb0a84f6a8649cf413a6fb52dd91860ddd3
3428230bf1bd,APTOS-P0718,APTOS 2019 (Aravind Eye Hospital),train_images/3428230bf1bd.png,2,Grade 2: Moderate NPDR,test,690caed8804814a3472fded9a2d05e3301b4b12c9a550b080244cba0e2439353
57f933d3d7c7,APTOS-P1239,APTOS 2019 (Aravind Eye Hospital),train_images/57f933d3d7c7.png,2,Grade 2: Moderate NPDR,train,cd833e99d7d6dd359d489aceac44cfea90e3abae028c6cded7f74864d7b8ddd6
9b95d6203406,APTOS-P2155,APTOS 2019 (Aravind Eye Hospital),train_images/9b95d6203406.png,2,Grade 2: Moderate NPDR,train,aac19f64f94d3d87aac50be00f21f3b65e85ea67e316c910335119f8c96d9472
ad2f0b9d059c,APTOS-P2421,APTOS 2019 (Aravind Eye Hospital),train_images/ad2f0b9d059c.png,3,Grade 3: Severe NPDR,train,6f4b3c79908ee8b8064157764cff8cea2c408519280c1bb4dcc38d9ec74c383e
ee1ec90b980f,APTOS-P3290,APTOS 2019 (Aravind Eye Hospital),train_images/ee1ec90b980f.png,4,Grade 4: Proliferative DR,train,f93ddab3ba9dfe5db24a4a78393679d580cd4552cf205babf1252e4bfb708802
519c6e8f78dc,APTOS-P1144,APTOS 2019 (Aravind Eye Hospital),train_images/519c6e8f78dc.png,0,Grade 0: No Apparent DR,test,9b9d2a5e7d943544cd8cb2b1dd68628a060a447200474cdcb363e9e157df0725
a3bd2e034614,APTOS-P2273,APTOS 2019 (Aravind Eye Hospital),train_images/a3bd2e034614.png,0,Grade 0: No Apparent DR,train,8ab81b645fe6db98f8c74c903d14ef68c1d987bfc590278dfd0d04b69254d5e5
054b1b305160,APTOS-P0070,APTOS 2019 (Aravind Eye Hospital),train_images/054b1b305160.png,0,Grade 0: No Apparent DR,train,38019b211b521ecb15e9dbf4ba285a7d337bf1bcc1e33a1beb42c2214f505946
44976c3b11a6,APTOS-P0941,APTOS 2019 (Aravind Eye Hospital),train_images/44976c3b11a6.png,0,Grade 0: No Apparent DR,train,2933249813a6e14002e685b4ca286f4b00efcbd0447a27ebae556a14049970e2
5e18af29d812,APTOS-P1327,APTOS 2019 (Aravind Eye Hospital),train_images/5e18af29d812.png,2,Grade 2: Moderate NPDR,train,c1559a5bd9a79b7e9c0b97cdc571b8bcdd62b564b38f952131d0f160f241bdae
504a69096fcb,APTOS-P1120,APTOS 2019 (Aravind Eye Hospital),train_images/504a69096fcb.png,0,Grade 0: No Apparent DR,train,72864af02f8b4e8d0ae523276bc8ad134ecfaa2f45cb55dbb6c6544fd702ee67
962cf85e4f6d,APTOS-P2073,APTOS 2019 (Aravind Eye Hospital),train_images/962cf85e4f6d.png,2,Grade 2: Moderate NPDR,val,96225a2a110bd96087a10d8216f7931429e3d9fa730bcb1f0bfeda0203ad6416
e03a74e7d74f,APTOS-P3099,APTOS 2019 (Aravind Eye Hospital),train_images/e03a74e7d74f.png,0,Grade 0: No Apparent DR,test,7fbd77ed82256e7d7c6edbef150415ec805fcc1a274e2d165ddd5f53c22d5bc0
3fd7df6099e3,APTOS-P0869,APTOS 2019 (Aravind Eye Hospital),train_images/3fd7df6099e3.png,2,Grade 2: Moderate NPDR,train,7c0fefcb7bb2eca8d65493ef9472aefe06261359c11a398dc968b560e6be1643
3044022c6969,APTOS-P0060,APTOS 2019 (Aravind Eye Hospital),train_images/3044022c6969.png,1,Grade 1: Mild NPDR,train,6a26af4b4e80ea39f57998823ea21213f0c1aef2ec94adbdf63b8d115a247708
b5bf7b84fc66,APTOS-P2537,APTOS 2019 (Aravind Eye Hospital),train_images/b5bf7b84fc66.png,0,Grade 0: No Apparent DR,train,ed7a12b161260ff2a2ffe8158774b487637aec6693528dd49b22973d59f7eb62
1f4fb37e0854,APTOS-P0442,APTOS 2019 (Aravind Eye Hospital),train_images/1f4fb37e0854.png,0,Grade 0: No Apparent DR,test,2737151e3b804cb0998019ff26993d62b3d7ffadc65f5a5af95c06f3e3eecb0f
272d9c043c81,APTOS-P0548,APTOS 2019 (Aravind Eye Hospital),train_images/272d9c043c81.png,2,Grade 2: Moderate NPDR,val,0efb8cdb7be072668c54746fbbd53a33b67ce8b8ce4dc99b4a8147253ae6350e
1124ffcd76c2,APTOS-P0238,APTOS 2019 (Aravind Eye Hospital),train_images/1124ffcd76c2.png,2,Grade 2: Moderate NPDR,test,a7d3d8457d0d1d89bb77625412b24d825db6bdaef62104b87fc0a1f57628cf2e
2665f72e2dd3,APTOS-P0536,APTOS 2019 (Aravind Eye Hospital),train_images/2665f72e2dd3.png,3,Grade 3: Severe NPDR,train,bb2d46dfe0ff1c4c452c6f07944d1f11023eaea7bc6349389f6658e1acc48edd
09f6ab477654,APTOS-P0134,APTOS 2019 (Aravind Eye Hospital),train_images/09f6ab477654.png,2,Grade 2: Moderate NPDR,train,e88fc17b24042f2920c28d7df1149b03c09b0071cf5cb61e1142df9fffad6a5a
4ffa38550c95,APTOS-P1117,APTOS 2019 (Aravind Eye Hospital),train_images/4ffa38550c95.png,0,Grade 0: No Apparent DR,train,139740b4d0cd697f0e74d8932ad6e163e9c57e95ce47db69be5afacf097b44d6
1844a039b4ea,APTOS-P0321,APTOS 2019 (Aravind Eye Hospital),train_images/1844a039b4ea.png,2,Grade 2: Moderate NPDR,train,5eab3bef75b47c9b3571f24f8f00489bafaa6de6871202630201c21a89df33dd
cd8da43e3069,APTOS-P2861,APTOS 2019 (Aravind Eye Hospital),train_images/cd8da43e3069.png,0,Grade 0: No Apparent DR,train,cef0b07d46dbea951779ef81f6da1908ec2ce2ce977e7daa1ddbc6dad2d02707
150f92b45349,APTOS-P0277,APTOS 2019 (Aravind Eye Hospital),train_images/150f92b45349.png,0,Grade 0: No Apparent DR,train,835fee3a2f6f6f9a317f596abe384fe68e66c02bd3a13066ba5e3df03f5bc92a
b72a86d61959,APTOS-P2558,APTOS 2019 (Aravind Eye Hospital),train_images/b72a86d61959.png,0,Grade 0: No Apparent DR,val,8af0e7b9f99f82636ca01cadf192d3b55d93f10ff0da26d7aa06d7becb3d5587
613bacb35c05,APTOS-P1361,APTOS 2019 (Aravind Eye Hospital),train_images/613bacb35c05.png,1,Grade 1: Mild NPDR,train,30d89569d427da982d43acc07c5d332fd1de57a7d49d762c59252d02c5200b2e
04aef84a2cc1,APTOS-P0061,APTOS 2019 (Aravind Eye Hospital),train_images/04aef84a2cc1.png,0,Grade 0: No Apparent DR,train,881202976b70dba5680d2dadb57b21170cf340c7ad2c4121fa2b8661ae0dc66d
1ab8d3431ffc,APTOS-P0363,APTOS 2019 (Aravind Eye Hospital),train_images/1ab8d3431ffc.png,0,Grade 0: No Apparent DR,train,c790fe22044723e908cca80df9354b5f8ba5bbeaef24dd78350097babcc22e4e
b37aae3c8fe1,APTOS-P2506,APTOS 2019 (Aravind Eye Hospital),train_images/b37aae3c8fe1.png,4,Grade 4: Proliferative DR,train,3694c20205994b8f7eac669a8d850930d4ea7220b68ea8d4527f5e7716cc3cfb
0a3202889f4d,APTOS-P0137,APTOS 2019 (Aravind Eye Hospital),train_images/0a3202889f4d.png,1,Grade 1: Mild NPDR,train,ec73ead78802248c05ff0361ddabb80ab4d132f7a0e96d9766c196cba98934c0
bf8092e4001d,APTOS-P2678,APTOS 2019 (Aravind Eye Hospital),train_images/bf8092e4001d.png,3,Grade 3: Severe NPDR,train,a42918381bf5daa23b473ad4eb29571ad8205c88249e7921ec4ee8d5081541c3
cfed7c1172ec,APTOS-P2885,APTOS 2019 (Aravind Eye Hospital),train_images/cfed7c1172ec.png,0,Grade 0: No Apparent DR,train,e35877d9433343d27d1aba5a1647c8443a164731a6a10048375e8431bed4b245
2b88cb6e31cd,APTOS-P0615,APTOS 2019 (Aravind Eye Hospital),train_images/2b88cb6e31cd.png,2,Grade 2: Moderate NPDR,train,a41ec2d9c73395d895511647b30904d5b3f5655cd586625a6c1fbf5f5570cad5
6dc0281f11e3,APTOS-P1533,APTOS 2019 (Aravind Eye Hospital),train_images/6dc0281f11e3.png,0,Grade 0: No Apparent DR,train,b1d5e04f348134701ceb44a5dcbb4cf7ff77671d5e1f1483bba2404270153514
e76a9cbb2a8c,APTOS-P2628,APTOS 2019 (Aravind Eye Hospital),train_images/e76a9cbb2a8c.png,3,Grade 3: Severe NPDR,train,1240cdf1c9c19909198d420e418164d783b69972d9a442f7d951e878bcc32722
d1a24527a15d,APTOS-P2906,APTOS 2019 (Aravind Eye Hospital),train_images/d1a24527a15d.png,4,Grade 4: Proliferative DR,test,c668cb6c4e53a4c2b5855e4323712965e280d8f2b4876dfb58db6b0169cc4419
578109578b46,APTOS-P1232,APTOS 2019 (Aravind Eye Hospital),train_images/578109578b46.png,1,Grade 1: Mild NPDR,train,b1634d334b8f186ec8f6fd2de7efc8dd8dcd9483829a558345a3aa7dbc00d4da
dd19428c3d29,APTOS-P3063,APTOS 2019 (Aravind Eye Hospital),train_images/dd19428c3d29.png,1,Grade 1: Mild NPDR,train,3175cc3147210196d81602dc3a43421dba1df27cd3c62c1eb670eb569720ee95
b49b2fac2514,APTOS-P2520,APTOS 2019 (Aravind Eye Hospital),train_images/b49b2fac2514.png,4,Grade 4: Proliferative DR,train,a0078f6afcdbbb41dd1db824a7763828a03e1cdcba63360d1c34ea6388b8c88e
b376def52ccc,APTOS-P0776,APTOS 2019 (Aravind Eye Hospital),train_images/b376def52ccc.png,2,Grade 2: Moderate NPDR,train,ce17328c14d25dc13b7f99d2da663fb7b19a934036fe0ce4cbb726219dd27211
628b581aa905,APTOS-P1379,APTOS 2019 (Aravind Eye Hospital),train_images/628b581aa905.png,0,Grade 0: No Apparent DR,train,895c5e73d6acf0bf704eab0c3c043be0bcd40cac8d2e3e2a3f3231f02be2c229
b6fd109b1bc9,APTOS-P2553,APTOS 2019 (Aravind Eye Hospital),train_images/b6fd109b1bc9.png,0,Grade 0: No Apparent DR,train,a77dc27a21eb6a8912dcad70e1540ca54aaf9e2b561ff4c6197d0563fc3ce413
f460608cf4cc,APTOS-P3365,APTOS 2019 (Aravind Eye Hospital),train_images/f460608cf4cc.png,2,Grade 2: Moderate NPDR,train,a067b0e528794812c3a44588abdbf430d837353adb73ce86b8b812bad7cd98bf
cf0575534cec,APTOS-P2875,APTOS 2019 (Aravind Eye Hospital),train_images/cf0575534cec.png,1,Grade 1: Mild NPDR,train,e35a85aada8bfda2e2456c45bd7c5b0a3c061ab46ec501a2280b90e663ae92db
4e82c3c8d31f,APTOS-P1093,APTOS 2019 (Aravind Eye Hospital),train_images/4e82c3c8d31f.png,1,Grade 1: Mild NPDR,train,b8bbd72dbbd035e48e42cea7b5b71907496e211b55838de3bd5e89c3f2341f7f
30263a7d5609,APTOS-P0672,APTOS 2019 (Aravind Eye Hospital),train_images/30263a7d5609.png,0,Grade 0: No Apparent DR,train,61b648cfe71fe925484e39ec9c1eb72db4da02be8d22748e92e44fa1e80c077a
2bd4d4fbed5c,APTOS-P0621,APTOS 2019 (Aravind Eye Hospital),train_images/2bd4d4fbed5c.png,2,Grade 2: Moderate NPDR,train,7375d22d217f3288844bd0f0c223bfc949c1955f62dcfad289ec2af3fb84992a
310c27067ac0,APTOS-P0680,APTOS 2019 (Aravind Eye Hospital),train_images/310c27067ac0.png,2,Grade 2: Moderate NPDR,test,3e47500e5966b4bca7e791aa383fc3427eba70c452db5490405e8ac9fbe4fd5f
83fda7c0500b,APTOS-P1829,APTOS 2019 (Aravind Eye Hospital),train_images/83fda7c0500b.png,0,Grade 0: No Apparent DR,train,aa41f3166f39475f517b9984c9b13053e24d8c437b6f6ebf9e1bc0bdc9ae8366
f7735b6d47f7,APTOS-P3413,APTOS 2019 (Aravind Eye Hospital),train_images/f7735b6d47f7.png,0,Grade 0: No Apparent DR,val,90460e9fd4deebb7589a361a7fc272cd2a20f39251a937a4ac1f93781d59cd97
b64e1eef3d63,APTOS-P2543,APTOS 2019 (Aravind Eye Hospital),train_images/b64e1eef3d63.png,0,Grade 0: No Apparent DR,val,46b3d72e1d695b683a86553369d5d72ddc2971d7af1400d05101c080a05cda23
f0267c42907c,APTOS-P3320,APTOS 2019 (Aravind Eye Hospital),train_images/f0267c42907c.png,0,Grade 0: No Apparent DR,test,dfbc3f29f9069a0e4b3700eb8b4283087fa5f958c3db42c3355e18453b017e39
549381330191,APTOS-P1202,APTOS 2019 (Aravind Eye Hospital),train_images/549381330191.png,0,Grade 0: No Apparent DR,val,e81e8999cc7189676771f5071a9d7b08ecef24638a54e2afe7747b9e21af6a26
12e6e66c80a7,APTOS-P0254,APTOS 2019 (Aravind Eye Hospital),train_images/12e6e66c80a7.png,2,Grade 2: Moderate NPDR,train,90936647f60e6b614be4821b793d0c6ddec96345b26fe557cb094e16ea546e8e
c0968d41eb93,APTOS-P2696,APTOS 2019 (Aravind Eye Hospital),train_images/c0968d41eb93.png,1,Grade 1: Mild NPDR,train,839958da1b854dc0128c7be1111a4e813bab54e11dfc9c63072b79dff5531133
7005be54cab1,APTOS-P0852,APTOS 2019 (Aravind Eye Hospital),train_images/7005be54cab1.png,1,Grade 1: Mild NPDR,test,b6f4a9effe8f713789de95fab8397249553192b2db9288c28f5502f8410646d3
4f60129e9a5b,APTOS-P1109,APTOS 2019 (Aravind Eye Hospital),train_images/4f60129e9a5b.png,2,Grade 2: Moderate NPDR,train,caede822ca418c4a743e5b38c8274a4d1c54866fa6c284df6f0f2e6091b1e33a
2bb063318cf1,APTOS-P0617,APTOS 2019 (Aravind Eye Hospital),train_images/2bb063318cf1.png,3,Grade 3: Severe NPDR,val,c52bb9d9a0d01afa9cfe536a599bea265ba8eea40eb49a2cdfe2db4597dbd916
3732de8b416f,APTOS-P0761,APTOS 2019 (Aravind Eye Hospital),train_images/3732de8b416f.png,0,Grade 0: No Apparent DR,train,8f65e5791a8203b494fd0e5e25ecfd900a8e275d7d00c3d59b00ca57ed31ce39
609be3ca5ddf,APTOS-P1351,APTOS 2019 (Aravind Eye Hospital),train_images/609be3ca5ddf.png,0,Grade 0: No Apparent DR,train,7faf389a2cc1a82b251216aad3d1201bc5c8419b46f6341ffa95b0077cc9d504
b5e6ae31493c,APTOS-P2539,APTOS 2019 (Aravind Eye Hospital),train_images/b5e6ae31493c.png,0,Grade 0: No Apparent DR,train,cdf430908955e681655b41edca748636ed575e3a9af66c3d80cc710e5bec4a21
1006345f70b7,APTOS-P0220,APTOS 2019 (Aravind Eye Hospital),train_images/1006345f70b7.png,2,Grade 2: Moderate NPDR,train,847217947cfe7886eb6351f17a06acce67471001e3ffb19974920fda44163a4d
07a1c7073982,APTOS-P0099,APTOS 2019 (Aravind Eye Hospital),train_images/07a1c7073982.png,1,Grade 1: Mild NPDR,train,2f48c00788d3120ad27e0329f976d76595a915db349338dc93d2893a029dca77
e3cd96cb094c,APTOS-P3156,APTOS 2019 (Aravind Eye Hospital),train_images/e3cd96cb094c.png,0,Grade 0: No Apparent DR,test,293b00b30ee181cf714f39635a71031f3debf95a16ecc7478aa37680b55b4372
76b950c6ed5e,APTOS-P1641,APTOS 2019 (Aravind Eye Hospital),train_images/76b950c6ed5e.png,0,Grade 0: No Apparent DR,train,1d6ef21aab71df25e32ec93cd7c81d2d6920ad739f36b277047c882cfa43834b
f58f0b2fd718,APTOS-P3388,APTOS 2019 (Aravind Eye Hospital),train_images/f58f0b2fd718.png,0,Grade 0: No Apparent DR,train,e398cafd1a0a2d5ffe832ed630e36346fd6072c8ef8bf0bd34ee349630353b16
188a9323be03,APTOS-P0328,APTOS 2019 (Aravind Eye Hospital),train_images/188a9323be03.png,2,Grade 2: Moderate NPDR,val,347e2405732b574d5564b03847231ec4efeaa8702e06d615fe79da02c38a4eb2
44e0d56e9d42,APTOS-P0945,APTOS 2019 (Aravind Eye Hospital),train_images/44e0d56e9d42.png,2,Grade 2: Moderate NPDR,train,2f0489a6693e09f976c34bca215ed5407ca966b21e1654d4f5d60eed42424df5
0083ee8054ee,APTOS-P0006,APTOS 2019 (Aravind Eye Hospital),train_images/0083ee8054ee.png,4,Grade 4: Proliferative DR,val,8d54daf5d22757b4208c1ba0ebdcbf94efce0e9e466aa06ced31dd4b72f6e02c
7f43becd3e83,APTOS-P1767,APTOS 2019 (Aravind Eye Hospital),train_images/7f43becd3e83.png,0,Grade 0: No Apparent DR,train,81385da078d531ef43257e5bbd87cad3ec12e541c80f6ad96a2cf7ad295c51ca
9a78c6a7b1c2,APTOS-P2139,APTOS 2019 (Aravind Eye Hospital),train_images/9a78c6a7b1c2.png,2,Grade 2: Moderate NPDR,train,acc3b8494ff4d457c644b16da5b4ffdc9f8371662c2930febc00b6ef646b2052
8cb6b5b2f19c,APTOS-P1954,APTOS 2019 (Aravind Eye Hospital),train_images/8cb6b5b2f19c.png,2,Grade 2: Moderate NPDR,train,18da9b1afe5dd7467f892a9339468978653aa2013618e7f0b7c7132cbc61286c
3a4cfea0a766,APTOS-P0799,APTOS 2019 (Aravind Eye Hospital),train_images/3a4cfea0a766.png,0,Grade 0: No Apparent DR,train,afc6f6ecf7c90d813c15c0e27dc8721122c27dd627219f60ee39f9aa5f2f23f4
5b3e7197ac1c,APTOS-P1288,APTOS 2019 (Aravind Eye Hospital),train_images/5b3e7197ac1c.png,3,Grade 3: Severe NPDR,train,f51199aab0dd26c1faa934dbe6df37c277f588303026b3c061fc5fd55b08e209
8010c931321f,APTOS-P1776,APTOS 2019 (Aravind Eye Hospital),train_images/8010c931321f.png,0,Grade 0: No Apparent DR,train,e73f3c7c0c4c2f4940469e82ca15b1e4c88617d53f00de0e83f6569e57c9a2e6
ab03d50bba2f,APTOS-P2387,APTOS 2019 (Aravind Eye Hospital),train_images/ab03d50bba2f.png,0,Grade 0: No Apparent DR,train,8c998f4b29f28dd4aef597656c6b3ca8a9d97bea2478e2373d504822ff5ccf59
5f51192841f7,APTOS-P1343,APTOS 2019 (Aravind Eye Hospital),train_images/5f51192841f7.png,0,Grade 0: No Apparent DR,train,52407309d9c02a7c8433f79863946ddf6fdd00b5354865e160edfa2cb411f72a
11b5c77fbf79,APTOS-P0242,APTOS 2019 (Aravind Eye Hospital),train_images/11b5c77fbf79.png,2,Grade 2: Moderate NPDR,train,cf93dad7c18adafddbf66c02591594330643a66c17a5e6b9043f4a83a483268b
d8cdb7d7283a,APTOS-P3006,APTOS 2019 (Aravind Eye Hospital),train_images/d8cdb7d7283a.png,2,Grade 2: Moderate NPDR,train,13b844127d1ce33117d3a557a7cb8087bf267212026f2e96900e56f32b139957
930fee99213a,APTOS-P2041,APTOS 2019 (Aravind Eye Hospital),train_images/930fee99213a.png,0,Grade 0: No Apparent DR,train,d0aa627e959a308eaacdac6d5584b66f6ecac173b2b1a98f943a565c63347178
197af0de76e2,APTOS-P0351,APTOS 2019 (Aravind Eye Hospital),train_images/197af0de76e2.png,0,Grade 0: No Apparent DR,train,a336044c3c9024ab7ba03c31ea8f10d38f1f26126080c8198987c4b28d900010
1608c82a263f,APTOS-P0296,APTOS 2019 (Aravind Eye Hospital),train_images/1608c82a263f.png,0,Grade 0: No Apparent DR,val,aa5984a1a7533cbbb572e16f46c815261fad70a61f7f401c0c2b06af44cff291
fa573163dd8b,APTOS-P3441,APTOS 2019 (Aravind Eye Hospital),train_images/fa573163dd8b.png,0,Grade 0: No Apparent DR,val,96b85bcfcca8d0053d64557279c59eb52a7a8d0e6f39c8c73441bed142932fc0
35beb47fe159,APTOS-P0741,APTOS 2019 (Aravind Eye Hospital),train_images/35beb47fe159.png,0,Grade 0: No Apparent DR,train,130bb49abbc40ad268f0f042fd5e818d77c64490d63d30cbc2d06c35d623ee3e
389552047476,APTOS-P0782,APTOS 2019 (Aravind Eye Hospital),train_images/389552047476.png,0,Grade 0: No Apparent DR,val,0abd33023c93b73c8e581a5c31269ba2367799847b8264427dc63f43172ad75f
547b37da9223,APTOS-P1200,APTOS 2019 (Aravind Eye Hospital),train_images/547b37da9223.png,2,Grade 2: Moderate NPDR,train,142b9944f4567237837be61ea5f1d845ddd8a4e02f3ad8213b36dd5eecf1ac0c
ae1344610ebe,APTOS-P2431,APTOS 2019 (Aravind Eye Hospital),train_images/ae1344610ebe.png,2,Grade 2: Moderate NPDR,train,1adfb2478a45dc1aa112ec72fc763c9b5672eac0b268dbe53758f4f402ad7a6f
51269b77d312,APTOS-P1137,APTOS 2019 (Aravind Eye Hospital),train_images/51269b77d312.png,3,Grade 3: Severe NPDR,train,1c40d3d005de04eab604e21a697828bfb06250ef69de69966c0579305fe2eac7
e12f9f19d1be,APTOS-P3113,APTOS 2019 (Aravind Eye Hospital),train_images/e12f9f19d1be.png,0,Grade 0: No Apparent DR,test,5b4664ab6d0112c6bbebce92b3b0751983cfab12dd3c0b0da6609168c13b4be0
51131b48f9d4,APTOS-P0904,APTOS 2019 (Aravind Eye Hospital),train_images/51131b48f9d4.png,1,Grade 1: Mild NPDR,train,cac444293e4577a09b8d154525f0b2b72caed482b593dd66c36ee2281b43a5ef
74898f372d2b,APTOS-P1615,APTOS 2019 (Aravind Eye Hospital),train_images/74898f372d2b.png,0,Grade 0: No Apparent DR,train,e205f64d09d58d04e803251eb5fb67ba4ac16d5184b5109f2c791558f8be0fc0
2608e1dac5b1,APTOS-P0528,APTOS 2019 (Aravind Eye Hospital),train_images/2608e1dac5b1.png,2,Grade 2: Moderate NPDR,test,b4cf0b9471da697d15189db154eeb4a2446d41817a3d4c5ef867fa6830505d36
c67117c6ab3b,APTOS-P2765,APTOS 2019 (Aravind Eye Hospital),train_images/c67117c6ab3b.png,3,Grade 3: Severe NPDR,val,5acd49ca271bdfa0e9ab0300023ecabd082acf45fa128eafddf1c843fad93196
12ab2f6397f0,APTOS-P0248,APTOS 2019 (Aravind Eye Hospital),train_images/12ab2f6397f0.png,0,Grade 0: No Apparent DR,val,2979f61e75d4ce54f809d6de80f06a4d17753555f1f1aa84637b16d4f3fbcfd8
52230bbef30e,APTOS-P1159,APTOS 2019 (Aravind Eye Hospital),train_images/52230bbef30e.png,2,Grade 2: Moderate NPDR,train,30b8c8dcf188fba0f84503e0782a45b2cc73d6528597d899504b4ed964d24f62
7ec0e61a7e29,APTOS-P1754,APTOS 2019 (Aravind Eye Hospital),train_images/7ec0e61a7e29.png,0,Grade 0: No Apparent DR,train,710e5bb96917a8d300a2630d2be0b7eb21c3658ce7345eddae41889714761591
d2ffe9287dc7,APTOS-P2934,APTOS 2019 (Aravind Eye Hospital),train_images/d2ffe9287dc7.png,3,Grade 3: Severe NPDR,train,cc9f913fd116f6753765ae4bc60914ecdb265dbbee0c8ca5c1cfead0d616af3a
0a902c80d5da,APTOS-P0143,APTOS 2019 (Aravind Eye Hospital),train_images/0a902c80d5da.png,0,Grade 0: No Apparent DR,train,39683656ff62be5bffa9442284cf1a636a5e72adf8d38f9fef36ff7f7a016e24
14c3b41d289c,APTOS-P0273,APTOS 2019 (Aravind Eye Hospital),train_images/14c3b41d289c.png,0,Grade 0: No Apparent DR,train,42693325250b282c3e76433b046b8eccb94d35807122f7de9f54eac6f670e435
80964d8e0863,APTOS-P1779,APTOS 2019 (Aravind Eye Hospital),train_images/80964d8e0863.png,4,Grade 4: Proliferative DR,train,6edea9c0d86a767f4e2249de2e3ba4a3e2d8179da8084b5302b6149adeb19267
25a0a1e41afd,APTOS-P0522,APTOS 2019 (Aravind Eye Hospital),train_images/25a0a1e41afd.png,0,Grade 0: No Apparent DR,train,03e0f1f17b2da5966678402d73438d86020978f6f8efb3f60ea70c846b21cdf1
48a45619d1a3,APTOS-P0991,APTOS 2019 (Aravind Eye Hospital),train_images/48a45619d1a3.png,0,Grade 0: No Apparent DR,test,9c2181e83ef588d11f8d632e460a5d7d71b69c04385cee48186a6dc040961056
97c6cb55866d,APTOS-P2096,APTOS 2019 (Aravind Eye Hospital),train_images/97c6cb55866d.png,0,Grade 0: No Apparent DR,train,0f0c1ceffbff3b0ac2b4412671da15b8846fa53fd5d6ba7810b4ecb7d5bf91f8
5905a9b06a73,APTOS-P1257,APTOS 2019 (Aravind Eye Hospital),train_images/5905a9b06a73.png,2,Grade 2: Moderate NPDR,train,cf0d6514e29d187e0a45a1f576bb7bb6434a15ccfdc5084e6c5ecdba7cc6c0fd
8cb6b0efaaac,APTOS-P0904,APTOS 2019 (Aravind Eye Hospital),train_images/8cb6b0efaaac.png,2,Grade 2: Moderate NPDR,train,35d4c91bf65b51a77f896d362cd9807014bde27c9a3217b723313e0de1775f91
3323fd59782e,APTOS-P0705,APTOS 2019 (Aravind Eye Hospital),train_images/3323fd59782e.png,0,Grade 0: No Apparent DR,train,4a9826eb6f2079b683eea49049a7a2b20f3bfd963fa676e6e0831294b5fc4d63
93421787f520,APTOS-P2044,APTOS 2019 (Aravind Eye Hospital),train_images/93421787f520.png,0,Grade 0: No Apparent DR,val,b9d459dc0ebbd10cc82b8b654ecfae7f57981a966151536eac53911ff457eb63
99e8bf998285,APTOS-P2128,APTOS 2019 (Aravind Eye Hospital),train_images/99e8bf998285.png,2,Grade 2: Moderate NPDR,val,6102549426c80e2cfe9430cd6dbd59974543a61a9e8bc818f4ef1ce95796a038
005b95c28852,APTOS-P0005,APTOS 2019 (Aravind Eye Hospital),train_images/005b95c28852.png,0,Grade 0: No Apparent DR,test,d0dd2f97c71734a845b8aabb67393cf7c37e320c8494430bb5800950e2ea6111
66cd9c28e636,APTOS-P1442,APTOS 2019 (Aravind Eye Hospital),train_images/66cd9c28e636.png,1,Grade 1: Mild NPDR,train,c3f0f99f35ff0c982e01e8269ad7b7094dfd4a96bab3e8012779691eb6167c44
356304d15a5c,APTOS-P0733,APTOS 2019 (Aravind Eye Hospital),train_images/356304d15a5c.png,0,Grade 0: No Apparent DR,train,776745ef16c5e0c0dacb6d7e1910155d45522eceffbe124f0aceea7e696ebeb0
1ca35d483772,APTOS-P0392,APTOS 2019 (Aravind Eye Hospital),train_images/1ca35d483772.png,0,Grade 0: No Apparent DR,train,ab4b795189cd28ba3da319304b60be70601513a3bd3382a8e4ca46356f243b5e
7356dd08b0ae,APTOS-P1601,APTOS 2019 (Aravind Eye Hospital),train_images/7356dd08b0ae.png,2,Grade 2: Moderate NPDR,train,91564cf864f27dbf2628b399a88b84e61d589b11211625390d50f18b77ae5ec5
2cacdb0dffae,APTOS-P0627,APTOS 2019 (Aravind Eye Hospital),train_images/2cacdb0dffae.png,0,Grade 0: No Apparent DR,val,f16562e85e6e70ae8239a3d6228fbbf6de4a49f014fbf417e532c47be4c548f5
f42b693a9414,APTOS-P3361,APTOS 2019 (Aravind Eye Hospital),train_images/f42b693a9414.png,0,Grade 0: No Apparent DR,train,ad8d6ada59506b7f47b6ed5c9091222eab97c6834a138cbde14ef1f72f3461aa
278aa860dffd,APTOS-P0554,APTOS 2019 (Aravind Eye Hospital),train_images/278aa860dffd.png,1,Grade 1: Mild NPDR,train,6e46b2fc03a48a63d220d80ac02874945ec12da6bf65c7326818695b29ba2689
144a1a426137,APTOS-P0270,APTOS 2019 (Aravind Eye Hospital),train_images/144a1a426137.png,2,Grade 2: Moderate NPDR,train,1ebaa9c10953f574e9df66514605e6e5e3da9f597cdc3054fd4cd1f5e96e727d
56e56aa08362,APTOS-P1223,APTOS 2019 (Aravind Eye Hospital),train_images/56e56aa08362.png,2,Grade 2: Moderate NPDR,train,2ae7144270b9b95c51715d2589e18d843c5189d640bd9fb67cf73e048ebd0786
6155cf375354,APTOS-P1362,APTOS 2019 (Aravind Eye Hospital),train_images/6155cf375354.png,0,Grade 0: No Apparent DR,train,8d8816c532311f5a65767acec1204d11b3f417cc477e075c2bbe0bcf14c970e9
70d0392397de,APTOS-P1568,APTOS 2019 (Aravind Eye Hospital),train_images/70d0392397de.png,0,Grade 0: No Apparent DR,train,10e0f554053cbbcf5aa494423c6c6a62ba28e341ccec5b668a802435462886d7
19722bff5a09,APTOS-P0350,APTOS 2019 (Aravind Eye Hospital),train_images/19722bff5a09.png,1,Grade 1: Mild NPDR,train,b6f031370b1dc16969e63e61f2b3062c442ed530e61d1528102e825169217654
ff52392372d3,APTOS-P3337,APTOS 2019 (Aravind Eye Hospital),train_images/ff52392372d3.png,2,Grade 2: Moderate NPDR,test,df5a2fcce09517e4205252dcf35309fe1ab196e3ea1cf45546a06d0c31dc319f
96b5474ae604,APTOS-P2079,APTOS 2019 (Aravind Eye Hospital),train_images/96b5474ae604.png,0,Grade 0: No Apparent DR,train,29899992ad38b513093e0c116b4ae03edd153b75b2299f918998c0f61ce2f35a
6f689fced922,APTOS-P1558,APTOS 2019 (Aravind Eye Hospital),train_images/6f689fced922.png,0,Grade 0: No Apparent DR,test,686ad3ed6a482358be359245d003148333f5ee96825229260114c89e261c0259
780f9daaa24b,APTOS-P1665,APTOS 2019 (Aravind Eye Hospital),train_images/780f9daaa24b.png,0,Grade 0: No Apparent DR,train,0adef0c66ff9d6b88605a12023c36aae4516754540ca02c2c66594052a828fe6
4e85aa647534,APTOS-P1095,APTOS 2019 (Aravind Eye Hospital),train_images/4e85aa647534.png,0,Grade 0: No Apparent DR,train,3582b294574a254bffdc20003dbf1e055054c8bc4a650cb0d1ff67fcbe88157f
840a06a9c690,APTOS-P1831,APTOS 2019 (Aravind Eye Hospital),train_images/840a06a9c690.png,0,Grade 0: No Apparent DR,train,a65930083d24e9bb1de96a3e96cbfc717e84c02645428ddbbf4ecf781798e2bd
83d81ba5959c,APTOS-P1826,APTOS 2019 (Aravind Eye Hospital),train_images/83d81ba5959c.png,0,Grade 0: No Apparent DR,train,f5359332e758fc9fc903b1e370e923a1216781445f8c969161a6f3bff8de11e6
6c00dd8bf708,APTOS-P1501,APTOS 2019 (Aravind Eye Hospital),train_images/6c00dd8bf708.png,0,Grade 0: No Apparent DR,train,b0f52dcdd921b049c533cb4a9ce3e5206531cc9aca25f4a12e6ca990ac7ba57e
a4d41c495666,APTOS-P2287,APTOS 2019 (Aravind Eye Hospital),train_images/a4d41c495666.png,2,Grade 2: Moderate NPDR,val,f89569ac8027318c5ff3dbe287d615b7d11781b205d5968738b8c02b371a18a1
d1a60c3b9fe5,APTOS-P2907,APTOS 2019 (Aravind Eye Hospital),train_images/d1a60c3b9fe5.png,0,Grade 0: No Apparent DR,test,6abb86fa2a87b5461eef0ce2950a5fb2632d78674b9f2ed98bcf3d1fe4803d8a
803120c5d287,APTOS-P1777,APTOS 2019 (Aravind Eye Hospital),train_images/803120c5d287.png,2,Grade 2: Moderate NPDR,train,d9c10e7c207ccf78265d167f1b018d756494607d1c1d9363dcc173aaa30f8d00
555d0bef3c5b,APTOS-P1213,APTOS 2019 (Aravind Eye Hospital),train_images/555d0bef3c5b.png,0,Grade 0: No Apparent DR,val,ae5d4d7aef994533c1d60d8aad3bf001d15d7b52bb415140954e9de9f992bd92
342edf9b889d,APTOS-P0719,APTOS 2019 (Aravind Eye Hospital),train_images/342edf9b889d.png,0,Grade 0: No Apparent DR,test,d7f96545983243b0784f11eea4c35ea99c73f41fd5d5fc9862d6af8172864e23
921433215353,APTOS-P2028,APTOS 2019 (Aravind Eye Hospital),train_images/921433215353.png,2,Grade 2: Moderate NPDR,train,42038d1b05b9f1a98aea401e748a3b878861b114d711ca6cf28c6dec511955f5
33778d136069,APTOS-P0708,APTOS 2019 (Aravind Eye Hospital),train_images/33778d136069.png,3,Grade 3: Severe NPDR,train,c147a9b3c2cf4d3c3f2c511e5988559e3108c4a9b44599e32287c2c1fca98829
6cffc6c6851a,APTOS-P1519,APTOS 2019 (Aravind Eye Hospital),train_images/6cffc6c6851a.png,0,Grade 0: No Apparent DR,val,4e30f82ef2d3aee04a846a13c7cde2459c976f083e6c77d5563240ac4c47b8f3
6f3b62e5b7f5,APTOS-P1554,APTOS 2019 (Aravind Eye Hospital),train_images/6f3b62e5b7f5.png,0,Grade 0: No Apparent DR,train,3ac03ac1bdcf1132e7e12f869a062aed4e25a82d9c6a3499ddebf56f7fca920e
8b76c3c5cb3e,APTOS-P1937,APTOS 2019 (Aravind Eye Hospital),train_images/8b76c3c5cb3e.png,3,Grade 3: Severe NPDR,train,1dd0aafbc816751f9249cd75ea083b10448b0f7960b0def2b099a7a1e9932c19
276b14f72328,APTOS-P0552,APTOS 2019 (Aravind Eye Hospital),train_images/276b14f72328.png,0,Grade 0: No Apparent DR,train,b5fffa607836c12acf9ecdc104bcb8d3a4840238793690f5df32318b57233b74
7635921c5efb,APTOS-P1636,APTOS 2019 (Aravind Eye Hospital),train_images/7635921c5efb.png,0,Grade 0: No Apparent DR,train,c32e25c415ef1f8718cab9a1a9901317570d066ce2513484b0e22970cd8847fe
f0546a45ef10,APTOS-P3323,APTOS 2019 (Aravind Eye Hospital),train_images/f0546a45ef10.png,0,Grade 0: No Apparent DR,train,720456efb728fdcbec7b9426a87d08b89f0067d38147ef9e41ca03e6b20dd7e7
237aa50edc34,APTOS-P0495,APTOS 2019 (Aravind Eye Hospital),train_images/237aa50edc34.png,0,Grade 0: No Apparent DR,train,43402b16652b7c2d49a98a249f7e47273bfa7d43fcc40daec3b1c9e494436815
7347f5133a6a,APTOS-P1599,APTOS 2019 (Aravind Eye Hospital),train_images/7347f5133a6a.png,1,Grade 1: Mild NPDR,train,04f9eee3f9f3526abee38e5bda88ddcb87fda75656e1378ee0b817ed7783a88a
d990a3f0cbdb,APTOS-P3018,APTOS 2019 (Aravind Eye Hospital),train_images/d990a3f0cbdb.png,2,Grade 2: Moderate NPDR,train,a0fe6f12398eb0c2efb76c3e8a801a5cf80638481a03c2554e8a019009281454
d2901144070c,APTOS-P2923,APTOS 2019 (Aravind Eye Hospital),train_images/d2901144070c.png,4,Grade 4: Proliferative DR,test,058780804bc36a90053e9470e56c188f828a3d30643e37dee3816d65888faac0
3ccf96c1dd6d,APTOS-P0833,APTOS 2019 (Aravind Eye Hospital),train_images/3ccf96c1dd6d.png,4,Grade 4: Proliferative DR,val,2e55f5b7419b9cad31fe5f544694c3b23b434d7c0f45872b768b6d73c6582741
54bdcdecd8f3,APTOS-P1205,APTOS 2019 (Aravind Eye Hospital),train_images/54bdcdecd8f3.png,0,Grade 0: No Apparent DR,train,6dd95889edab4a9c8ffa9a7e9693e8a8bbde9260b046e1e1f3836457bb0a7698
42c65af5ab16,APTOS-P0909,APTOS 2019 (Aravind Eye Hospital),train_images/42c65af5ab16.png,0,Grade 0: No Apparent DR,train,9e4d5fe7aedb57bff92ebb3b526d03de1ab51ba818b1d594f493a44e3061e69b
a8aed92940fb,APTOS-P2344,APTOS 2019 (Aravind Eye Hospital),train_images/a8aed92940fb.png,0,Grade 0: No Apparent DR,train,faa8d4f57a35386b6988df7636d4aaf6c8359215094ed4580a9805d9f9f2a086
f7508f14dd7b,APTOS-P3411,APTOS 2019 (Aravind Eye Hospital),train_images/f7508f14dd7b.png,0,Grade 0: No Apparent DR,train,e1d7cbcfee9a234d452109df88103edb491695f32986f69c19b16869934e2e8a
00a8624548a9,APTOS-P0008,APTOS 2019 (Aravind Eye Hospital),train_images/00a8624548a9.png,2,Grade 2: Moderate NPDR,train,bb17a92cb28519daa822f0e7a09ad1f1359dc8ade3576e905690f8bf9cf7eb33
8acdf12f412a,APTOS-P1929,APTOS 2019 (Aravind Eye Hospital),train_images/8acdf12f412a.png,0,Grade 0: No Apparent DR,train,c6cb70772dad90cd26532b48fd3437761deed308f7f46f3e65f6cd64becbac40
b9b99dad668d,APTOS-P2604,APTOS 2019 (Aravind Eye Hospital),train_images/b9b99dad668d.png,1,Grade 1: Mild NPDR,train,27343bf12f367ade9338403dbea05f05fd28221bfabdf04740ba36140f248c68
a0fd94e2ad76,APTOS-P2228,APTOS 2019 (Aravind Eye Hospital),train_images/a0fd94e2ad76.png,0,Grade 0: No Apparent DR,train,3340d0bc6f170e74c7bb4b9c63ff58089754377c0d3a5d9b8ac123f1327f1ff6
8bf2d925dc0c,APTOS-P1946,APTOS 2019 (Aravind Eye Hospital),train_images/8bf2d925dc0c.png,0,Grade 0: No Apparent DR,val,a1b239dd7b3c1d8e4410a2e935d4a0c0d02ee1d75ec1fbb38050c43e9bafa4ad
62ecdc90dd42,APTOS-P1387,APTOS 2019 (Aravind Eye Hospital),train_images/62ecdc90dd42.png,2,Grade 2: Moderate NPDR,train,4bee1ac6616b47eea2574fa06a725495db31ab97fab5179fca62c0c7bb7c776a
0bf37ca3156a,APTOS-P0159,APTOS 2019 (Aravind Eye Hospital),train_images/0bf37ca3156a.png,4,Grade 4: Proliferative DR,train,cce11d0d799276d737c79e43d0fddcb07c95e85a578b67a657a3a681e69775ed
9cf7c1349673,APTOS-P2172,APTOS 2019 (Aravind Eye Hospital),train_images/9cf7c1349673.png,0,Grade 0: No Apparent DR,train,74fa9666a9a6f0d9de3ac6e923401c968a082a055b9ab630d919ba7315595eda
bfb578c0e8d8,APTOS-P2684,APTOS 2019 (Aravind Eye Hospital),train_images/bfb578c0e8d8.png,0,Grade 0: No Apparent DR,val,4bd9342bd9adfa5ce06f8bbb9d4ecbc6b6e03b03c8bb6d0ea9d8b67a6a772da6
61d9c88a3a4b,APTOS-P1372,APTOS 2019 (Aravind Eye Hospital),train_images/61d9c88a3a4b.png,0,Grade 0: No Apparent DR,train,6a75ef1a911f004c626e77cee8ecce1100aaeb85519b4c82a9e8ef4d4560a99e
8fc09fecd22f,APTOS-P1992,APTOS 2019 (Aravind Eye Hospital),train_images/8fc09fecd22f.png,1,Grade 1: Mild NPDR,train,64002cbb347cddb2e47591b458fa6d7a9f6c042fa4e5bebac1ba4bfb9c5c7beb
d9bbdc33db83,APTOS-P3024,APTOS 2019 (Aravind Eye Hospital),train_images/d9bbdc33db83.png,2,Grade 2: Moderate NPDR,val,2ecf0ef7dff5069e0426090e68358d60e51a5421507b8d2f6f6eb61f2195198d
f0098e9d4aee,APTOS-P1806,APTOS 2019 (Aravind Eye Hospital),train_images/f0098e9d4aee.png,4,Grade 4: Proliferative DR,train,221a031f70f886ff2b40b271c28dc0e4fc5ebba708ee4366465450347eda7973
5078caaf1f57,APTOS-P1124,APTOS 2019 (Aravind Eye Hospital),train_images/5078caaf1f57.png,0,Grade 0: No Apparent DR,train,ff52fbd177d3098f31ff456fa37717db5f8c55e8fce76f307b242358019c77a0
cc1eebed9276,APTOS-P2839,APTOS 2019 (Aravind Eye Hospital),train_images/cc1eebed9276.png,2,Grade 2: Moderate NPDR,train,9644d249c28f99907616a322cd3842e1b7c7f13c2a4c1739b6e4c7ff9c084d66
8564b7aa3c1a,APTOS-P1849,APTOS 2019 (Aravind Eye Hospital),train_images/8564b7aa3c1a.png,0,Grade 0: No Apparent DR,train,48c7ae182291b348229df8913e33c2ed570fd242293d5f36bd8d51d8f62d9bbd
bc92a61a1f9c,APTOS-P2638,APTOS 2019 (Aravind Eye Hospital),train_images/bc92a61a1f9c.png,0,Grade 0: No Apparent DR,train,3babc65028d1fb0dd327ab4e19cb7245d47f241b22b5d97cae3ba516a84ee828
c6229222bf22,APTOS-P2760,APTOS 2019 (Aravind Eye Hospital),train_images/c6229222bf22.png,0,Grade 0: No Apparent DR,test,f375641c44d2ccd573db10d58c14cf56d233ecbb797d11dd558998f03f5c5bc9
f080a22008be,APTOS-P3326,APTOS 2019 (Aravind Eye Hospital),train_images/f080a22008be.png,3,Grade 3: Severe NPDR,test,c4b4efcf2866a8979de7ee9060114c493ef4101ab3cb4dc6d34875c50c61f4f4
d160ebef4117,APTOS-P2898,APTOS 2019 (Aravind Eye Hospital),train_images/d160ebef4117.png,0,Grade 0: No Apparent DR,train,ed63542027038d4512410c35dad7234dadd228e868b0add378cd1b9f86a6184a
6810410187a0,APTOS-P1455,APTOS 2019 (Aravind Eye Hospital),train_images/6810410187a0.png,2,Grade 2: Moderate NPDR,test,c48f98a5a81dca39cff5bd66942671a7997bffd98ffc98fdb53bf1cd37841b67
1caba2fb38f6,APTOS-P0395,APTOS 2019 (Aravind Eye Hospital),train_images/1caba2fb38f6.png,0,Grade 0: No Apparent DR,train,2f862f0bbd509f828acbadd519358449ef1047c05149a782a7afcc1eea9b54f7
e2c39ed0c941,APTOS-P3142,APTOS 2019 (Aravind Eye Hospital),train_images/e2c39ed0c941.png,0,Grade 0: No Apparent DR,test,45760d3d6a5c2d9ace30ffa0672ffda7f15c91291723917d8be994e8d7d2c64e
524f240e0c90,APTOS-P1163,APTOS 2019 (Aravind Eye Hospital),train_images/524f240e0c90.png,2,Grade 2: Moderate NPDR,val,f631e2cbcc8c0cddc303878b05ac979038ce3075532f45e93f9954f230e62510
e16af45285e5,APTOS-P3118,APTOS 2019 (Aravind Eye Hospital),train_images/e16af45285e5.png,0,Grade 0: No Apparent DR,test,9be35cb82c9d314e6344822d7bc3f749aa5f064d322056b56a9976dc158c266a
03c85870824c,APTOS-P0050,APTOS 2019 (Aravind Eye Hospital),train_images/03c85870824c.png,3,Grade 3: Severe NPDR,train,9993c70fdd90ecc5ea630fc11b04bd672f1e3ac3ec7e7b8ec53fa9f3e2c83224
98fbe56dcc2c,APTOS-P2113,APTOS 2019 (Aravind Eye Hospital),train_images/98fbe56dcc2c.png,1,Grade 1: Mild NPDR,test,805062f384449b8b3d31bf3f6a775f7ce7013b19058b7a9e1b95067b3a631c03
3b5dffe159b6,APTOS-P0815,APTOS 2019 (Aravind Eye Hospital),train_images/3b5dffe159b6.png,0,Grade 0: No Apparent DR,train,bbfa524bbdcb8fdba805cc98d7ff0eaa3751b4e8f3d4089b8951ac216f51fa8f
77f69c7ff324,APTOS-P1662,APTOS 2019 (Aravind Eye Hospital),train_images/77f69c7ff324.png,2,Grade 2: Moderate NPDR,val,a54c57c20065eca0231ae32270bcf8f0ebf84ff036db11a51321ba6c2c191f14
d994203deb64,APTOS-P2290,APTOS 2019 (Aravind Eye Hospital),train_images/d994203deb64.png,2,Grade 2: Moderate NPDR,train,711722bf52a93389d266c331a7bea31e1da9cbda0ebf1597bab30faf003d863c
66a0bf258013,APTOS-P1438,APTOS 2019 (Aravind Eye Hospital),train_images/66a0bf258013.png,4,Grade 4: Proliferative DR,train,a79e0a36d6bb1c6c65b8810958bfa0e1e51e3cc75491e25d66353e350dabce01
25dc1b41ed9c,APTOS-P0526,APTOS 2019 (Aravind Eye Hospital),train_images/25dc1b41ed9c.png,2,Grade 2: Moderate NPDR,train,11b4c8dd6fea4eff3e1eee9ea293c5f7ad38c8a7464aff8e36efdcfba4a9e3ae
fb88783de055,APTOS-P3454,APTOS 2019 (Aravind Eye Hospital),train_images/fb88783de055.png,0,Grade 0: No Apparent DR,train,5aab0503f78a9c6ad2bfe3290a1dd4e8991ec99d8b14af894387872766a56676
d41b33fcb94f,APTOS-P2946,APTOS 2019 (Aravind Eye Hospital),train_images/d41b33fcb94f.png,2,Grade 2: Moderate NPDR,train,fb8fffa0390c59e2c0fc49d8305c55a3b96dc8bf72922b7358f4c0b83e48e940
5e97cb2b0888,APTOS-P1334,APTOS 2019 (Aravind Eye Hospital),train_images/5e97cb2b0888.png,0,Grade 0: No Apparent DR,val,d487843a9a5bcda4ae89bf20388a60fbc8822015fcfd0c29f968d8a40d599bb3
ff4955e76894,APTOS-P3498,APTOS 2019 (Aravind Eye Hospital),train_images/ff4955e76894.png,0,Grade 0: No Apparent DR,test,f64880bd4e03127b1a04eccf27a1ae71eb48ce05f259a5ae42294f44fd267bff
10fca1abf338,APTOS-P0233,APTOS 2019 (Aravind Eye Hospital),train_images/10fca1abf338.png,4,Grade 4: Proliferative DR,train,ccb85d1fb029e154fe9a473d179eea59e883f9f8081cd1b015d676cc74da1eb2
0da632ca45e0,APTOS-P0184,APTOS 2019 (Aravind Eye Hospital),train_images/0da632ca45e0.png,0,Grade 0: No Apparent DR,train,86ce4c59d99b598cd3cf124cdcd617eb6c762d44d7278394831bda67e54eebf6
9a3c03a5ad0f,APTOS-P2135,APTOS 2019 (Aravind Eye Hospital),train_images/9a3c03a5ad0f.png,2,Grade 2: Moderate NPDR,test,c19bc7c63676e43b8553bfabdd0d74e31dfb0ae07c517d0b8744129916b208ed
0ceb222f6629,APTOS-P0174,APTOS 2019 (Aravind Eye Hospital),train_images/0ceb222f6629.png,4,Grade 4: Proliferative DR,train,7ae7010a085451c2cf1e131dc7dc42c6e039db8bf987589f90ed4ee008d9fa56
274f4de2a59d,APTOS-P0550,APTOS 2019 (Aravind Eye Hospital),train_images/274f4de2a59d.png,0,Grade 0: No Apparent DR,train,ea90302c7110632c232643d3951b600983f48bb067c205778c7bb945fc303ec9
62318d514160,APTOS-P1376,APTOS 2019 (Aravind Eye Hospital),train_images/62318d514160.png,4,Grade 4: Proliferative DR,train,441b559a0d7e6d1a00231c49df45d27595ea56956c7c6d81b5b7ee6b5fd38aa9
7828dd083cdc,APTOS-P1666,APTOS 2019 (Aravind Eye Hospital),train_images/7828dd083cdc.png,0,Grade 0: No Apparent DR,val,420761ff72d436e9eed68be58990b4e09f20744250a8ad9378b60cfdd40166de
454792eb6e05,APTOS-P0954,APTOS 2019 (Aravind Eye Hospital),train_images/454792eb6e05.png,0,Grade 0: No Apparent DR,test,00285faa94e7bb3c55380ee9a2cb56ff6bf36b885d7b762f880771e2f02e5c09
50d8a8fb7737,APTOS-P1131,APTOS 2019 (Aravind Eye Hospital),train_images/50d8a8fb7737.png,2,Grade 2: Moderate NPDR,test,0cc36723e19adfd4b349e059cecee5279dae8395b798460cf855ce95237a9786
42985aa2e32f,APTOS-P0902,APTOS 2019 (Aravind Eye Hospital),train_images/42985aa2e32f.png,0,Grade 0: No Apparent DR,train,6c68d62016f3810699c4b455a71cb5f2adfbcc6923817c7228122f9f45b13cad
5cbe88914a72,APTOS-P1310,APTOS 2019 (Aravind Eye Hospital),train_images/5cbe88914a72.png,0,Grade 0: No Apparent DR,val,2774cc52de0bbd8baa6fd269a8a1daaba3318e1663a7a8c5fa4e1aa5024af615
cd48cfab4e44,APTOS-P2856,APTOS 2019 (Aravind Eye Hospital),train_images/cd48cfab4e44.png,0,Grade 0: No Apparent DR,train,3112f20bebca1cf7b8966f512ab0ca30e9bcfb5ab88c84b1a19b371cbaf7c33f
fecf4c5ae84b,APTOS-P3491,APTOS 2019 (Aravind Eye Hospital),train_images/fecf4c5ae84b.png,1,Grade 1: Mild NPDR,train,bef6253662e601f28e39065e0ddf0b9c62314e03d596c6454e0a9f5e33eb2eb2
1c3a6b4449e9,APTOS-P0381,APTOS 2019 (Aravind Eye Hospital),train_images/1c3a6b4449e9.png,1,Grade 1: Mild NPDR,val,b84a16650484b3ca80300a0d82114025afde3b2ed6e462e80c887c77e4dc90d9
175dd560810a,APTOS-P0310,APTOS 2019 (Aravind Eye Hospital),train_images/175dd560810a.png,2,Grade 2: Moderate NPDR,train,7ba37a11cb05df60dcd30f2d56a30963fec2a60e40789060cea25d7836540b59
3b9817a39adf,APTOS-P0817,APTOS 2019 (Aravind Eye Hospital),train_images/3b9817a39adf.png,0,Grade 0: No Apparent DR,train,bcec06e6540e2b509d33d04a723c28274a69148b9be1d24cb0563fc9493aca37
61bbc11fe503,APTOS-P1368,APTOS 2019 (Aravind Eye Hospital),train_images/61bbc11fe503.png,4,Grade 4: Proliferative DR,test,336688470465df8127fc0874d9beacbbef2e00e4ebf3bd9bcd609d7333a8578a
a125377fb985,APTOS-P2231,APTOS 2019 (Aravind Eye Hospital),train_images/a125377fb985.png,2,Grade 2: Moderate NPDR,train,9d2632980f2f7364060cc4556ca3de91b3c410b4dae69740cc56d267f3f28b82
9859e2a6cc24,APTOS-P2106,APTOS 2019 (Aravind Eye Hospital),train_images/9859e2a6cc24.png,4,Grade 4: Proliferative DR,train,f81d51c9162245b7b631ab96649f63d5f6236b26af8106df72998aded9922ee8
be68322c7223,APTOS-P2661,APTOS 2019 (Aravind Eye Hospital),train_images/be68322c7223.png,2,Grade 2: Moderate NPDR,train,a0a6f6421f2889d762c386982e385d48a2bcd05c6105be6662b39ad8a49efc9d
92b0d27fc0ec,APTOS-P0357,APTOS 2019 (Aravind Eye Hospital),train_images/92b0d27fc0ec.png,2,Grade 2: Moderate NPDR,train,08c3a5f990c06db518dcc13954ba9d204e44416c206a8b79522e48fd504bd291
4e8585a96739,APTOS-P1094,APTOS 2019 (Aravind Eye Hospital),train_images/4e8585a96739.png,0,Grade 0: No Apparent DR,test,64f25bc1d1285eb3d53ebd2be2d01530c853fb23b4d3f249b00b7622751bd800
c3789c1dab96,APTOS-P2724,APTOS 2019 (Aravind Eye Hospital),train_images/c3789c1dab96.png,0,Grade 0: No Apparent DR,train,a5760e6e83eb10476b7a8dfe6007c8847867989adc3b1457ad982c3b0c11deeb
e663c6627a95,APTOS-P3193,APTOS 2019 (Aravind Eye Hospital),train_images/e663c6627a95.png,2,Grade 2: Moderate NPDR,train,575565d9053f05a4c5409fffa17b3e47e438c19184473cd99fa464d89d44b3cb
9a28d4e8aef0,APTOS-P2132,APTOS 2019 (Aravind Eye Hospital),train_images/9a28d4e8aef0.png,2,Grade 2: Moderate NPDR,val,0c826e79b0f8fbddbf309ba9533606eee328dcebee133f0470b2a814adb258b0
78bcdffb8785,APTOS-P1678,APTOS 2019 (Aravind Eye Hospital),train_images/78bcdffb8785.png,1,Grade 1: Mild NPDR,train,8b4b672a4397328f279ae676a3bff0ead32d4fa8624546a2e2d85e80efc2cb61
f00ce9b9d6f4,APTOS-P3317,APTOS 2019 (Aravind Eye Hospital),train_images/f00ce9b9d6f4.png,0,Grade 0: No Apparent DR,train,d59b15356766938df5c8f17497ae198ffd11bc68875e6d17dcc6e52dfbf2a9c2
b5c80d0ed0ff,APTOS-P2538,APTOS 2019 (Aravind Eye Hospital),train_images/b5c80d0ed0ff.png,2,Grade 2: Moderate NPDR,val,bed13855bddb676797fc6a7424890f729b34dd44f5302dbec5762f75a825a5c4
ef5155990874,APTOS-P3308,APTOS 2019 (Aravind Eye Hospital),train_images/ef5155990874.png,0,Grade 0: No Apparent DR,train,23474ea747c46e39a3f71d1dc0ebbd907ab34450bfbc777303042c5516ee6bed
1891698febce,APTOS-P0329,APTOS 2019 (Aravind Eye Hospital),train_images/1891698febce.png,0,Grade 0: No Apparent DR,train,a27526c9ba008680530c88ccf874d5cea053e75a112c909d5af220ba45a1e66a
18323d8f2470,APTOS-P0320,APTOS 2019 (Aravind Eye Hospital),train_images/18323d8f2470.png,2,Grade 2: Moderate NPDR,train,ab11d9e531c814b26c80db338d70cb36c97871d18ff3b4cf3b4d56e96cde7dc4
90960ddf4d14,APTOS-P2007,APTOS 2019 (Aravind Eye Hospital),train_images/90960ddf4d14.png,0,Grade 0: No Apparent DR,train,e0854cdbc0989a666da1e4c0d32b5fec46ee6af54cf5bd2753bdb7baae7fe3d9
a505981d1cab,APTOS-P2290,APTOS 2019 (Aravind Eye Hospital),train_images/a505981d1cab.png,2,Grade 2: Moderate NPDR,train,a775710c654676c3d4ecb4e7cef21a0bbcb61177c70cebf9b0cae701d3e4c67c
add1d681d712,APTOS-P2429,APTOS 2019 (Aravind Eye Hospital),train_images/add1d681d712.png,2,Grade 2: Moderate NPDR,test,35e3e093f8a9a1bcba9bc493b403a57ac6d972e6f1a8ea073560cba4ff38a51c
8aa3c4681542,APTOS-P1924,APTOS 2019 (Aravind Eye Hospital),train_images/8aa3c4681542.png,0,Grade 0: No Apparent DR,train,18d71e68dfb9cb27d1a583ebc95060f4531e768fa88bc759908f849f4bd47db5
13d014ccd136,APTOS-P0261,APTOS 2019 (Aravind Eye Hospital),train_images/13d014ccd136.png,0,Grade 0: No Apparent DR,train,e91cf19a6b3f120b41be359614a312728a6007c945af655c110b3dac95c3cc83
441affbe99aa,APTOS-P0932,APTOS 2019 (Aravind Eye Hospital),train_images/441affbe99aa.png,2,Grade 2: Moderate NPDR,val,891dea3580d6b59fba035b1bd7e9ec43b8c2b58ee4eda79bac815e8fa7e387ae
13c191b59ed0,APTOS-P0260,APTOS 2019 (Aravind Eye Hospital),train_images/13c191b59ed0.png,0,Grade 0: No Apparent DR,train,7eb43f3b13b5a4eaf0770147a52540cac13fbe498b41e8e06bd93bed8d34ca3d
7ccf9d25dc48,APTOS-P1728,APTOS 2019 (Aravind Eye Hospital),train_images/7ccf9d25dc48.png,0,Grade 0: No Apparent DR,train,0586783a7b8c41fbe29f415e6b8c70dd72f53d27e2e76c8d6d9b54da3352a7c2
885fa5fc5da8,APTOS-P1893,APTOS 2019 (Aravind Eye Hospital),train_images/885fa5fc5da8.png,0,Grade 0: No Apparent DR,train,a13365bd1b42dac1e6da6ecbe5636471f6144c11894bc5ab1768de45f107e8f1
f1a761c68559,APTOS-P3337,APTOS 2019 (Aravind Eye Hospital),train_images/f1a761c68559.png,2,Grade 2: Moderate NPDR,test,15abe15893fffc5a400c40f1cd112a8476b9696da3c32f6a9be3ceceb3b3e71a
821789e9053f,APTOS-P1804,APTOS 2019 (Aravind Eye Hospital),train_images/821789e9053f.png,1,Grade 1: Mild NPDR,val,892b315558e74d7102edfaaced1890059e520d8d7142b18c6bef043b1a5606ce
8b26d3cd61e8,APTOS-P1934,APTOS 2019 (Aravind Eye Hospital),train_images/8b26d3cd61e8.png,2,Grade 2: Moderate NPDR,test,cdadc0e24b48396f24a2e56d21520da441b1cea3d8022629db2f038037c0b774
308f7fce6f0d,APTOS-P0676,APTOS 2019 (Aravind Eye Hospital),train_images/308f7fce6f0d.png,2,Grade 2: Moderate NPDR,train,0f30685db1bfd1a31bca4a1d6a87e67458637d119ab8a64df6e2faf649c9b1fa
3dbc90c7ee7d,APTOS-P0842,APTOS 2019 (Aravind Eye Hospital),train_images/3dbc90c7ee7d.png,1,Grade 1: Mild NPDR,train,0a69701913d24595f996564644730af8e56bbf080058616b49d6fda2ae2925df
184a185e7447,APTOS-P0322,APTOS 2019 (Aravind Eye Hospital),train_images/184a185e7447.png,0,Grade 0: No Apparent DR,train,f79068d10f48b626e654d1ddd435970282853ed65947b5647cf30e06fb0b0765
5dc23e440de3,APTOS-P1324,APTOS 2019 (Aravind Eye Hospital),train_images/5dc23e440de3.png,2,Grade 2: Moderate NPDR,train,7c57c6182dc27e52d88754085c45e9092bce5d714517ac16c1a491aa545c3817
2b10f138e67d,APTOS-P0609,APTOS 2019 (Aravind Eye Hospital),train_images/2b10f138e67d.png,0,Grade 0: No Apparent DR,train,9cfaa53719586ee9b95c43a02018ac20e72ff232362830ae4c561963278ca41f
1c4f3aa4df06,APTOS-P0384,APTOS 2019 (Aravind Eye Hospital),train_images/1c4f3aa4df06.png,4,Grade 4: Proliferative DR,train,a4ca30266a23dc4f674f699205d113cc4145ed79257343dd6c6595b880116f5c
d3d578fe433f,APTOS-P2941,APTOS 2019 (Aravind Eye Hospital),train_images/d3d578fe433f.png,2,Grade 2: Moderate NPDR,val,4a38b6eb47635d99730a0bb080573dfc83e73305e174089628d74f2f5311998f
d659d7fd5ccf,APTOS-P2966,APTOS 2019 (Aravind Eye Hospital),train_images/d659d7fd5ccf.png,4,Grade 4: Proliferative DR,val,81bc9fce8af1c5cceaabd7101f8860ad932b74fc202431175aefb1a221c6ebb8
f2c0b41acd05,APTOS-P3345,APTOS 2019 (Aravind Eye Hospital),train_images/f2c0b41acd05.png,0,Grade 0: No Apparent DR,val,45fb5e39f77f4f71d462119f380e6f2853fd350bb7bc5b1c9042549349f4bd76
87d46b1cc4e9,APTOS-P1886,APTOS 2019 (Aravind Eye Hospital),train_images/87d46b1cc4e9.png,0,Grade 0: No Apparent DR,train,526cf08a289395628be2619c9b99a41b4dc823eaa5fe2ebee9142d363d173e1a
917f76f360b6,APTOS-P2020,APTOS 2019 (Aravind Eye Hospital),train_images/917f76f360b6.png,2,Grade 2: Moderate NPDR,train,8f55a4549869587ff998cd6ea875c340b686eced9146e67403bc34da6ce9f039
c334f8688b77,APTOS-P2721,APTOS 2019 (Aravind Eye Hospital),train_images/c334f8688b77.png,0,Grade 0: No Apparent DR,train,b6c3b843e7bcbe063f0734f3f9449e2f875e8b32da4a5ad51f0a87f77c79c07e
dcf109df1a2b,APTOS-P3060,APTOS 2019 (Aravind Eye Hospital),train_images/dcf109df1a2b.png,0,Grade 0: No Apparent DR,train,25cbcfeca9b1675d4bfce94d8fdf3c0529f2446fbe6026ea5a2b0ef5b4b67f95
467b7d9d811c,APTOS-P0967,APTOS 2019 (Aravind Eye Hospital),train_images/467b7d9d811c.png,2,Grade 2: Moderate NPDR,train,c9005876349c5db2f566c17ad5a4e76ecf879d3f8782b8452ec9839df5ece7b9
8bf05909e1e1,APTOS-P1945,APTOS 2019 (Aravind Eye Hospital),train_images/8bf05909e1e1.png,0,Grade 0: No Apparent DR,train,8fd72afb8dae69463046ed065ba3518f4d9997122244ff0856ce3feee4df8f62
baaca2f7e1f0,APTOS-P2616,APTOS 2019 (Aravind Eye Hospital),train_images/baaca2f7e1f0.png,0,Grade 0: No Apparent DR,train,0b1c01f1694df2e38af1a8cb1ac652922c9f02379486c937851eebce2472f831
1a03a7970337,APTOS-P0354,APTOS 2019 (Aravind Eye Hospital),train_images/1a03a7970337.png,1,Grade 1: Mild NPDR,train,7ce6bd9f121c7aed4429d6c23684c98c06e195c774aa38eb866bd653613ac1b9
1ee1eb7943db,APTOS-P0433,APTOS 2019 (Aravind Eye Hospital),train_images/1ee1eb7943db.png,2,Grade 2: Moderate NPDR,val,ce2855883de645341409d6edc69d999c658a61c00a0e0281261a55d2be0b2ab8
837acf120946,APTOS-P1820,APTOS 2019 (Aravind Eye Hospital),train_images/837acf120946.png,0,Grade 0: No Apparent DR,val,0f2fb4bbed08c4126ebab0643613fb19664cfd3774f563bb371831e3bff62712
a821b6ecef33,APTOS-P2331,APTOS 2019 (Aravind Eye Hospital),train_images/a821b6ecef33.png,0,Grade 0: No Apparent DR,train,a1c5ee5c29375269e97f6e45482045505db52741c293f6066477c46062d096dc
e9faf0296643,APTOS-P3239,APTOS 2019 (Aravind Eye Hospital),train_images/e9faf0296643.png,0,Grade 0: No Apparent DR,val,058acd1a19c1f04e0b16298a8667773145b507bd0e7caf38088f5cda90aa887d
fca1a8738b8a,APTOS-P3467,APTOS 2019 (Aravind Eye Hospital),train_images/fca1a8738b8a.png,0,Grade 0: No Apparent DR,test,347502c7a2859daa00a1343c823d8e02027375c5d9ce60db2d0fe22f68efa9b0
6f923b60934b,APTOS-P1559,APTOS 2019 (Aravind Eye Hospital),train_images/6f923b60934b.png,4,Grade 4: Proliferative DR,train,88ea486d00eb378025dd2d15f5f9e9061e8a7578b7c05fbf63c4939683278f51
a9e3d186cd1b,APTOS-P2367,APTOS 2019 (Aravind Eye Hospital),train_images/a9e3d186cd1b.png,0,Grade 0: No Apparent DR,val,6b0a801f2639c3c75f7a657bb2e5586500842f5cb97f0ef634cb29f144f3e2ac
3f752fcccec0,APTOS-P0862,APTOS 2019 (Aravind Eye Hospital),train_images/3f752fcccec0.png,4,Grade 4: Proliferative DR,train,54f969491bd41afebb56c31aac00ee4e0ff5a8b8204114217792dd5a98015185
cc839823755b,APTOS-P2842,APTOS 2019 (Aravind Eye Hospital),train_images/cc839823755b.png,2,Grade 2: Moderate NPDR,train,1df3df901a9cd08dfc9609a9d6ff7e488f3ff087bc28f0290a53bd6359e051db
a8b3c0961d42,APTOS-P2345,APTOS 2019 (Aravind Eye Hospital),train_images/a8b3c0961d42.png,0,Grade 0: No Apparent DR,val,c8aa3ce4ef40b39d077292512481f98c17475124356c9279ddc4def39e738383
5baed382f062,APTOS-P1297,APTOS 2019 (Aravind Eye Hospital),train_images/5baed382f062.png,0,Grade 0: No Apparent DR,test,4c80f331bcf2e01080bff71504c8beb90914ada06e28989ccc44bd342a9ed38c
42b93b574f23,APTOS-P0907,APTOS 2019 (Aravind Eye Hospital),train_images/42b93b574f23.png,2,Grade 2: Moderate NPDR,train,74dfc748db47dffae49babfcc12f076c163502502b0bcd80eadae1bfe79e1651
224bb938e2dd,APTOS-P0481,APTOS 2019 (Aravind Eye Hospital),train_images/224bb938e2dd.png,2,Grade 2: Moderate NPDR,val,22313e369b28e3d0c087328721b72fcf12e9aec4169ab3cc5b54cb69061d6998
6b128e648646,APTOS-P1487,APTOS 2019 (Aravind Eye Hospital),train_images/6b128e648646.png,3,Grade 3: Severe NPDR,val,dd67c80a53e24f6a554880e4f51b43ad64f33cf1993b8744b2e6a5bf751f791c
9a9b21215c55,APTOS-P2141,APTOS 2019 (Aravind Eye Hospital),train_images/9a9b21215c55.png,2,Grade 2: Moderate NPDR,train,131f7f9ae9b63df7b08c22efa3d6eb0981e5c2c0f1773e4ad77a3520e0e17e60
7e9081e95bf6,APTOS-P1750,APTOS 2019 (Aravind Eye Hospital),train_images/7e9081e95bf6.png,0,Grade 0: No Apparent DR,train,a456dc4a8dc631e49f7f1d80c4a541abd684a07d402f951b15465ee77224c7fa
3ce2f8a77a32,APTOS-P0838,APTOS 2019 (Aravind Eye Hospital),train_images/3ce2f8a77a32.png,0,Grade 0: No Apparent DR,val,94eaceeba61d8f2ac5c687b03c1970b9adac4388ed0b95db902409b1039ed772
0fd16b64697e,APTOS-P0215,APTOS 2019 (Aravind Eye Hospital),train_images/0fd16b64697e.png,2,Grade 2: Moderate NPDR,train,42fee99c85ddc6df3f92e2028b797bcddae0d11481db0dd500830cae73a70621
64ac539f58cb,APTOS-P1403,APTOS 2019 (Aravind Eye Hospital),train_images/64ac539f58cb.png,0,Grade 0: No Apparent DR,train,d52146c6c022d46617b05ce17110b49c7701193fbadfe9f4da532b6ad25d0712
523ff163211b,APTOS-P1162,APTOS 2019 (Aravind Eye Hospital),train_images/523ff163211b.png,2,Grade 2: Moderate NPDR,train,2f379f2846a875996e437ab72a65721cda1aba0b82b700b992678404e992f338
5814cbd2e9bf,APTOS-P1241,APTOS 2019 (Aravind Eye Hospital),train_images/5814cbd2e9bf.png,0,Grade 0: No Apparent DR,val,b2a834a5a4acf5321fc36cf62f56a1f252c54bdc63b49a3c6658cf60b5a55eaa
7f1f3269f546,APTOS-P1763,APTOS 2019 (Aravind Eye Hospital),train_images/7f1f3269f546.png,0,Grade 0: No Apparent DR,train,bb20aa28909169502e8c9332e539449e6c946400a3bed06d19b51483d39bf195
2241b7e90782,APTOS-P0479,APTOS 2019 (Aravind Eye Hospital),train_images/2241b7e90782.png,2,Grade 2: Moderate NPDR,train,92c344bdabe43bfe6745b7a6a403c58e9072e8505cc18244f76a119cc70d2f8d
5486da4273d7,APTOS-P1201,APTOS 2019 (Aravind Eye Hospital),train_images/5486da4273d7.png,2,Grade 2: Moderate NPDR,train,4f1a112a54110dcba26dc63767c93a4be99d4f829af09e5eee11da2de84c332a
58184d6fd087,APTOS-P1242,APTOS 2019 (Aravind Eye Hospital),train_images/58184d6fd087.png,1,Grade 1: Mild NPDR,train,142f49fcd25768ea22964487f73bdcd07bdab60a5bfe7cc8c8484a25a0bd776c
53273d664cd8,APTOS-P1182,APTOS 2019 (Aravind Eye Hospital),train_images/53273d664cd8.png,0,Grade 0: No Apparent DR,train,635b6930da7c2f3d3ca3a2e07ba9947ab489b51dde408cf7357f96daf069b8bd
af8aa32beee4,APTOS-P2463,APTOS 2019 (Aravind Eye Hospital),train_images/af8aa32beee4.png,2,Grade 2: Moderate NPDR,train,c01d4cf774745b1a61951b59fe3cf635649441662833c257d337bcf66e8b6815
2463bb04ebc3,APTOS-P0504,APTOS 2019 (Aravind Eye Hospital),train_images/2463bb04ebc3.png,2,Grade 2: Moderate NPDR,train,a3f56c547510aa4359b2f0dfc0130356b967f128ffb31ac8ca11b95b78aefc20
aba3063c5413,APTOS-P2397,APTOS 2019 (Aravind Eye Hospital),train_images/aba3063c5413.png,3,Grade 3: Severe NPDR,train,bd642311fad9f45104abd023779310c1a18d34c71c79f35cc54d4eb9caf5a144
f7116e7b2f4e,APTOS-P3405,APTOS 2019 (Aravind Eye Hospital),train_images/f7116e7b2f4e.png,0,Grade 0: No Apparent DR,val,ae91daedd8467b098c192b2ec78182e907f265543581f2678f9d819505769e88
e8d1c6c07cf2,APTOS-P3222,APTOS 2019 (Aravind Eye Hospital),train_images/e8d1c6c07cf2.png,3,Grade 3: Severe NPDR,train,243c4de6b7b8d93fe9a02bfed007443ad2a3fb49872fa2d1e73dc912590aa7cf
b1197f2cc9b3,APTOS-P2484,APTOS 2019 (Aravind Eye Hospital),train_images/b1197f2cc9b3.png,1,Grade 1: Mild NPDR,train,0ab359203d028d53ef1e0e6ca7acfb28712fe4842bec4346fc97f4dec2f26cfa
5a11d21c2828,APTOS-P1272,APTOS 2019 (Aravind Eye Hospital),train_images/5a11d21c2828.png,2,Grade 2: Moderate NPDR,train,c18bfc0663d88630f43b6c4f2b68e92482d4dc4923b4714b968eb4a7e58858ff
47e51065b819,APTOS-P0983,APTOS 2019 (Aravind Eye Hospital),train_images/47e51065b819.png,2,Grade 2: Moderate NPDR,train,c0bc70a12cec59035dca2cb45df9da58a6cee7148825d95ed1a71ef4001637fe
a0cd7bffdaa0,APTOS-P2225,APTOS 2019 (Aravind Eye Hospital),train_images/a0cd7bffdaa0.png,4,Grade 4: Proliferative DR,train,098e23a619099b811c07ca3a0618c3f81c26ff93aefd48faa460efee572b2e8c
22325552a4e3,APTOS-P0478,APTOS 2019 (Aravind Eye Hospital),train_images/22325552a4e3.png,1,Grade 1: Mild NPDR,train,46268a5c0b723ae11c67ffa78390879c2e74b8dc000aa2cc060a4f4e91ef17c0
6110ecb3bb1c,APTOS-P1358,APTOS 2019 (Aravind Eye Hospital),train_images/6110ecb3bb1c.png,0,Grade 0: No Apparent DR,test,7c84dc699f4fc29c21d3798f500b7e8d3d33d08d3c159cd174bf7f3ffb0cee86
5e505e25cd3e,APTOS-P1328,APTOS 2019 (Aravind Eye Hospital),train_images/5e505e25cd3e.png,0,Grade 0: No Apparent DR,test,69b687dc6df6731cd6c12ef9d3b99842e5daa246e2d26cd9539ad4aa30339562
0d0a21fd354f,APTOS-P0176,APTOS 2019 (Aravind Eye Hospital),train_images/0d0a21fd354f.png,2,Grade 2: Moderate NPDR,train,6ff26d3e76b9c8cbe73535a1c026c408ff57c3b3158acade690802c63b1ca5b4
3ee17aa12e46,APTOS-P0851,APTOS 2019 (Aravind Eye Hospital),train_images/3ee17aa12e46.png,1,Grade 1: Mild NPDR,train,4d2fd037cf847c7ef22e3bc9e3bfc8a3d21a7372bd7b49bfea67b16499988718
4e231670b48c,APTOS-P1087,APTOS 2019 (Aravind Eye Hospital),train_images/4e231670b48c.png,0,Grade 0: No Apparent DR,val,d9d95e0fbd051eb308a56156100dd1c0400e883ae8d49bf71ae07c0626ad5885
7b49041cbf17,APTOS-P1708,APTOS 2019 (Aravind Eye Hospital),train_images/7b49041cbf17.png,3,Grade 3: Severe NPDR,train,875f4e34d985ba195c6b6755b2495de89b2acddb400f43e603e4079242cdd507
8f1e7433a95d,APTOS-P1987,APTOS 2019 (Aravind Eye Hospital),train_images/8f1e7433a95d.png,2,Grade 2: Moderate NPDR,train,9b2e887d7af2f51ae3ab7d0f960692359bbdd210f4babfa9bec1d4600bf6f08e
9cedf5c7016b,APTOS-P2171,APTOS 2019 (Aravind Eye Hospital),train_images/9cedf5c7016b.png,2,Grade 2: Moderate NPDR,test,566f43aac7b34d6e6838d8900e713434e8b052c96405a3aa7e9e035e8a6be2b4
ea68b58a6e8f,APTOS-P3246,APTOS 2019 (Aravind Eye Hospital),train_images/ea68b58a6e8f.png,0,Grade 0: No Apparent DR,train,e501e9a1c7dbc9e71f6aa1cd2bc39ac8b4d679ed17a5c8d9826b8971bfed3be6
9f4132bd6ed6,APTOS-P2154,APTOS 2019 (Aravind Eye Hospital),train_images/9f4132bd6ed6.png,2,Grade 2: Moderate NPDR,test,44994d77c0611050df7da52eb4c1721d3d3328b94286c7d41a3f67b4557c007b
0dc031c94225,APTOS-P0189,APTOS 2019 (Aravind Eye Hospital),train_images/0dc031c94225.png,1,Grade 1: Mild NPDR,test,eae280ac5721311b66ab78a38b5733b88b583aae8babef64c033687f49326ec6
6d292ca4c9ad,APTOS-P1523,APTOS 2019 (Aravind Eye Hospital),train_images/6d292ca4c9ad.png,1,Grade 1: Mild NPDR,train,aab93b3f166ca4bd091ad1944f17bf8cac187f9e1a055719762500841e787ed8
710b05a96e0f,APTOS-P1573,APTOS 2019 (Aravind Eye Hospital),train_images/710b05a96e0f.png,4,Grade 4: Proliferative DR,train,feb906e7f4d3f3a4df11b6e1feea6ff695ea1ae3f7a2316629079faf38342462
4dd14c380696,APTOS-P1078,APTOS 2019 (Aravind Eye Hospital),train_images/4dd14c380696.png,0,Grade 0: No Apparent DR,test,343a3ad03b943cf95d09c13caaf04b8d54e638ac853fe8287fb0d746a39cd1bd
1002f3fe38f0,APTOS-P0219,APTOS 2019 (Aravind Eye Hospital),train_images/1002f3fe38f0.png,0,Grade 0: No Apparent DR,train,c581336264e3255c5e61eafd09f82056a5136d13719ad468c0401f6b307bbfdb
49eb73968c44,APTOS-P1013,APTOS 2019 (Aravind Eye Hospital),train_images/49eb73968c44.png,0,Grade 0: No Apparent DR,train,948fd030082e32666c736d7f793e2db7e62842f730c03c54b5d06bbbdf2d2ea7
655cafb4c932,APTOS-P1414,APTOS 2019 (Aravind Eye Hospital),train_images/655cafb4c932.png,1,Grade 1: Mild NPDR,train,d20a04714e55f207364a908d7a3bea90d428267935be76c093d6a15e7c9a3f7b
fe37f4492920,APTOS-P3486,APTOS 2019 (Aravind Eye Hospital),train_images/fe37f4492920.png,2,Grade 2: Moderate NPDR,train,3d31ac12dc9e98acae4f95f59eda8d5b858523cf345c68b52f42c8f959e61246
143db89c11c8,APTOS-P0269,APTOS 2019 (Aravind Eye Hospital),train_images/143db89c11c8.png,0,Grade 0: No Apparent DR,train,e7b2a6aa936e72d9c8966bbd487f946321f9e6da824e18b014b8cb03adde6ada
4dd4a4bf2421,APTOS-P1079,APTOS 2019 (Aravind Eye Hospital),train_images/4dd4a4bf2421.png,0,Grade 0: No Apparent DR,val,e721b6d119fb387590458fff2351d19f4b8325bd5b645274d2211bc9916f8be6
51a078d6d43a,APTOS-P1145,APTOS 2019 (Aravind Eye Hospital),train_images/51a078d6d43a.png,0,Grade 0: No Apparent DR,test,8f60b47671ba2f7f832773069780f8129cdd3f6dafe4a8584bebfc6fb7e33152
61f403fdb434,APTOS-P1375,APTOS 2019 (Aravind Eye Hospital),train_images/61f403fdb434.png,4,Grade 4: Proliferative DR,train,a1762ed86cc006dfb4077865a3ff26bb7a2926246c246bdf2e6cadb16a373fec
f5650eb52640,APTOS-P3379,APTOS 2019 (Aravind Eye Hospital),train_images/f5650eb52640.png,1,Grade 1: Mild NPDR,test,367efb7934d0b0078ac9ab9e07953ea3a67f009b17529853ee6bb3d2759e9d29
4661006f3ba6,APTOS-P0966,APTOS 2019 (Aravind Eye Hospital),train_images/4661006f3ba6.png,1,Grade 1: Mild NPDR,train,f564dae9d524ed0c3d83b52307ec72b9f1fa668b9bf38ce511be796114838b27
fefded6bf135,APTOS-P3493,APTOS 2019 (Aravind Eye Hospital),train_images/fefded6bf135.png,0,Grade 0: No Apparent DR,test,4743ff94c47c18160ab245b60cc4a6806a190a486a887f77b8946f4918b7ef0f
9d74428188bb,APTOS-P2175,APTOS 2019 (Aravind Eye Hospital),train_images/9d74428188bb.png,2,Grade 2: Moderate NPDR,val,249973829372b7c5154bfc5ec8ccde4aea4fb6875672d9b5789038000d0bd2b4
40dd4e6e4444,APTOS-P0882,APTOS 2019 (Aravind Eye Hospital),train_images/40dd4e6e4444.png,0,Grade 0: No Apparent DR,train,0f5732dc33756a02df8d6f05fbba9a9ad9ee2e0a8605930a4141a1a914075bab
135575dc57c9,APTOS-P0258,APTOS 2019 (Aravind Eye Hospital),train_images/135575dc57c9.png,2,Grade 2: Moderate NPDR,train,13e8b3f54ca51cf1396b00a7169e6b28aff6009320bcf40fdf23e174f46189ed
b5b913358b32,APTOS-P2536,APTOS 2019 (Aravind Eye Hospital),train_images/b5b913358b32.png,0,Grade 0: No Apparent DR,train,6afb56048e3e3b4e8f52cee151cd7a95d399c9c8c550e669eedb97695d1610ac
0cb14014117d,APTOS-P0169,APTOS 2019 (Aravind Eye Hospital),train_images/0cb14014117d.png,3,Grade 3: Severe NPDR,train,6c419f0cd723a19300e990d380787242810cd249bf70d3e86ec93eb377fca2d9
2c1d5be654dd,APTOS-P0622,APTOS 2019 (Aravind Eye Hospital),train_images/2c1d5be654dd.png,2,Grade 2: Moderate NPDR,train,4cea597807fa7cb5d5deb88ec92d7db2d31b8d449521430da43b9811aa50bd09
658ad9f09f5d,APTOS-P1416,APTOS 2019 (Aravind Eye Hospital),train_images/658ad9f09f5d.png,0,Grade 0: No Apparent DR,train,de9c85e0308c98bd0a3e1ec61c8129714c5aab1f54e87b4d964568c56113ed5e
6b7cf869622a,APTOS-P1492,APTOS 2019 (Aravind Eye Hospital),train_images/6b7cf869622a.png,2,Grade 2: Moderate NPDR,val,869bbf337c637fba6aa6b35ac7a690466d9e0e4a09bf1f98efd05b255026fa9f
ea9c41e1ced0,APTOS-P3249,APTOS 2019 (Aravind Eye Hospital),train_images/ea9c41e1ced0.png,0,Grade 0: No Apparent DR,train,f0c6ba24b6e05b515e13aae56e0e452ce2c3770afe1053a2739ba9de44e22186
d6f36ec5564a,APTOS-P2976,APTOS 2019 (Aravind Eye Hospital),train_images/d6f36ec5564a.png,0,Grade 0: No Apparent DR,train,e81f30dcacb2e219ca8b76dc75724ba1cabdb617894aa47b846407355ac8b7ce
0924cec998fa,APTOS-P0120,APTOS 2019 (Aravind Eye Hospital),train_images/0924cec998fa.png,0,Grade 0: No Apparent DR,test,267a130271e2dacc2a7dfb14748968e796127a7b514a5247372ff287ce497e2d
1d37f1c8b6d8,APTOS-P0404,APTOS 2019 (Aravind Eye Hospital),train_images/1d37f1c8b6d8.png,0,Grade 0: No Apparent DR,train,18b93fa5d75c6672b9045dfe6d2a0399e5957709489973d43e72e6cfacbb968b
1c9c583c10bf,APTOS-P0391,APTOS 2019 (Aravind Eye Hospital),train_images/1c9c583c10bf.png,0,Grade 0: No Apparent DR,test,95be8a642df2360e9470299781dcadde8209f67b0aaea56d244c7099d05224a3
d88806d9ece9,APTOS-P3004,APTOS 2019 (Aravind Eye Hospital),train_images/d88806d9ece9.png,2,Grade 2: Moderate NPDR,test,ab338865385f5c1d46591e5219a29d88feda3f8396d74adedd24b6a8c8d8e621
48c72dec46e5,APTOS-P0994,APTOS 2019 (Aravind Eye Hospital),train_images/48c72dec46e5.png,2,Grade 2: Moderate NPDR,train,42d064f421b12840a71e820c613b741e0f8a8828164e4b13f4f6387905c017d8
2532613a584a,APTOS-P0517,APTOS 2019 (Aravind Eye Hospital),train_images/2532613a584a.png,2,Grade 2: Moderate NPDR,train,2cdeac8d04a3c2ad4b46b034b7c05303eded2f90f534ef68d39b415854c213f4
c280730cc211,APTOS-P2717,APTOS 2019 (Aravind Eye Hospital),train_images/c280730cc211.png,2,Grade 2: Moderate NPDR,train,467aba4ffa1a7dbb5c0ba1067bfff7cdb19ac2d77c83ecfb6e6760ecf5347b7a
ea7e21bab610,APTOS-P3248,APTOS 2019 (Aravind Eye Hospital),train_images/ea7e21bab610.png,0,Grade 0: No Apparent DR,test,afba9fd873f9f84e8ff81a59b4ab669d8dc52434b45ebae8a26000fd1a7bac9b
1638404f385c,APTOS-P0300,APTOS 2019 (Aravind Eye Hospital),train_images/1638404f385c.png,4,Grade 4: Proliferative DR,train,d8f7142e6a3e80ba84ef935fe09964ed091cad102aa23757e53010479c7cea4d
67844c46bc61,APTOS-P1450,APTOS 2019 (Aravind Eye Hospital),train_images/67844c46bc61.png,2,Grade 2: Moderate NPDR,train,de9d2cb4d69ca2da88c07fb6d665cb8ad3aec5fc718f09f68c0ca526f1eef52b
ff8a0b45c789,APTOS-P3503,APTOS 2019 (Aravind Eye Hospital),train_images/ff8a0b45c789.png,4,Grade 4: Proliferative DR,test,c1dcae43b532a6ddb9f29e29a5eba3e4ac12ccb1e957485e7f9d424548217654
0ad7f631dedb,APTOS-P0147,APTOS 2019 (Aravind Eye Hospital),train_images/0ad7f631dedb.png,1,Grade 1: Mild NPDR,train,6d3c1cfd31100efd8380e4b165f568ece252ffc42bbf6730c409212724d40cff
3fc219927a97,APTOS-P0867,APTOS 2019 (Aravind Eye Hospital),train_images/3fc219927a97.png,2,Grade 2: Moderate NPDR,test,c133df2d8e423d6a1da01b7d41275edd7df2a2c87f70bec04cdf704cc998d67f
61bbe8db6f3a,APTOS-P1369,APTOS 2019 (Aravind Eye Hospital),train_images/61bbe8db6f3a.png,1,Grade 1: Mild NPDR,train,efdc6f4812ef0f381005e8586cb46dd05d26a0e8940566bff1d098f75d6237c3
57ce57a8cfb0,APTOS-P1236,APTOS 2019 (Aravind Eye Hospital),train_images/57ce57a8cfb0.png,2,Grade 2: Moderate NPDR,train,556b5ffc62c848d9bac9912265d1d9a05a92d68fae16f01dfa1e6a0c558f2c0e
2f81ee5f2926,APTOS-P0662,APTOS 2019 (Aravind Eye Hospital),train_images/2f81ee5f2926.png,0,Grade 0: No Apparent DR,val,38f8daa5b20f7b394812e44995c04211c5954d16399587fcddf0fb27d3ef3a06
8ee50c26fc13,APTOS-P1982,APTOS 2019 (Aravind Eye Hospital),train_images/8ee50c26fc13.png,0,Grade 0: No Apparent DR,train,4843b8351b0bd061b53fb5b4e0b355db31173bef1b0d7ba5c5f5142c15565cdf
e037643244b7,APTOS-P1293,APTOS 2019 (Aravind Eye Hospital),train_images/e037643244b7.png,4,Grade 4: Proliferative DR,train,0b3eee51692b3a48ac766c7534761bf8a4c40d7bb1d3ca69b83072680f187d6b
74211a2b6dcf,APTOS-P1610,APTOS 2019 (Aravind Eye Hospital),train_images/74211a2b6dcf.png,0,Grade 0: No Apparent DR,test,523ae1da0d86bc4b63b8115890112e27ec73bdd25a0652f16225f7db1e2aa3f4
8a482c024fc2,APTOS-P1917,APTOS 2019 (Aravind Eye Hospital),train_images/8a482c024fc2.png,0,Grade 0: No Apparent DR,train,c4f0bb0de3593afee4bb8ececc9e897c541f6433b3d965bccbbdc36549e958b4
1efa5d443707,APTOS-P0436,APTOS 2019 (Aravind Eye Hospital),train_images/1efa5d443707.png,4,Grade 4: Proliferative DR,train,cdee7a224df7cecda73cb1128b0febbc8781d42216c7f23767a3a0d90d96a5b9
20d5fdd450ae,APTOS-P0462,APTOS 2019 (Aravind Eye Hospital),train_images/20d5fdd450ae.png,4,Grade 4: Proliferative DR,train,18ba35d00df833275fec472c3336cfd6a6544cc8fa21adcdcd7928cac32c75f8
f952ad2e4356,APTOS-P3432,APTOS 2019 (Aravind Eye Hospital),train_images/f952ad2e4356.png,0,Grade 0: No Apparent DR,val,f7ebdba378eaa25c1dc22131d7937ffa44be2206389dca5c3dcf73b2f3a0ea57
873dcc0b468f,APTOS-P1872,APTOS 2019 (Aravind Eye Hospital),train_images/873dcc0b468f.png,4,Grade 4: Proliferative DR,train,f99e5e086b5106200d25f03d668008c8feeda1131b7df03bfb1eb35bc8fba2ff
b10fca20c885,APTOS-P1752,APTOS 2019 (Aravind Eye Hospital),train_images/b10fca20c885.png,0,Grade 0: No Apparent DR,val,4a9fcbef3e384e0745159568cd02e9ede94d6ce0fdf61d8fb4d81a0bb223fd9d
a2163f0c2af5,APTOS-P2248,APTOS 2019 (Aravind Eye Hospital),train_images/a2163f0c2af5.png,0,Grade 0: No Apparent DR,val,31bc62ebb27bdcb199eb3a6a35a9a0cc1966a3554c9d339155d22b7e34fb4477
1968183f0e61,APTOS-P0348,APTOS 2019 (Aravind Eye Hospital),train_images/1968183f0e61.png,2,Grade 2: Moderate NPDR,val,3d57ac72e117a08ffa910d85e8f1a988671f9c3e258ddce8a8b8b6e168ec74ed
a664d2055886,APTOS-P2305,APTOS 2019 (Aravind Eye Hospital),train_images/a664d2055886.png,2,Grade 2: Moderate NPDR,test,3bc903466da73818271df8349b188f17f10243141b3605aae82d91d4843cf5bf
8be6629a6039,APTOS-P1943,APTOS 2019 (Aravind Eye Hospital),train_images/8be6629a6039.png,0,Grade 0: No Apparent DR,test,1e770c37243386fec0da55b4d7be53e52c8a84fb8c82755571467de22ab22637
40527a5e95dd,APTOS-P0878,APTOS 2019 (Aravind Eye Hospital),train_images/40527a5e95dd.png,2,Grade 2: Moderate NPDR,val,d5e11d25d4391d5c743db45ae871bdb731fafdcbfcc879f31763c6047d07d829
58059e73d2d4,APTOS-P1240,APTOS 2019 (Aravind Eye Hospital),train_images/58059e73d2d4.png,0,Grade 0: No Apparent DR,val,4e28dd389d9835132912595527d5a51e8910415653c2d1a5f001b82961831212
5671eb95512b,APTOS-P1221,APTOS 2019 (Aravind Eye Hospital),train_images/5671eb95512b.png,1,Grade 1: Mild NPDR,train,49b91c41ab21c80fab1ffccba98dd177f60fc74d5c3924cd4387b4e2216ed8e5
0fc6829da85b,APTOS-P0213,APTOS 2019 (Aravind Eye Hospital),train_images/0fc6829da85b.png,0,Grade 0: No Apparent DR,val,4bd7605fe4f55c82073ee7418bfdb2e3d106715544856b5b9c48d45e4ae251bb
12bc439d373a,APTOS-P0251,APTOS 2019 (Aravind Eye Hospital),train_images/12bc439d373a.png,0,Grade 0: No Apparent DR,val,4d69a5d98bfafee744acef72e52ad7b3b9d143f8a4b06c48505d9187015b38bc
351e842842a2,APTOS-P0729,APTOS 2019 (Aravind Eye Hospital),train_images/351e842842a2.png,0,Grade 0: No Apparent DR,train,06281d8b153ba3ca8f477e974f9cf9727c69ea527cb09f9eb9f29ee07e33a881
8a234d68b27e,APTOS-P1914,APTOS 2019 (Aravind Eye Hospital),train_images/8a234d68b27e.png,3,Grade 3: Severe NPDR,test,8fa90b308d6c519e74a8d72c745d4d1bd707e0d399f224ea7797eac0d4ef5318
6e92b1c5ac8e,APTOS-P1549,APTOS 2019 (Aravind Eye Hospital),train_images/6e92b1c5ac8e.png,3,Grade 3: Severe NPDR,train,ad9cef240d362f8a6b74042d6330fa3f3d5e3a3c14c8025e8a160250d86857fa
bc34ed91c9bc,APTOS-P2633,APTOS 2019 (Aravind Eye Hospital),train_images/bc34ed91c9bc.png,4,Grade 4: Proliferative DR,train,63f00b3959fe81e93ec9abc17f15da17beeaed63f1c118128c49827bdc1c984d
d2c2f02bb313,APTOS-P2927,APTOS 2019 (Aravind Eye Hospital),train_images/d2c2f02bb313.png,4,Grade 4: Proliferative DR,val,b2f6af5c0ddf1e72208f0fc0e63e147c338fba7e80093fc7c0f67021be9b2be6
01c7808d901d,APTOS-P0024,APTOS 2019 (Aravind Eye Hospital),train_images/01c7808d901d.png,2,Grade 2: Moderate NPDR,train,587f80d57e2423c5e62872973516f4ceab1d7bb892e7bf0e1c84a86a9704de4e
c80f79579fed,APTOS-P2786,APTOS 2019 (Aravind Eye Hospital),train_images/c80f79579fed.png,2,Grade 2: Moderate NPDR,train,4fe2a607f6e8a04820ac25003d489d32ddf8f316a43222e7675f7b8a495e5dea
01f7bb8be950,APTOS-P0027,APTOS 2019 (Aravind Eye Hospital),train_images/01f7bb8be950.png,0,Grade 0: No Apparent DR,train,86d5418e65f210c418240ce71e11a3d5857dfabf602171aecb31b0c4ead83545
66460ecab347,APTOS-P1432,APTOS 2019 (Aravind Eye Hospital),train_images/66460ecab347.png,0,Grade 0: No Apparent DR,train,5a2bb118644eb20b21949f8e08c39b6b6e936d948c82c10a9c6f5ea6d482e921
bd34a0639575,APTOS-P1633,APTOS 2019 (Aravind Eye Hospital),train_images/bd34a0639575.png,0,Grade 0: No Apparent DR,train,8d1d942a2f29b47c40f890034379d76168b45297cd2d20311fee2c6339667adc
d7e5fe5245e0,APTOS-P2987,APTOS 2019 (Aravind Eye Hospital),train_images/d7e5fe5245e0.png,0,Grade 0: No Apparent DR,val,c00cb0479a8ea9c2390a0363e12d4ed7c65f00ed8aacd4e4f7e610ed11422c4d
f994a3b07935,APTOS-P3433,APTOS 2019 (Aravind Eye Hospital),train_images/f994a3b07935.png,0,Grade 0: No Apparent DR,test,9843581a0503693399877d1c475944439963f4ed28ac7465ac3123ea3c399cfc
521d3e264d71,APTOS-P1158,APTOS 2019 (Aravind Eye Hospital),train_images/521d3e264d71.png,2,Grade 2: Moderate NPDR,train,67d37064e4df7e93c0ff5279d75fda9ce1507df13291db85cc93945933f7b8c7
f5e6226bd2e0,APTOS-P3391,APTOS 2019 (Aravind Eye Hospital),train_images/f5e6226bd2e0.png,4,Grade 4: Proliferative DR,test,8d6a7c7455e01079bfab43ced96d876275821e2530f5450bb7e91d4d43353084
04ac765f91a1,APTOS-P0060,APTOS 2019 (Aravind Eye Hospital),train_images/04ac765f91a1.png,1,Grade 1: Mild NPDR,train,14c1a679e221fd46062bb0ed1baaff54873fa27c537777f5a71c1b1fb23196a2
be7f791a7877,APTOS-P2664,APTOS 2019 (Aravind Eye Hospital),train_images/be7f791a7877.png,0,Grade 0: No Apparent DR,train,2b9a071276c7600820e2f4ee379bf0d07c3c40a26829daec3b546be81109aae2
e32dc722eca5,APTOS-P3148,APTOS 2019 (Aravind Eye Hospital),train_images/e32dc722eca5.png,4,Grade 4: Proliferative DR,train,40d3940d587fe3b0f1d2cf6334357e3fe2e5d546be3108e4f1b0f9951260a4b9
b82d5f1f1145,APTOS-P2575,APTOS 2019 (Aravind Eye Hospital),train_images/b82d5f1f1145.png,2,Grade 2: Moderate NPDR,train,1ca44e458e819aef9b23ec3d19e15e63eabeec19616aa192838ef7a019f8dc97
27f82ada84ac,APTOS-P0560,APTOS 2019 (Aravind Eye Hospital),train_images/27f82ada84ac.png,0,Grade 0: No Apparent DR,test,325e80c490a1d58c49cf3d097e828d5dd421d2a919d396bd9c574052c78e08cc
0c2e2369dfff,APTOS-P0160,APTOS 2019 (Aravind Eye Hospital),train_images/0c2e2369dfff.png,2,Grade 2: Moderate NPDR,test,b26159f3f6701ba962b60ff2301bf2ff61aea8b31547f84f05906c1733ffc6fb
50915e2329a1,APTOS-P1127,APTOS 2019 (Aravind Eye Hospital),train_images/50915e2329a1.png,0,Grade 0: No Apparent DR,train,d325afd0a2a3dec0518a0ec6154cc3b235c6f94ee5cfc5ec2d5bf1d6f5080380
0104b032c141,APTOS-P0014,APTOS 2019 (Aravind Eye Hospital),train_images/0104b032c141.png,3,Grade 3: Severe NPDR,train,2f40926417fe0b8b28d233b95990084d30f39372c3865da3457b72ec7e38feee
f762c272c522,APTOS-P3412,APTOS 2019 (Aravind Eye Hospital),train_images/f762c272c522.png,1,Grade 1: Mild NPDR,test,c2a9f9c2bd14b1a51ccffc5d02304363485677852e87c2d322aa22074fc79ef0
3e61703b5ab2,APTOS-P0849,APTOS 2019 (Aravind Eye Hospital),train_images/3e61703b5ab2.png,0,Grade 0: No Apparent DR,train,057aee68bed8a2305d245ccba0d480d700e0c7b96eabf91874045352a9f8890b
0d310aba6373,APTOS-P0178,APTOS 2019 (Aravind Eye Hospital),train_images/0d310aba6373.png,1,Grade 1: Mild NPDR,train,226603b6edf5fa76c239b69651902f24063adb677a8b2b457a2db21c8dd54ada
4da6e2089d57,APTOS-P1075,APTOS 2019 (Aravind Eye Hospital),train_images/4da6e2089d57.png,2,Grade 2: Moderate NPDR,test,23e78154ca62b479a272ef9e5dedc08466eb95cfd360d77d866e8608d7a6aa08
757e39293591,APTOS-P1627,APTOS 2019 (Aravind Eye Hospital),train_images/757e39293591.png,0,Grade 0: No Apparent DR,train,3809bb357ce24b4016c01d7b33ac783a0ca2b6ab37358fa32172714efd1bd6e3
a06e5ac695ce,APTOS-P2217,APTOS 2019 (Aravind Eye Hospital),train_images/a06e5ac695ce.png,0,Grade 0: No Apparent DR,train,3bb826bde22498a5362b98050f0fe16818b4fce5db2f0ad1eec42b925f02138f
d5a39339ff3d,APTOS-P2959,APTOS 2019 (Aravind Eye Hospital),train_images/d5a39339ff3d.png,2,Grade 2: Moderate NPDR,train,d14f0cde823ed40a0a146e4296b589a63c8669bcd3ed5c8e338d4e13d92f29b4
ccea49708830,APTOS-P2848,APTOS 2019 (Aravind Eye Hospital),train_images/ccea49708830.png,0,Grade 0: No Apparent DR,train,cb113223aea69a8b60bd9a2dc218ff70f64fd6f979105f3d7d07916b6bfc963f
33b91def2035,APTOS-P0711,APTOS 2019 (Aravind Eye Hospital),train_images/33b91def2035.png,0,Grade 0: No Apparent DR,train,0a43233d2ea8260e9166d34f9c55ac9ab92270e477841243c3a8fd5f2a1e805a
318eb706a134,APTOS-P0690,APTOS 2019 (Aravind Eye Hospital),train_images/318eb706a134.png,0,Grade 0: No Apparent DR,val,d39f890bcaa4d52f6b1d5315cdb703d326ccabc388bb26cf4db2552b7d960e09
e19936582c61,APTOS-P3122,APTOS 2019 (Aravind Eye Hospital),train_images/e19936582c61.png,3,Grade 3: Severe NPDR,train,f043d47ba8e8b612d9bc87a5378eb5c334adc64ea5c48d2514c4156fde4ae0fc
a6356a3c5d11,APTOS-P2301,APTOS 2019 (Aravind Eye Hospital),train_images/a6356a3c5d11.png,0,Grade 0: No Apparent DR,test,1479a9963d1e1e55b57474493a73fc02694c142145020c10bc5f7e25efbce10b
15f440753916,APTOS-P0292,APTOS 2019 (Aravind Eye Hospital),train_images/15f440753916.png,3,Grade 3: Severe NPDR,val,0ffaff6d3982e4f4275292fee002fdd23b6f0cc3adf96ee81cef9433b61b1337
0415fc68b176,APTOS-P0054,APTOS 2019 (Aravind Eye Hospital),train_images/0415fc68b176.png,2,Grade 2: Moderate NPDR,val,39e7f9351c12007fe79108646cfde2de76f8da0710810aeed40e62c6aa99390a
357f02a779d7,APTOS-P0735,APTOS 2019 (Aravind Eye Hospital),train_images/357f02a779d7.png,0,Grade 0: No Apparent DR,train,b11e2d74edb1e16dc69eda5d5d29f11920587b5bbe6d8ee320f728dabaca7560
59928f999ae7,APTOS-P1261,APTOS 2019 (Aravind Eye Hospital),train_images/59928f999ae7.png,0,Grade 0: No Apparent DR,train,7e129b04a64fcfed692abf7b930ee339885db4e91f3bab096a32cda351acc923
85fce24084da,APTOS-P1855,APTOS 2019 (Aravind Eye Hospital),train_images/85fce24084da.png,2,Grade 2: Moderate NPDR,train,24e4da79f9619604639c76c8d7f51e63898e8f979a2c24d92f61f9075ac1d4c8
4e1e252317b5,APTOS-P1086,APTOS 2019 (Aravind Eye Hospital),train_images/4e1e252317b5.png,0,Grade 0: No Apparent DR,train,b331106dfff9832e6d060e1490b1f5d2c295651c0a88e56bdc57826c1489caca
7fc3a8bb40de,APTOS-P1772,APTOS 2019 (Aravind Eye Hospital),train_images/7fc3a8bb40de.png,0,Grade 0: No Apparent DR,train,b9b262a8281fb3aa226f53d8c4145ca251f90efb82edd6502f91c1be8b201b3e
4abca30b676b,APTOS-P1030,APTOS 2019 (Aravind Eye Hospital),train_images/4abca30b676b.png,4,Grade 4: Proliferative DR,test,d8e4ea913564e943591080ca2dacfbab05b357455a84765603661bbbe4890a1c
7335a2d43ada,APTOS-P1597,APTOS 2019 (Aravind Eye Hospital),train_images/7335a2d43ada.png,1,Grade 1: Mild NPDR,train,3c57875b3b18d8d6c9fe5d794ea6e8f42e69e4fe4104122fa433a5bec48d8b79
51e656e5a541,APTOS-P1156,APTOS 2019 (Aravind Eye Hospital),train_images/51e656e5a541.png,0,Grade 0: No Apparent DR,val,ca5a30b4cfc9cc0a7c2cdf01a19ed81f49f907815d0474e9b8de8e179df0527b
33b978734eab,APTOS-P0712,APTOS 2019 (Aravind Eye Hospital),train_images/33b978734eab.png,0,Grade 0: No Apparent DR,test,ce85ac76648fb5fdcf540bf6fb93ad63e49b54b889dbaf0ec2945197f71a7b9e
a673193cd5a9,APTOS-P2307,APTOS 2019 (Aravind Eye Hospital),train_images/a673193cd5a9.png,0,Grade 0: No Apparent DR,test,bc0368bab9b670fb3da52072cd858889861c87bf18c0abdaba743e596a4d36e3
1c7a013eeba7,APTOS-P0389,APTOS 2019 (Aravind Eye Hospital),train_images/1c7a013eeba7.png,0,Grade 0: No Apparent DR,train,46996ffc7af2152fa882dc8e831e05c0d091f8a80a67197e65cfb624e4f88850
c613db1cab27,APTOS-P2759,APTOS 2019 (Aravind Eye Hospital),train_images/c613db1cab27.png,2,Grade 2: Moderate NPDR,train,6f1a42c0a9f8f514cc583486cd930424ae97bba75ce4e18202b109af34fcad67
d91273efb92a,APTOS-P3009,APTOS 2019 (Aravind Eye Hospital),train_images/d91273efb92a.png,2,Grade 2: Moderate NPDR,test,afe18cef29878fe23fe3d644935300744a5623da8760928175a7663071952bfb
f56ff0440ed1,APTOS-P3380,APTOS 2019 (Aravind Eye Hospital),train_images/f56ff0440ed1.png,0,Grade 0: No Apparent DR,val,c97d44574b1e6b583ba2b3d7d1fbae0a5d3c943429eb9f22aa380492b51447ff
ab78a66dee6a,APTOS-P2394,APTOS 2019 (Aravind Eye Hospital),train_images/ab78a66dee6a.png,0,Grade 0: No Apparent DR,train,62a7a68c198426c2011c8554a0fd98b15e6df90241eb9484d650e55eac91d82b
b085caa513a8,APTOS-P2472,APTOS 2019 (Aravind Eye Hospital),train_images/b085caa513a8.png,0,Grade 0: No Apparent DR,train,d3616b5abcb03aeac3106d9267654d87ff37e45e538611be9680be02d001b74d
44a86263117b,APTOS-P0943,APTOS 2019 (Aravind Eye Hospital),train_images/44a86263117b.png,0,Grade 0: No Apparent DR,val,2b66e821f59496938435553f2ded29f1342e3f598a3d717673f5ae10ca191bce
c48ae5da188e,APTOS-P2737,APTOS 2019 (Aravind Eye Hospital),train_images/c48ae5da188e.png,2,Grade 2: Moderate NPDR,test,ddf84b7d6c2293bb64b1efd757a619dc53b520532627ca8429095b10b5b55911
913b1890ed1e,APTOS-P2017,APTOS 2019 (Aravind Eye Hospital),train_images/913b1890ed1e.png,2,Grade 2: Moderate NPDR,val,5ee58365a7caceae3f6c5717a8839d48e6110545d4677b91c88fb16acca69d28
354b8911d6ed,APTOS-P0732,APTOS 2019 (Aravind Eye Hospital),train_images/354b8911d6ed.png,2,Grade 2: Moderate NPDR,train,77a74a58cae8085a10d98ee8c1f2d41a57332248e5da4f29f00e4b4de0b963ba
90bde2ff8953,APTOS-P2011,APTOS 2019 (Aravind Eye Hospital),train_images/90bde2ff8953.png,0,Grade 0: No Apparent DR,train,5b9568570dda47762879c9fb1f5ae6485cb1340f699f5623a218742ce1f66522
387138ddf43d,APTOS-P0779,APTOS 2019 (Aravind Eye Hospital),train_images/387138ddf43d.png,0,Grade 0: No Apparent DR,test,221df07657375ef5323dc5bf9f69669c08281102e4dda2aca17441a993a8f93f
aa94cc4bfd84,APTOS-P2378,APTOS 2019 (Aravind Eye Hospital),train_images/aa94cc4bfd84.png,0,Grade 0: No Apparent DR,train,c37acf71ddd849da14d7a9c182405c731557177090b8f5f59dd613fb83d3a805
ababe19ed448,APTOS-P2398,APTOS 2019 (Aravind Eye Hospital),train_images/ababe19ed448.png,1,Grade 1: Mild NPDR,train,719690f48d073800c78be40a7b43998ef8bae947c5eea1c97f196c844dbe6349
57760be09c03,APTOS-P1230,APTOS 2019 (Aravind Eye Hospital),train_images/57760be09c03.png,2,Grade 2: Moderate NPDR,val,fa95c57377fe75b13bd062cc0ff2bc4518a2cf69bc50ab1604eb8af2239678a8
b65ff67743b2,APTOS-P2544,APTOS 2019 (Aravind Eye Hospital),train_images/b65ff67743b2.png,2,Grade 2: Moderate NPDR,train,150995eb1915705af88e9bb7f3565c4d499042ed7cf8d31de3008f4b9bb06bab
495255c7492f,APTOS-P1003,APTOS 2019 (Aravind Eye Hospital),train_images/495255c7492f.png,1,Grade 1: Mild NPDR,test,ab51cead5b957072d79b86d341d3a949a74f688600ec706429b56960b7ae1bfd
3908b3cfd620,APTOS-P0788,APTOS 2019 (Aravind Eye Hospital),train_images/3908b3cfd620.png,0,Grade 0: No Apparent DR,train,fe17505f33b1efdc3c2d17273e21e1a5bc20ad0694c76cf7f2a2d2793c7668ef
9fefe2b44795,APTOS-P2205,APTOS 2019 (Aravind Eye Hospital),train_images/9fefe2b44795.png,3,Grade 3: Severe NPDR,train,ab587c97320fea9f45a92385bd29c73b0692b24f66eaba5392e0eb88a6db1987
fcc55ae641ae,APTOS-P3470,APTOS 2019 (Aravind Eye Hospital),train_images/fcc55ae641ae.png,2,Grade 2: Moderate NPDR,train,0ddfb796e8cb8aa099f7dda83f53b2510e8d7d9b8d2f0a7ff4b8b783812f8dea
fea14b3d44b0,APTOS-P1785,APTOS 2019 (Aravind Eye Hospital),train_images/fea14b3d44b0.png,1,Grade 1: Mild NPDR,test,93561a5fefa7652fc89660723518ba6981ed9c03895ebce805dbb41bdfe72399
6a91eb157f47,APTOS-P1484,APTOS 2019 (Aravind Eye Hospital),train_images/6a91eb157f47.png,2,Grade 2: Moderate NPDR,train,acb5bfc70fd36e933a15ff6ed249e6ddf6071f7c3aac4479c508f08399b2eff1
c1819db0aece,APTOS-P2705,APTOS 2019 (Aravind Eye Hospital),train_images/c1819db0aece.png,0,Grade 0: No Apparent DR,train,f5805db766b9b32a7bc7153296c14be8b0fc24127bce77690fd623ab406695d2
086d41d17da8,APTOS-P0110,APTOS 2019 (Aravind Eye Hospital),train_images/086d41d17da8.png,1,Grade 1: Mild NPDR,val,7a95dd738aa0bd411cf9e92828a53083f274837afc7c1ffb4a29253465af1694
ca05f7e7801b,APTOS-P2805,APTOS 2019 (Aravind Eye Hospital),train_images/ca05f7e7801b.png,0,Grade 0: No Apparent DR,val,db07845f53c9594bd237fc8463f121145f5d319d254235a6a013807a1b49bf5e
2cbfc6182ba2,APTOS-P0628,APTOS 2019 (Aravind Eye Hospital),train_images/2cbfc6182ba2.png,2,Grade 2: Moderate NPDR,train,b68fd0d44a9cf23e0cbdc86d5bee16ff48c6f94eb83749dc096548a74b5dcc65
45693d027798,APTOS-P0957,APTOS 2019 (Aravind Eye Hospital),train_images/45693d027798.png,0,Grade 0: No Apparent DR,train,810bb6f5da8fbd8e457688f67bc5d87b4b3f54a56420e94ff35a05a89a3c7d8c
2399d68d407f,APTOS-P0497,APTOS 2019 (Aravind Eye Hospital),train_images/2399d68d407f.png,0,Grade 0: No Apparent DR,train,5f50ab9ac5af4c058bd0b547a0f92165d1a78543951387dfafe802d35c467519
7ed4128b2a4e,APTOS-P1756,APTOS 2019 (Aravind Eye Hospital),train_images/7ed4128b2a4e.png,0,Grade 0: No Apparent DR,val,41fe99bff8e98ce82d20bd526dc820f060e61ce34d43faf20d876f8a8c85dc75
76cfe8967f7d,APTOS-P1378,APTOS 2019 (Aravind Eye Hospital),train_images/76cfe8967f7d.png,2,Grade 2: Moderate NPDR,train,4ab51835c6ccabed81a272e761bcf51756bed005a34ef38e7148a2275d142668
cc9270f06b65,APTOS-P2843,APTOS 2019 (Aravind Eye Hospital),train_images/cc9270f06b65.png,1,Grade 1: Mild NPDR,train,be0cfc1e4b0669a3f374c40371f360ad0b337579c6df9aa344221193157e8d8e
af133a85ea0c,APTOS-P2453,APTOS 2019 (Aravind Eye Hospital),train_images/af133a85ea0c.png,1,Grade 1: Mild NPDR,train,8bf49335e7029e7126bab4387d624c883cdf4c114a37efd0c5bb79765d276951
bda8c973b09d,APTOS-P2650,APTOS 2019 (Aravind Eye Hospital),train_images/bda8c973b09d.png,2,Grade 2: Moderate NPDR,train,1835ea6ece91e775afd3f1ecbe2dc3bb2ddbf07dd23e2387f37d239083b752d9
d2c6b99ef62c,APTOS-P2929,APTOS 2019 (Aravind Eye Hospital),train_images/d2c6b99ef62c.png,2,Grade 2: Moderate NPDR,val,64ad1220786176c918dacdd5cb11b1231e3c3f63829811742d933a12b8d4fee1
a11c62cb3f86,APTOS-P2230,APTOS 2019 (Aravind Eye Hospital),train_images/a11c62cb3f86.png,0,Grade 0: No Apparent DR,train,5296b3dc9b38e53ffa9d22eced782ae25969616e393e5e1d158685e4513ba588
2776d70724d3,APTOS-P0553,APTOS 2019 (Aravind Eye Hospital),train_images/2776d70724d3.png,2,Grade 2: Moderate NPDR,test,2a3d0188d3e41c17a11cd5801362654ba59550907ee4941c4aaea0627ed9f993
ef8c39eb9157,APTOS-P3313,APTOS 2019 (Aravind Eye Hospital),train_images/ef8c39eb9157.png,0,Grade 0: No Apparent DR,train,776b084e6bdf794a3ed877aa4110b26bc543515f23374757f69da80b41da7cfe
24b943fe725e,APTOS-P0511,APTOS 2019 (Aravind Eye Hospital),train_images/24b943fe725e.png,1,Grade 1: Mild NPDR,val,1c37efde00d34578543991f63d39f0b456033ca5fa903a1e72aaacc00af21448
1411c8ab7161,APTOS-P0265,APTOS 2019 (Aravind Eye Hospital),train_images/1411c8ab7161.png,2,Grade 2: Moderate NPDR,train,442aee595f441275cd94547dbde25b0f5e158f34cac90ca4af6d053acb47fa3a
ce207b69ff37,APTOS-P2866,APTOS 2019 (Aravind Eye Hospital),train_images/ce207b69ff37.png,3,Grade 3: Severe NPDR,train,cd491078dc5f68a948f316923e9bb4a08feadb8775047797d69bc2588c08bcbd
7bf981d9c7fe,APTOS-P0750,APTOS 2019 (Aravind Eye Hospital),train_images/7bf981d9c7fe.png,1,Grade 1: Mild NPDR,test,ebaf892eb1a09c72370c9a10b462629e6404574473d1b79575634a59f1f3c088
3b58b02c89ed,APTOS-P0814,APTOS 2019 (Aravind Eye Hospital),train_images/3b58b02c89ed.png,2,Grade 2: Moderate NPDR,train,0c1f609017de71057f8e673eb34d936f186f88f55055440ae5305450324e068c
f4c7ae514c54,APTOS-P3370,APTOS 2019 (Aravind Eye Hospital),train_images/f4c7ae514c54.png,0,Grade 0: No Apparent DR,train,ce1d18d31fa114ffbcce59f8a7306ae130ceb0cb83bd1cce6de77330707e5bf9
80f6b30ece8c,APTOS-P1790,APTOS 2019 (Aravind Eye Hospital),train_images/80f6b30ece8c.png,0,Grade 0: No Apparent DR,train,824f2e633032087c4e766c5d1842932574d251d232d19d3db53e110d275dbba2
799cb4c816ae,APTOS-P1683,APTOS 2019 (Aravind Eye Hospital),train_images/799cb4c816ae.png,2,Grade 2: Moderate NPDR,train,0100ececfb737d46c2d335b4945d142dc292c5d85e4fecb02290bf48f9b4bf6c
29bc0e721cfe,APTOS-P0590,APTOS 2019 (Aravind Eye Hospital),train_images/29bc0e721cfe.png,4,Grade 4: Proliferative DR,val,f4a4c86560db393124d08017e1d8e8900d4f8658c66427421f8784176eccb2f8
bcb0498ed2c1,APTOS-P2640,APTOS 2019 (Aravind Eye Hospital),train_images/bcb0498ed2c1.png,0,Grade 0: No Apparent DR,train,4974fc6ead0c9a93583c29b4041f6806ca968eba9d043c9d0a67adecbc8b8bf6
52ddde91a349,APTOS-P1177,APTOS 2019 (Aravind Eye Hospital),train_images/52ddde91a349.png,0,Grade 0: No Apparent DR,test,c5eea57b7dddf1478a6a83e79394b79f248c78521db9f415cd2ce2356e85462b
873fe0404d6e,APTOS-P1873,APTOS 2019 (Aravind Eye Hospital),train_images/873fe0404d6e.png,2,Grade 2: Moderate NPDR,val,1a118f7214c37c2905edd72ad4aa8a1ecef86141a976c6df99ba2ccfb7d6457b
ee6e39319b39,APTOS-P3294,APTOS 2019 (Aravind Eye Hospital),train_images/ee6e39319b39.png,2,Grade 2: Moderate NPDR,val,e54f259fc28da19226ae3b493f43cd2cb062fc2c34238add044ef37b3d6a39f2
eb1d37b71fd1,APTOS-P3260,APTOS 2019 (Aravind Eye Hospital),train_images/eb1d37b71fd1.png,4,Grade 4: Proliferative DR,train,6ecea68e6e9e56344ca4ca4d5a31b5f1eb2b811095041344e10c61c809465549
e5f73f2855c0,APTOS-P3186,APTOS 2019 (Aravind Eye Hospital),train_images/e5f73f2855c0.png,0,Grade 0: No Apparent DR,train,9cb5bd17d80d57543178638fa61e079d0eb52d28bc125a90c2d250da82a49d54
aea59ebec445,APTOS-P2444,APTOS 2019 (Aravind Eye Hospital),train_images/aea59ebec445.png,3,Grade 3: Severe NPDR,train,cafc2198bcdbfda21f3fcf0ee68c32c8040e27e0eca7153c9e53411fb38e7618
50ddd7d976df,APTOS-P1132,APTOS 2019 (Aravind Eye Hospital),train_images/50ddd7d976df.png,0,Grade 0: No Apparent DR,train,b9e3ced3af231544354cf6da20438ff19d4151215448803c8ddf07f1f640d268
c5ad60521f8c,APTOS-P2754,APTOS 2019 (Aravind Eye Hospital),train_images/c5ad60521f8c.png,2,Grade 2: Moderate NPDR,train,db4cb9a12044014339ca3c6f2a06bf40ad9da596cf57ea03e88f3d1a2d184ee7
a646c084928c,APTOS-P2303,APTOS 2019 (Aravind Eye Hospital),train_images/a646c084928c.png,0,Grade 0: No Apparent DR,val,8aa4d8ece9d98b29132eaf7531d73569cbdb71835b9746461cb5913d12857341
dcc6c0ad5cad,APTOS-P3057,APTOS 2019 (Aravind Eye Hospital),train_images/dcc6c0ad5cad.png,0,Grade 0: No Apparent DR,train,ec28b16fdd6ea3f8d34958260ec5ba1ab4ccf372f958b467b37ba7e1891daf44
bebb3f167654,APTOS-P2668,APTOS 2019 (Aravind Eye Hospital),train_images/bebb3f167654.png,1,Grade 1: Mild NPDR,val,8c5b148d97824f526df3c94bfee409626499a122486c25bbb4daeb34936f1076
07a0e34c8d20,APTOS-P0098,APTOS 2019 (Aravind Eye Hospital),train_images/07a0e34c8d20.png,3,Grade 3: Severe NPDR,test,bb3d71b35f55acfb61a0a602db240fef08418379b96fd9f2ed0901a69313ee81
ca9c912ebad7,APTOS-P2816,APTOS 2019 (Aravind Eye Hospital),train_images/ca9c912ebad7.png,2,Grade 2: Moderate NPDR,train,11d110205f641cd79168b1dcf276b544d09783c4ef59ca803efed71a46e8b4ec
fca931da5c5e,APTOS-P3468,APTOS 2019 (Aravind Eye Hospital),train_images/fca931da5c5e.png,1,Grade 1: Mild NPDR,test,77977bcf7ee2cdccd4a039b055b1f0cdfdfbbba88ae2d459c962a28ee08f2c45
0684311afdfc,APTOS-P0081,APTOS 2019 (Aravind Eye Hospital),train_images/0684311afdfc.png,1,Grade 1: Mild NPDR,test,0936a91d1c9e0aa73225f41dada2d9d6333656876eb16ce0781e2ecd475b9026
2821998fc002,APTOS-P0563,APTOS 2019 (Aravind Eye Hospital),train_images/2821998fc002.png,0,Grade 0: No Apparent DR,train,e3a4369c9e6f696df43edb4843058dd6e8c754169d52e71213526f2e8a659ace
cffc50047828,APTOS-P2887,APTOS 2019 (Aravind Eye Hospital),train_images/cffc50047828.png,0,Grade 0: No Apparent DR,train,6363501444df0d7038a7abae3d46c79d2aa25b61b3733c2d03e83264030f005b
e2c3b037413b,APTOS-P2346,APTOS 2019 (Aravind Eye Hospital),train_images/e2c3b037413b.png,0,Grade 0: No Apparent DR,train,906a7d6a0d7a0124439f6cb895fdfecb8c32a0e8ac65783c424fd8e851ea98c0
1b8ad0afe9fb,APTOS-P0374,APTOS 2019 (Aravind Eye Hospital),train_images/1b8ad0afe9fb.png,2,Grade 2: Moderate NPDR,train,3df6022b2e1bc19e3a4218068f55c87a2b7089404bb330991e6f0f570e99d31b
5e52c9fe676f,APTOS-P1330,APTOS 2019 (Aravind Eye Hospital),train_images/5e52c9fe676f.png,2,Grade 2: Moderate NPDR,train,8df14360c3b7956030638cb30a636076a2407d618e1da12e71ff5222896d5de1
d1afdb8cf70d,APTOS-P2908,APTOS 2019 (Aravind Eye Hospital),train_images/d1afdb8cf70d.png,0,Grade 0: No Apparent DR,train,ff3edc6c6977ebd9725afab17520ae657cc0d9a5eaf7d3d2f52dd46661504843
5d5b5da5f939,APTOS-P1318,APTOS 2019 (Aravind Eye Hospital),train_images/5d5b5da5f939.png,0,Grade 0: No Apparent DR,train,71a43ab20ebdb455196a33e227d5a08bebdb0129d5553322a11c93e86b0b29aa
bf9cba745efc,APTOS-P2681,APTOS 2019 (Aravind Eye Hospital),train_images/bf9cba745efc.png,2,Grade 2: Moderate NPDR,train,a1e87fd3af7ba1714635fba0a7691214ad95bebb21e775f73ee38bb3e1264a33
365f8c01d994,APTOS-P0749,APTOS 2019 (Aravind Eye Hospital),train_images/365f8c01d994.png,1,Grade 1: Mild NPDR,train,85d59907a4b80b120f13ae406a5d98fa486c8821ba9bf4f407379299f31badac
badb5ff8d3c7,APTOS-P0580,APTOS 2019 (Aravind Eye Hospital),train_images/badb5ff8d3c7.png,0,Grade 0: No Apparent DR,train,090bd75ac30662ec3f10011ac9c9c07a9519ec9cd3d4325c82f610c3d5881de4
1cb814ed6332,APTOS-P0397,APTOS 2019 (Aravind Eye Hospital),train_images/1cb814ed6332.png,2,Grade 2: Moderate NPDR,train,5a7c028ad914c7f429ca5cd57e6b5b7c4ab28ff3f2c9cc107e83975d9fb7667c
f3a4751af42e,APTOS-P3355,APTOS 2019 (Aravind Eye Hospital),train_images/f3a4751af42e.png,0,Grade 0: No Apparent DR,train,e7684b1aeb9702e00cb59523f5b46d2d1e50d48f6e0a85c19df1582dec46174c
45ae04cfde5d,APTOS-P0959,APTOS 2019 (Aravind Eye Hospital),train_images/45ae04cfde5d.png,2,Grade 2: Moderate NPDR,train,cd493a1781abf7bb984ca775fe85fe29f3d4635a39d03c573aa3ee18a3c6b7db
ad1f7445b1a8,APTOS-P2419,APTOS 2019 (Aravind Eye Hospital),train_images/ad1f7445b1a8.png,1,Grade 1: Mild NPDR,train,458203dc2eec00b7354b6e2f06601bebd73ffcc170fb88c0ecac902b01554269
4a44cc840ebe,APTOS-P0169,APTOS 2019 (Aravind Eye Hospital),train_images/4a44cc840ebe.png,2,Grade 2: Moderate NPDR,train,ff1c88d4a29b8ccf215b8ac8b6751cd1ffbe354ee8028a1d4efdb47dd09e8f73
1b32e1d775ea,APTOS-P0368,APTOS 2019 (Aravind Eye Hospital),train_images/1b32e1d775ea.png,4,Grade 4: Proliferative DR,train,7f7753015c694ccf515cdc4a64ebe8b31f880d57b3b2974d459e866dd2fa53ea
2ef955d6d9ff,APTOS-P0653,APTOS 2019 (Aravind Eye Hospital),train_images/2ef955d6d9ff.png,0,Grade 0: No Apparent DR,train,53f038dc9b36d4c1ea55d5a058e67ddab9c53343b73bf336f3ca3bdec5e41e36
bf811911acf9,APTOS-P2679,APTOS 2019 (Aravind Eye Hospital),train_images/bf811911acf9.png,0,Grade 0: No Apparent DR,val,c590e5b9ed7dbeae930c9cf5bd09b8f625fd6f61d84add47c26d82470412dfe3
b598bc9753c2,APTOS-P2534,APTOS 2019 (Aravind Eye Hospital),train_images/b598bc9753c2.png,0,Grade 0: No Apparent DR,train,13cb71463b9aa3da09f2737cbd6adda7137878cac6b384cc639d8aff4acf22ea
80b5697f2a5e,APTOS-P1781,APTOS 2019 (Aravind Eye Hospital),train_images/80b5697f2a5e.png,0,Grade 0: No Apparent DR,val,3de6ae9d39ed14adc83b082ea1fcd9fbe337dd6ca5a7dc3bf52220de0c7a15b3
67c03349bb31,APTOS-P1451,APTOS 2019 (Aravind Eye Hospital),train_images/67c03349bb31.png,2,Grade 2: Moderate NPDR,train,64ca7c860bf45b330d0fee50ee5aceb640501d9fbce35ae0cbedb2a751c6660e
be521870a0ea,APTOS-P2660,APTOS 2019 (Aravind Eye Hospital),train_images/be521870a0ea.png,0,Grade 0: No Apparent DR,train,018292eea57368c2dc3058ddf92823fc1999c5fb7d0cd23219716aff30535e90
7fdb177b8f7d,APTOS-P1773,APTOS 2019 (Aravind Eye Hospital),train_images/7fdb177b8f7d.png,0,Grade 0: No Apparent DR,train,e6a5834e3251df4a85eacd3f601f447bae395e5fc6329919bbdee040f365c5c1
012a242ac6ff,APTOS-P0017,APTOS 2019 (Aravind Eye Hospital),train_images/012a242ac6ff.png,2,Grade 2: Moderate NPDR,train,aba6345c79355cbc64fb6af2510fef2c65e585b5b0c2d4d29d5ab128cdccb373
d911dd40c63b,APTOS-P3008,APTOS 2019 (Aravind Eye Hospital),train_images/d911dd40c63b.png,0,Grade 0: No Apparent DR,val,ac7391eb8eb1ff670afbccc93d546f2993711cfa50faa14771fbe7e63f741047
3b9c1f42c2f2,APTOS-P0818,APTOS 2019 (Aravind Eye Hospital),train_images/3b9c1f42c2f2.png,2,Grade 2: Moderate NPDR,train,0f8c5a024f4bf7c4d616a4f6593c11aa1dcf5077a0ff937a92ab4910ff8aa854
3325b1fe55d2,APTOS-P0706,APTOS 2019 (Aravind Eye Hospital),train_images/3325b1fe55d2.png,0,Grade 0: No Apparent DR,test,14b45c3fb97b93e1f30b4b8358c6beb56d8e0901ae206a75284e0d5157a2e5ee
735836b1ffa6,APTOS-P1602,APTOS 2019 (Aravind Eye Hospital),train_images/735836b1ffa6.png,0,Grade 0: No Apparent DR,train,8a57ec153c0e8afd0a0735d76bc222254a088ccd9b98f2bcdce992018263e034
9e99ae6ee7af,APTOS-P2190,APTOS 2019 (Aravind Eye Hospital),train_images/9e99ae6ee7af.png,0,Grade 0: No Apparent DR,train,af44d51adf220eb9b5b205f7d4b80723a4363d12bc2b6d0f7595076999c565a6
a62ea0043aa7,APTOS-P2300,APTOS 2019 (Aravind Eye Hospital),train_images/a62ea0043aa7.png,2,Grade 2: Moderate NPDR,val,816a2885995f53b1e7f182dad978c76666cd2d98cc67f6147888cf349d414229
2700754f71e9,APTOS-P0547,APTOS 2019 (Aravind Eye Hospital),train_images/2700754f71e9.png,2,Grade 2: Moderate NPDR,train,b2b7b9d62a40e63237ce6fd031f8723a1ddaea988a3317509820a02d95aa80db
4927945ecfed,APTOS-P0997,APTOS 2019 (Aravind Eye Hospital),train_images/4927945ecfed.png,0,Grade 0: No Apparent DR,val,17c7da663b1000c746fd028aee2b1c63c551904583080b22e45e7ac68685bf87
d02b79fc3200,APTOS-P2888,APTOS 2019 (Aravind Eye Hospital),train_images/d02b79fc3200.png,0,Grade 0: No Apparent DR,test,3e4737f2391dc12088706e8f5444290076c4f3970187d5a2e964dcce1e3e861d
55eac26bd383,APTOS-P1215,APTOS 2019 (Aravind Eye Hospital),train_images/55eac26bd383.png,1,Grade 1: Mild NPDR,train,4488f3a4a625516fbc7a89c7b4c253867c14041b2d125e9de5e1c7ac82250127
aef9016557ca,APTOS-P2452,APTOS 2019 (Aravind Eye Hospital),train_images/aef9016557ca.png,2,Grade 2: Moderate NPDR,train,94143dc9951b173569499f20520d599076a14ddbc79b81892e6b2eb2020aee5b
a06e41bd2634,APTOS-P2216,APTOS 2019 (Aravind Eye Hospital),train_images/a06e41bd2634.png,2,Grade 2: Moderate NPDR,val,4c4532f36b1ca878f20f60b3557dc551661f099bfe4b344e2dc41e076c3f0de6
6852f4531591,APTOS-P1461,APTOS 2019 (Aravind Eye Hospital),train_images/6852f4531591.png,0,Grade 0: No Apparent DR,train,f3e8e9f0227507b220ad56120d45601c4f7f145114c8551ff319f6a0c7adae3b
abe940882578,APTOS-P2401,APTOS 2019 (Aravind Eye Hospital),train_images/abe940882578.png,0,Grade 0: No Apparent DR,train,589348aae3a10f1ec80e03c27eca5a291272242d886f0346f55a6fc551846cb3
69df7ade0575,APTOS-P1476,APTOS 2019 (Aravind Eye Hospital),train_images/69df7ade0575.png,2,Grade 2: Moderate NPDR,test,36887ebf285ac940d3d0ba91786a803ce937ca31817a8fd39bb1f23caf1a32e8
a3b2e93d058b,APTOS-P0869,APTOS 2019 (Aravind Eye Hospital),train_images/a3b2e93d058b.png,2,Grade 2: Moderate NPDR,train,0424e8896969c4cc9bab95614fe734b9015e1d0648ab363fa722e4647d8f0ac3
7cc4b7aabe04,APTOS-P1726,APTOS 2019 (Aravind Eye Hospital),train_images/7cc4b7aabe04.png,4,Grade 4: Proliferative DR,train,173e14edba3a6761f304ce57be453566da73f2b69b113f9ddd927bad07419837
63b4d030b016,APTOS-P1394,APTOS 2019 (Aravind Eye Hospital),train_images/63b4d030b016.png,4,Grade 4: Proliferative DR,test,8857ec64929fd9cfbb94dd41fe17f6e23bf27843403d74e239958f287076651d
e47770a2e5d1,APTOS-P3163,APTOS 2019 (Aravind Eye Hospital),train_images/e47770a2e5d1.png,0,Grade 0: No Apparent DR,train,10ed2c46ae56d92e5b22cc4510f86e0fb12670737a00f6a26f508cafece2506e
b1c6f0997e27,APTOS-P2491,APTOS 2019 (Aravind Eye Hospital),train_images/b1c6f0997e27.png,0,Grade 0: No Apparent DR,train,a5e22a3abbbfe590c22fa2cc2ac51201a8d7f92d93697a24b55b2fe0beef7839
e821c1b6417a,APTOS-P3216,APTOS 2019 (Aravind Eye Hospital),train_images/e821c1b6417a.png,4,Grade 4: Proliferative DR,train,06ef689ac166c4255024c6bfc8e0225515740743eecd487aac4c062b37b05a5d
eb32a815f78c,APTOS-P3261,APTOS 2019 (Aravind Eye Hospital),train_images/eb32a815f78c.png,2,Grade 2: Moderate NPDR,train,7f89ee7b9df4dcf0699eb5d1fdec299ff90aab96b5526d48aa1205df727afa09
c01eae4b4939,APTOS-P2692,APTOS 2019 (Aravind Eye Hospital),train_images/c01eae4b4939.png,4,Grade 4: Proliferative DR,train,d7e24e45f908d38fbde5d23fdd267f875458eafa43415e56e209dfe92f3aef40
4fef9ed8a4c5,APTOS-P1116,APTOS 2019 (Aravind Eye Hospital),train_images/4fef9ed8a4c5.png,3,Grade 3: Severe NPDR,train,55779e64a5ddbb54fd0f34c2bcb45842689ecc0b43f8cf14001cb9d2eb5aadc4
22a6da005395,APTOS-P0485,APTOS 2019 (Aravind Eye Hospital),train_images/22a6da005395.png,1,Grade 1: Mild NPDR,train,d010f02e28f2ab56086650d12c7b7014db2f7be075cb59059a626f2baa6e7f78
87774aafe068,APTOS-P1879,APTOS 2019 (Aravind Eye Hospital),train_images/87774aafe068.png,4,Grade 4: Proliferative DR,train,dbee0df41d2377c51ec41fef0d8e0c024d5b12fd2113dcdff541d66976bef897
4478b870e549,APTOS-P0937,APTOS 2019 (Aravind Eye Hospital),train_images/4478b870e549.png,2,Grade 2: Moderate NPDR,train,8dd9f6460d6ca381de55a99501fd824bdc95e742b3480044f34add71ec952912
684dd88a0d49,APTOS-P1460,APTOS 2019 (Aravind Eye Hospital),train_images/684dd88a0d49.png,0,Grade 0: No Apparent DR,train,8d9257468ecf663d9620063b757677a2b494cb1bdbdd0caecacc6edc86da466a
9858cc2ae073,APTOS-P2105,APTOS 2019 (Aravind Eye Hospital),train_images/9858cc2ae073.png,0,Grade 0: No Apparent DR,train,0b32e42e90751866ef59cba2ae9c8fbfb37a36613fc21a43bb630187e2c798b3
a01024054596,APTOS-P2207,APTOS 2019 (Aravind Eye Hospital),train_images/a01024054596.png,1,Grade 1: Mild NPDR,val,b16a2906e6161d8a124e3e38d7a0a493a40ab8245de7c5cf67adcec571db75c4
d88c4843aec3,APTOS-P3005,APTOS 2019 (Aravind Eye Hospital),train_images/d88c4843aec3.png,0,Grade 0: No Apparent DR,train,2bfe2d8203cd955a3b371f6d07abcca70cb4f1407e6dade3732ed3f0f4045d0a
f91cfa82b9d4,APTOS-P3431,APTOS 2019 (Aravind Eye Hospital),train_images/f91cfa82b9d4.png,0,Grade 0: No Apparent DR,train,46dfa49f63d2c206be215917f4511efee9f754dc557ef6ea15b52124e8b5d5d5
415f2d2bd2a1,APTOS-P0282,APTOS 2019 (Aravind Eye Hospital),train_images/415f2d2bd2a1.png,0,Grade 0: No Apparent DR,train,96418014788087eecf6f519c7661200ab6028f3cf13a77e4a29128165b3d0623
0e82bcacc475,APTOS-P0197,APTOS 2019 (Aravind Eye Hospital),train_images/0e82bcacc475.png,4,Grade 4: Proliferative DR,train,e2ce55895922061d0d829d5d067c6176633afeb2aa2b9c0c93316a56575785ef
a04fb36db784,APTOS-P2213,APTOS 2019 (Aravind Eye Hospital),train_images/a04fb36db784.png,2,Grade 2: Moderate NPDR,test,762196a6a7129d7488f8dea3fab63a1864ea6fead2846d37a519f53800c69830
232549883508,APTOS-P0490,APTOS 2019 (Aravind Eye Hospital),train_images/232549883508.png,2,Grade 2: Moderate NPDR,val,27f6e21625bd31f2b2b4317bbaa53ae792a030f65ef8cb6d2c55e5852730ce3f
5de4615a5161,APTOS-P1326,APTOS 2019 (Aravind Eye Hospital),train_images/5de4615a5161.png,0,Grade 0: No Apparent DR,train,4ab9a27233e38f898373a45d59c7ab7bec3462c19f7a1ce0ab707dadf6c710f0
4689b739d240,APTOS-P0968,APTOS 2019 (Aravind Eye Hospital),train_images/4689b739d240.png,4,Grade 4: Proliferative DR,train,9fd9c2c05f448ccda46e99cfe7134348886f373ff1fc6100dd09c4d52845a744
e0d229db881a,APTOS-P3109,APTOS 2019 (Aravind Eye Hospital),train_images/e0d229db881a.png,0,Grade 0: No Apparent DR,train,9e399d10fa4b84c30115b08540b03694bfcbd9fb40a21b87f9ff6d2125c1f95b
cb2201c226d6,APTOS-P2826,APTOS 2019 (Aravind Eye Hospital),train_images/cb2201c226d6.png,0,Grade 0: No Apparent DR,train,0eb7acd25212dfbbbe888ebdb28e921562809cdc9dbbbbeb0c436e8f47a739c8
f18abfa690ab,APTOS-P3335,APTOS 2019 (Aravind Eye Hospital),train_images/f18abfa690ab.png,2,Grade 2: Moderate NPDR,test,d0cbbb28b2ac80b3ccc5497e1b6f7f8f9e04853eba487ff9aba135d669dbeb5f
f066db7a2efe,APTOS-P0554,APTOS 2019 (Aravind Eye Hospital),train_images/f066db7a2efe.png,0,Grade 0: No Apparent DR,train,81e58ecec6febe2ad2bf496ca4635098de7c2ae631182c06206bfe1eb94e571d
e1900014dabf,APTOS-P3121,APTOS 2019 (Aravind Eye Hospital),train_images/e1900014dabf.png,3,Grade 3: Severe NPDR,train,5d4ba20f6a26943822607441740ebba25599f935d4254e643cbc575daa58d11d
0cb6b898389f,APTOS-P0170,APTOS 2019 (Aravind Eye Hospital),train_images/0cb6b898389f.png,0,Grade 0: No Apparent DR,val,40942af19be3869cd66c21c3dd6e04e7ef73b45cdd2be518f998e14906047137
8a8a251770cd,APTOS-P1922,APTOS 2019 (Aravind Eye Hospital),train_images/8a8a251770cd.png,0,Grade 0: No Apparent DR,val,88fd2b6e9778db6e71dfd294c85ddf20efa600cbd78c756a26b3fb1d9ccebfe5
4926dea289f8,APTOS-P0996,APTOS 2019 (Aravind Eye Hospital),train_images/4926dea289f8.png,0,Grade 0: No Apparent DR,train,b4abcba8d2f5b60b4768ad771d813e9522f285d76a08d2bb5cd4dabae790733f
abf09c44d5f4,APTOS-P2402,APTOS 2019 (Aravind Eye Hospital),train_images/abf09c44d5f4.png,2,Grade 2: Moderate NPDR,train,e904db5c832f0a0a318e266bc47f0464473325f71257e4bd78f766d8e59652d4
fdbc252813b1,APTOS-P3479,APTOS 2019 (Aravind Eye Hospital),train_images/fdbc252813b1.png,0,Grade 0: No Apparent DR,train,e8881548574c2228a84c9767202906f65ea99cef2e0c729f152dc9ae4ee8e5c3
1269ab57c2e6,APTOS-P0246,APTOS 2019 (Aravind Eye Hospital),train_images/1269ab57c2e6.png,2,Grade 2: Moderate NPDR,train,35d8f27c385d094e135c7af8ef887589ce6572018a85ef45d087b71b50684a6a
760b6f4c6d82,APTOS-P1634,APTOS 2019 (Aravind Eye Hospital),train_images/760b6f4c6d82.png,2,Grade 2: Moderate NPDR,train,2077f7984ad8d6d55882c6967199ae98635a33c8a4b54773648187013e249d5b
a2dff8dbc9f8,APTOS-P2260,APTOS 2019 (Aravind Eye Hospital),train_images/a2dff8dbc9f8.png,0,Grade 0: No Apparent DR,train,695599770326cb0856e7cb828bf7d46c0e86a5f557b647d3d65bd18918360ef7
9eaac43744f5,APTOS-P2191,APTOS 2019 (Aravind Eye Hospital),train_images/9eaac43744f5.png,2,Grade 2: Moderate NPDR,train,e7d09fa4aad43deb327074ce273cf82a9e88935ff0a3ee44559dd8e6db9c813c
b9127e38d9b9,APTOS-P2590,APTOS 2019 (Aravind Eye Hospital),train_images/b9127e38d9b9.png,2,Grade 2: Moderate NPDR,train,8d3aede14c0b9d61731e9eaa843f7f783847bf6a42fad4353c835e7cb5b05e85
002c21358ce6,APTOS-P0004,APTOS 2019 (Aravind Eye Hospital),train_images/002c21358ce6.png,0,Grade 0: No Apparent DR,train,e8d2702808b755f9db84bd230943f77626abbd0cf4b4ddb4793b79f1bde6c1d2
ac1667fac512,APTOS-P2405,APTOS 2019 (Aravind Eye Hospital),train_images/ac1667fac512.png,0,Grade 0: No Apparent DR,val,5583c625d3d51a9fe8fc7be838b9a7d63aac7541db5fc600e898329481df7d54
e13412678eff,APTOS-P3114,APTOS 2019 (Aravind Eye Hospital),train_images/e13412678eff.png,3,Grade 3: Severe NPDR,train,fa395ea61cc0f45b3b7a14c350a0b5dd9f8d9a8dacfd43fe6b776c0744d232cc
94ef1d14597f,APTOS-P2062,APTOS 2019 (Aravind Eye Hospital),train_images/94ef1d14597f.png,4,Grade 4: Proliferative DR,test,59bd672105be0ade49420f8ca52fdc461a55b6fee3aca13209febc196bed6e7e
4dc2211a1c31,APTOS-P1077,APTOS 2019 (Aravind Eye Hospital),train_images/4dc2211a1c31.png,4,Grade 4: Proliferative DR,train,b9459b4837d519f4073855a111ca7f0dc04ba03b31433482a824a673abdeefa7
4d47300e3ddb,APTOS-P1072,APTOS 2019 (Aravind Eye Hospital),train_images/4d47300e3ddb.png,3,Grade 3: Severe NPDR,train,c2ef543df2d5ebff0473a335f2a906388465e4e2ecf7d46512d7e92290a8886d
0dc8d25b3f69,APTOS-P0190,APTOS 2019 (Aravind Eye Hospital),train_images/0dc8d25b3f69.png,3,Grade 3: Severe NPDR,train,56a41f885ef5220dd2aea4aa7a1e0b15be74453c82ae180366daf767e410f52a
b91ef82e723a,APTOS-P0646,APTOS 2019 (Aravind Eye Hospital),train_images/b91ef82e723a.png,2,Grade 2: Moderate NPDR,val,237453dd34dbf841ba9ca1f8a0b8d099498c23e3ce8f68981b5ab07b1491afcc
d8da9de62743,APTOS-P3007,APTOS 2019 (Aravind Eye Hospital),train_images/d8da9de62743.png,0,Grade 0: No Apparent DR,train,8235a4de6e5316de410ba65e96b333b5c6bd04adb6616815165308c97aee23f8
daad7b617f21,APTOS-P3040,APTOS 2019 (Aravind Eye Hospital),train_images/daad7b617f21.png,0,Grade 0: No Apparent DR,train,0604251a06d50d6e9e806416244937279a712e9fd4658963b46e6cf3e89f9c4a
4c389d033cb0,APTOS-P1046,APTOS 2019 (Aravind Eye Hospital),train_images/4c389d033cb0.png,0,Grade 0: No Apparent DR,train,6ba6d37d5fb0e5c6ef7a8a7ce99c3ea74d71412738d9c0bd2305418ee3efe6eb
e0b5a982a018,APTOS-P3108,APTOS 2019 (Aravind Eye Hospital),train_images/e0b5a982a018.png,3,Grade 3: Severe NPDR,train,561e5347ac769a9eade578a0eb027093e4dc70b93bfe8218dd0095404fb1aa16
7d261f986bef,APTOS-P1734,APTOS 2019 (Aravind Eye Hospital),train_images/7d261f986bef.png,2,Grade 2: Moderate NPDR,train,8394dfb6e1019d524f5f204733fc26cc743d430da86b1d0f982e738a647e1985
ef81cd8854cb,APTOS-P3312,APTOS 2019 (Aravind Eye Hospital),train_images/ef81cd8854cb.png,0,Grade 0: No Apparent DR,train,2ae86ccf1b2173d60c5911ac7e4edae4553621a0274f40eda38fb356ec7e7919
71c22da3d6c6,APTOS-P1580,APTOS 2019 (Aravind Eye Hospital),train_images/71c22da3d6c6.png,0,Grade 0: No Apparent DR,train,35523741fc4d6a0a90ecacb870ee5a0c969faa462260432f9357a1eb9e3d376e
24f3e70f0419,APTOS-P0514,APTOS 2019 (Aravind Eye Hospital),train_images/24f3e70f0419.png,0,Grade 0: No Apparent DR,train,d86ce372daf5f029053df9f6a0d279a7e499206bf2740a292e0e72daf78a45cb
289a47dcbb82,APTOS-P0570,APTOS 2019 (Aravind Eye Hospital),train_images/289a47dcbb82.png,0,Grade 0: No Apparent DR,val,e99498330f65af77c7608d690a21824a968f167d5036b8bd7e6141fe380bc381
6e73acb2cf60,APTOS-P1547,APTOS 2019 (Aravind Eye Hospital),train_images/6e73acb2cf60.png,4,Grade 4: Proliferative DR,val,b8094016e8d492692d76b2f2658b6358c9fa038ff84ca0c5c05a81d90b351b8e
3132556f5352,APTOS-P0683,APTOS 2019 (Aravind Eye Hospital),train_images/3132556f5352.png,0,Grade 0: No Apparent DR,test,ca84df0fcf60d8ea3a1980cb55a3479a84ef6ddb6efa5d474c172b5f599e8547
b22cc1bf0b8a,APTOS-P2496,APTOS 2019 (Aravind Eye Hospital),train_images/b22cc1bf0b8a.png,0,Grade 0: No Apparent DR,test,a215f675dcd48b85f34de2e8c21cf8b75ac74571fc1c8143aaec9e054b19e059
904b03ad5594,APTOS-P2002,APTOS 2019 (Aravind Eye Hospital),train_images/904b03ad5594.png,0,Grade 0: No Apparent DR,train,b75d32fcc838d50bc23c767b7834fab150806c0bae8eac868a35e484985061ab
d29096bd94aa,APTOS-P2924,APTOS 2019 (Aravind Eye Hospital),train_images/d29096bd94aa.png,2,Grade 2: Moderate NPDR,train,22c247dc2f071ffbac6cd5a9467e2204dcc521c634fcb9c369b62bf3a6ced248
e322acd46152,APTOS-P3146,APTOS 2019 (Aravind Eye Hospital),train_images/e322acd46152.png,0,Grade 0: No Apparent DR,train,b9af67559718b2f26f90f2d62c03d1b69b964d5d58c0463ce883d0e0c397c2d2
5e7cc6ab4ac4,APTOS-P1332,APTOS 2019 (Aravind Eye Hospital),train_images/5e7cc6ab4ac4.png,2,Grade 2: Moderate NPDR,train,cb264911db18968c230c4e6e5b377d2605e0871f8ce2aec6fde2efa6f351f81e
750e0168399d,APTOS-P1617,APTOS 2019 (Aravind Eye Hospital),train_images/750e0168399d.png,0,Grade 0: No Apparent DR,train,b37534b3be92a1e94ce3878d8917f026169912cfc43c18e2961950a886cefedc
3730c322d35b,APTOS-P0760,APTOS 2019 (Aravind Eye Hospital),train_images/3730c322d35b.png,0,Grade 0: No Apparent DR,train,ac59a4eda0316d567a44e24cc57787714e791b0f309a88b57f5bfab16dc37472
691eeb59b4cb,APTOS-P1467,APTOS 2019 (Aravind Eye Hospital),train_images/691eeb59b4cb.png,0,Grade 0: No Apparent DR,train,4b1f843ff2ee3e0351f0941338eaa0e5a4204056a7ba24c55c30369e0ed6b597
e1dc02a3dc2a,APTOS-P3126,APTOS 2019 (Aravind Eye Hospital),train_images/e1dc02a3dc2a.png,0,Grade 0: No Apparent DR,train,1ae31013564be27481afb2a639eba610ca10f45ed7d707c931ceafe571aff2af
de6210f88536,APTOS-P3077,APTOS 2019 (Aravind Eye Hospital),train_images/de6210f88536.png,0,Grade 0: No Apparent DR,train,59c84f425b10d9854fefcfabb0fd4f8674bff2f4ec4c4078d80a768874310102
9a56cfb980ec,APTOS-P2138,APTOS 2019 (Aravind Eye Hospital),train_images/9a56cfb980ec.png,0,Grade 0: No Apparent DR,train,bbca72e281247e02c4edd10fddbf37a01bf926047c55c599a02e6d7020035e3a
10ecc5292ab1,APTOS-P0228,APTOS 2019 (Aravind Eye Hospital),train_images/10ecc5292ab1.png,2,Grade 2: Moderate NPDR,train,035976e398a629237c96dc0770586095ab33d7ab1242c499df8449fcafc35f57
4242c0d87f57,APTOS-P0897,APTOS 2019 (Aravind Eye Hospital),train_images/4242c0d87f57.png,2,Grade 2: Moderate NPDR,train,250f77a3079fdbb1459dff418000a68e22a1d4b0dad9d50a58db9fa17f0b3f16
c62cef02efa2,APTOS-P2762,APTOS 2019 (Aravind Eye Hospital),train_images/c62cef02efa2.png,0,Grade 0: No Apparent DR,val,fb29ffe249661362027954388819a940e83cc65c846c88190ec984fd41e0acb8
7be1b9aa78aa,APTOS-P1718,APTOS 2019 (Aravind Eye Hospital),train_images/7be1b9aa78aa.png,0,Grade 0: No Apparent DR,train,dd26e054f5ff47f65063b1477aa1c991931a709779f63e8bbf1d095b1677ed6b
5ca779ace6e7,APTOS-P1308,APTOS 2019 (Aravind Eye Hospital),train_images/5ca779ace6e7.png,0,Grade 0: No Apparent DR,train,724fa2535dd0fcdd45f65df4c91a43b0063bb761d71d5656db78520d73bcff80
7a0cff4c24b2,APTOS-P1689,APTOS 2019 (Aravind Eye Hospital),train_images/7a0cff4c24b2.png,2,Grade 2: Moderate NPDR,test,ff4d393f179968581801fa74f116ed59fcfde1affed23f38511af520345aeeb7
3b4a5fcbe5e0,APTOS-P0813,APTOS 2019 (Aravind Eye Hospital),train_images/3b4a5fcbe5e0.png,4,Grade 4: Proliferative DR,train,da36a3e719b5964bd957ff504095bcd0a5d7c044b7771579e4808ad996d698fc
a61723fc38c2,APTOS-P2297,APTOS 2019 (Aravind Eye Hospital),train_images/a61723fc38c2.png,0,Grade 0: No Apparent DR,val,b3f5c865158f52fcc3cefaf523e17fc5bd25ecea187474026eae5264c9c0cc4c
6b3860e8f64f,APTOS-P1489,APTOS 2019 (Aravind Eye Hospital),train_images/6b3860e8f64f.png,0,Grade 0: No Apparent DR,val,8d1fd79920cbb9644c85f3ab40682470bb17423109b5fa8c85b835791eb96665
531b39880c32,APTOS-P1180,APTOS 2019 (Aravind Eye Hospital),train_images/531b39880c32.png,1,Grade 1: Mild NPDR,test,4edab4b2921c1d0c9fc400f04da622ccd1575cc09b9212801784fd3d6e8b828e
1dbdc32c17db,APTOS-P0415,APTOS 2019 (Aravind Eye Hospital),train_images/1dbdc32c17db.png,2,Grade 2: Moderate NPDR,train,c193878d1ab4c76ab90b5bb2df727bf3c7b112f8e652a6493714422b8901a9a3
d0ffa0425ef1,APTOS-P2893,APTOS 2019 (Aravind Eye Hospital),train_images/d0ffa0425ef1.png,3,Grade 3: Severe NPDR,train,94398020026744bf6f48752f0316acff9ca026cb23c95d0d43d0179fe245c847
29b52f64d2db,APTOS-P0589,APTOS 2019 (Aravind Eye Hospital),train_images/29b52f64d2db.png,1,Grade 1: Mild NPDR,val,dd4b91fb3490382abfb7c5d6f7952997d19e6ba3cda1581b778b5d9f481bc6b2
86baef833ae0,APTOS-P1689,APTOS 2019 (Aravind Eye Hospital),train_images/86baef833ae0.png,2,Grade 2: Moderate NPDR,test,aed3b48dec0e3467392462a7e042b548356570de18936defb1f2c41da59dea2e
43e9c66eb0f3,APTOS-P0925,APTOS 2019 (Aravind Eye Hospital),train_images/43e9c66eb0f3.png,0,Grade 0: No Apparent DR,train,fec00392649591f85b105538e6bca762e48c8c17b51d52ef8dc1cd95dc234469
b13d72ceea26,APTOS-P2486,APTOS 2019 (Aravind Eye Hospital),train_images/b13d72ceea26.png,2,Grade 2: Moderate NPDR,train,a1b1a640771bc7f27812529702659b1b9f336fc5fdb2d6aac04e65ca9a65ca13
fd62bd0db4f1,APTOS-P3477,APTOS 2019 (Aravind Eye Hospital),train_images/fd62bd0db4f1.png,1,Grade 1: Mild NPDR,train,6cbf060acf52401533479e64ba2e64760d058fa2d2d186acf7c047b8ad318dfc
51a1d162e223,APTOS-P1146,APTOS 2019 (Aravind Eye Hospital),train_images/51a1d162e223.png,4,Grade 4: Proliferative DR,train,7bb24c77833004a5a24e1bd774ffe96b3b3c1168dfc34826823be0170d412975
03e25101e8e8,APTOS-P0051,APTOS 2019 (Aravind Eye Hospital),train_images/03e25101e8e8.png,1,Grade 1: Mild NPDR,train,afa0ef024ddb23f92e61cf9caf7f11a889a6e056f3eb04164854ff8fd1fee214
0423237770a7,APTOS-P0056,APTOS 2019 (Aravind Eye Hospital),train_images/0423237770a7.png,0,Grade 0: No Apparent DR,train,89018528ae06c26c9b0c393cd0d81d72716b1c5412e752acf8a7c60e869afb65
f7e9fa75c7c1,APTOS-P3415,APTOS 2019 (Aravind Eye Hospital),train_images/f7e9fa75c7c1.png,0,Grade 0: No Apparent DR,train,37da81ba6d98ea26a51fd78ad5faee55770cbae728902c9b86e4a9f0497fc823
f0c13be90519,APTOS-P3333,APTOS 2019 (Aravind Eye Hospital),train_images/f0c13be90519.png,1,Grade 1: Mild NPDR,train,cec18ede412f399dee0c66ed254186057206b79bcc2cbf153d3a3a407a3c9a50
89fc080f7e83,APTOS-P1912,APTOS 2019 (Aravind Eye Hospital),train_images/89fc080f7e83.png,2,Grade 2: Moderate NPDR,val,639a51ec989f71fcb568dbdad3ed0a1e912146fda8b35321091b6e0605ce6fcf
72606afaf3da,APTOS-P1589,APTOS 2019 (Aravind Eye Hospital),train_images/72606afaf3da.png,0,Grade 0: No Apparent DR,train,9075256df42d24187b4deb94d64dcfcac4f93b564c36768de8d4d7b0fe434021
eabf421f94d0,APTOS-P3252,APTOS 2019 (Aravind Eye Hospital),train_images/eabf421f94d0.png,0,Grade 0: No Apparent DR,val,f3c40f0920df5e62d99289423bb446a6b71870ea7dac92e74d7f78fe75bed756
66b88a4bc474,APTOS-P1439,APTOS 2019 (Aravind Eye Hospital),train_images/66b88a4bc474.png,0,Grade 0: No Apparent DR,train,d3463248c1e238c5cca42229493ababa582d4da91fe8ee4c311a6de3079cb921
de57c9e9fa93,APTOS-P3076,APTOS 2019 (Aravind Eye Hospital),train_images/de57c9e9fa93.png,0,Grade 0: No Apparent DR,train,f31a535e37511930b68c432daaca9c90b346ef07ed1fbf5c85774890b08f8752
dd285d9e97fe,APTOS-P3064,APTOS 2019 (Aravind Eye Hospital),train_images/dd285d9e97fe.png,0,Grade 0: No Apparent DR,train,13010bf6ce403b58f1f4e31b94abb544d1376aea4fd6720b1e31c25cd4bef4ea
2d552318eb07,APTOS-P0637,APTOS 2019 (Aravind Eye Hospital),train_images/2d552318eb07.png,2,Grade 2: Moderate NPDR,val,fa68491259902b056b51874d64439503285523ce7d35f0b3b9b1c0f8b573f268
936299166bea,APTOS-P2045,APTOS 2019 (Aravind Eye Hospital),train_images/936299166bea.png,0,Grade 0: No Apparent DR,test,fa6c5d7e6406cfbffd00b9f7e4508e6f43f8d4aaed56f4a6449128f640914c3a
b11dcdcbc8c8,APTOS-P2485,APTOS 2019 (Aravind Eye Hospital),train_images/b11dcdcbc8c8.png,0,Grade 0: No Apparent DR,train,3a5d8150a15efcf2189bfb8095dc6ae961fb537b5d9131b794a374b9d8d6edfc
25e9fd872182,APTOS-P0527,APTOS 2019 (Aravind Eye Hospital),train_images/25e9fd872182.png,1,Grade 1: Mild NPDR,train,10a92bdfc6c69aefdcfa963897a74ca9f17a09d5db7c3b25060ee278953a8fee
ae61e19fb766,APTOS-P2439,APTOS 2019 (Aravind Eye Hospital),train_images/ae61e19fb766.png,0,Grade 0: No Apparent DR,train,26ba38eab3a7bf15efeb9b48766f290f38f1d29edb5f403ef59a3121218189f9
4a1afe4044f4,APTOS-P1017,APTOS 2019 (Aravind Eye Hospital),train_images/4a1afe4044f4.png,0,Grade 0: No Apparent DR,train,e266472a28745b864ebc39f21d74d1368136a460ddcf9bd8949a46ada26069e2
1d0b93317aa8,APTOS-P0399,APTOS 2019 (Aravind Eye Hospital),train_images/1d0b93317aa8.png,0,Grade 0: No Apparent DR,train,43236863b062cb0bcb99e6ea65e3d2007472541b33331c503ff041ba6cc2bf29
50f5201fd18a,APTOS-P1133,APTOS 2019 (Aravind Eye Hospital),train_images/50f5201fd18a.png,0,Grade 0: No Apparent DR,val,8961e62088defa3eb499c5dd7b5de4689dcfab579d46fe2bfad6b709e599c8a1
e69b48516577,APTOS-P3198,APTOS 2019 (Aravind Eye Hospital),train_images/e69b48516577.png,0,Grade 0: No Apparent DR,train,f2b5291326ab66fdf51fd4dd6d6e8a9f95ada2e2cf3b102db91b5210bd5447bd
080f66eedfb9,APTOS-P0107,APTOS 2019 (Aravind Eye Hospital),train_images/080f66eedfb9.png,4,Grade 4: Proliferative DR,train,7f0016f2c1809e385ede39de6a202b2e456aca92c660b2f67dc00724bb45f458
84e8c62165b5,APTOS-P1845,APTOS 2019 (Aravind Eye Hospital),train_images/84e8c62165b5.png,2,Grade 2: Moderate NPDR,train,8ad98d303e4c81c0e2881d339088052e6659ce26589724b50bc3a264be991bfa
f69400b316a7,APTOS-P3400,APTOS 2019 (Aravind Eye Hospital),train_images/f69400b316a7.png,2,Grade 2: Moderate NPDR,train,3b7df1b88846faf326cafd2dd94e907c0ef63459216b76c10725c8b6073c0ff8
5e5275ddee29,APTOS-P1329,APTOS 2019 (Aravind Eye Hospital),train_images/5e5275ddee29.png,0,Grade 0: No Apparent DR,train,cca9f1cb8632e314132e39edc17a57d9ef560392ad5819196cbabe182e30bb2d
67ed8cc78b97,APTOS-P1453,APTOS 2019 (Aravind Eye Hospital),train_images/67ed8cc78b97.png,0,Grade 0: No Apparent DR,val,9da0efbcbf5ac671c91c9f9056a854f1db9cbc98ed951f7be54a49999d2f77a8
9041eb43456e,APTOS-P2001,APTOS 2019 (Aravind Eye Hospital),train_images/9041eb43456e.png,2,Grade 2: Moderate NPDR,train,713d7105b5cea8f7c140010a093e11968e973d89b403e65ed2341d5c7890ef47
a6b6d27c1b32,APTOS-P2310,APTOS 2019 (Aravind Eye Hospital),train_images/a6b6d27c1b32.png,0,Grade 0: No Apparent DR,val,74e7d2593902ac62ef89df9bdbb631f71f1146abfa9c3ecad5eea6698ae07bf9
0369f3efe69b,APTOS-P0046,APTOS 2019 (Aravind Eye Hospital),train_images/0369f3efe69b.png,1,Grade 1: Mild NPDR,train,6aa04dbbbc6edf4eb701f95b6d75a9a76ae2b369496b9b9cf9af24537d9c5b4a
8676427e4625,APTOS-P1860,APTOS 2019 (Aravind Eye Hospital),train_images/8676427e4625.png,1,Grade 1: Mild NPDR,train,efad432c56124f49b487b00a13bf650cec3068999ce79203b2d9b35290f0df29
6504b703c429,APTOS-P1410,APTOS 2019 (Aravind Eye Hospital),train_images/6504b703c429.png,0,Grade 0: No Apparent DR,train,e8eb0467dfd3ac13309004ca9aa5c19e5a72b76ba397ddd1a14e29952bd0805f
f5e9a307288c,APTOS-P3392,APTOS 2019 (Aravind Eye Hospital),train_images/f5e9a307288c.png,2,Grade 2: Moderate NPDR,train,18ff278fc936fbfc10f3a0af20ddd597b474333524c398130c309e61bdec6e84
236f56771ec6,APTOS-P0493,APTOS 2019 (Aravind Eye Hospital),train_images/236f56771ec6.png,2,Grade 2: Moderate NPDR,train,573038d94f9a1d8e00d7eced0eb4c1a7f3f4cd30b676be2e38e000030e2e2f51
e756495c11cb,APTOS-P3205,APTOS 2019 (Aravind Eye Hospital),train_images/e756495c11cb.png,2,Grade 2: Moderate NPDR,train,31424c1a9b61961586d66bf985e2644cb0456fbb019df0b05bbe6867bf61562d
8693ab1fd2be,APTOS-P1862,APTOS 2019 (Aravind Eye Hospital),train_images/8693ab1fd2be.png,0,Grade 0: No Apparent DR,train,700ce0b6670c3659cc8590671d1813da72203b6c9a1863b44863eb7b0a9684f7
8ed586c43023,APTOS-P1981,APTOS 2019 (Aravind Eye Hospital),train_images/8ed586c43023.png,0,Grade 0: No Apparent DR,train,908e3cf093fec147b3b6d0a4e0e3086b68436381f0d61683d00ffe965e3b1eba
3af9aaa880e9,APTOS-P0807,APTOS 2019 (Aravind Eye Hospital),train_images/3af9aaa880e9.png,0,Grade 0: No Apparent DR,train,f21f50d24eb5e464bcca6f6434d5a50a3424e34e7eda2c8c0f1606dfa6d97e0b
d16398c971e9,APTOS-P2899,APTOS 2019 (Aravind Eye Hospital),train_images/d16398c971e9.png,3,Grade 3: Severe NPDR,train,32dc047f8df2fb6f8d0626cb43211f1272332ba277f1c050ade93b0717dc61e3
f09cfc6a4dbd,APTOS-P3329,APTOS 2019 (Aravind Eye Hospital),train_images/f09cfc6a4dbd.png,0,Grade 0: No Apparent DR,train,76e12f1fe96f166d76e5c02c0818562d6f08ce9228f65c16f7a56928835e4f93
1f3f32efaf20,APTOS-P0440,APTOS 2019 (Aravind Eye Hospital),train_images/1f3f32efaf20.png,0,Grade 0: No Apparent DR,train,1a11965d4dc274d37ed9f3f02d9cb2730749118c59299a0ed0dc7adc4447602e
8201cab8322d,APTOS-P1802,APTOS 2019 (Aravind Eye Hospital),train_images/8201cab8322d.png,3,Grade 3: Severe NPDR,train,27baa77a76e9f7e3b7e167dee82ed7a4e53745caa0267b07ea6eef7c142d8049
b0f0fa677d5f,APTOS-P2482,APTOS 2019 (Aravind Eye Hospital),train_images/b0f0fa677d5f.png,0,Grade 0: No Apparent DR,train,c3a866b5c7470a732ab526ee0ceb99620bb4a1c0fb745e1f1e13e5c0e4264a53
49386d603494,APTOS-P0998,APTOS 2019 (Aravind Eye Hospital),train_images/49386d603494.png,1,Grade 1: Mild NPDR,train,8ecff8a6c6922a5e5153ad85d5b5f675bcab115cd3588fa21c81215a5abca9a2
a1b12fdce6c3,APTOS-P1333,APTOS 2019 (Aravind Eye Hospital),train_images/a1b12fdce6c3.png,2,Grade 2: Moderate NPDR,train,662b630c8c2249449f62286706382b13203d7af5210506363f8c8670a209ccf9
ceb32a193eff,APTOS-P2872,APTOS 2019 (Aravind Eye Hospital),train_images/ceb32a193eff.png,0,Grade 0: No Apparent DR,val,25637338b62618cc76ce160ab14348daac40a1085cd518e056b49e742695b4ac
9568eb7e9c08,APTOS-P2066,APTOS 2019 (Aravind Eye Hospital),train_images/9568eb7e9c08.png,2,Grade 2: Moderate NPDR,train,961a69b5a2bb4a904c904f95fca15b948d297192cd458a1c3b4602c13fb237dd
1d3e9b939732,APTOS-P0405,APTOS 2019 (Aravind Eye Hospital),train_images/1d3e9b939732.png,0,Grade 0: No Apparent DR,test,2ee6be0bba84dcddd7249e8b8b0b27cc6cbe387e771fb7825fa82eb53a5adf4a
82bb8a01935f,APTOS-P1809,APTOS 2019 (Aravind Eye Hospital),train_images/82bb8a01935f.png,4,Grade 4: Proliferative DR,train,b301f33ecf01e040a94e2ef42f2b35cbb566fb92423c44f0ebe3e75fd38bf095
291f581d365e,APTOS-P0579,APTOS 2019 (Aravind Eye Hospital),train_images/291f581d365e.png,0,Grade 0: No Apparent DR,train,4ef910c278bdb9ff76c1699b73c2d686956ac0cf8536de67694a34c41bbe4679
7eeb191ad06b,APTOS-P1758,APTOS 2019 (Aravind Eye Hospital),train_images/7eeb191ad06b.png,0,Grade 0: No Apparent DR,train,37b55cfef664a1743058a233a8f89cb87a75c2d1427b3bdb55d6077c063b26c9
75c180e04f65,APTOS-P1631,APTOS 2019 (Aravind Eye Hospital),train_images/75c180e04f65.png,0,Grade 0: No Apparent DR,test,a34a85505061f4b03f960a79bf9fbbf7cdff982fac45e8a9793042ea09ab7faf
8906c9ed54a2,APTOS-P1899,APTOS 2019 (Aravind Eye Hospital),train_images/8906c9ed54a2.png,0,Grade 0: No Apparent DR,train,9437a60a6ffd82295c03ded0b42d056e4b40f4c51f596fabe505f982e79f46fa
87b671c6d4c5,APTOS-P1885,APTOS 2019 (Aravind Eye Hospital),train_images/87b671c6d4c5.png,0,Grade 0: No Apparent DR,train,03199adc5bb03be7c0539d8f2f1dc6160594119e544ac173384c6b91d428df22
e47452069ea1,APTOS-P3162,APTOS 2019 (Aravind Eye Hospital),train_images/e47452069ea1.png,0,Grade 0: No Apparent DR,train,8182618b1df2e5726074ea2bcf6e1642075e861a71b7be3fa442afce96737099
c261b1aaa828,APTOS-P2715,APTOS 2019 (Aravind Eye Hospital),train_images/c261b1aaa828.png,2,Grade 2: Moderate NPDR,train,7b37a651a23b039319303c76b78438ae5d1177078c829aa2477de0f14554d4ef
d7ab5c040294,APTOS-P2983,APTOS 2019 (Aravind Eye Hospital),train_images/d7ab5c040294.png,0,Grade 0: No Apparent DR,train,38b9506e182d8281b0906f318899ee065cfb07acb6d21c1211cfa74ce74dc60c
876deb29f000,APTOS-P1877,APTOS 2019 (Aravind Eye Hospital),train_images/876deb29f000.png,0,Grade 0: No Apparent DR,val,75551f3e8aae2f1fd291da1fbad94235bf1e2a3bf9b7b4cdc8160ce44c9331d4
da8900ac7f29,APTOS-P3035,APTOS 2019 (Aravind Eye Hospital),train_images/da8900ac7f29.png,2,Grade 2: Moderate NPDR,train,c14bc31d7da83f67e1c6d74968c4b1f2c31419df20e29eebe902a2dd92030408
38055d8b9f08,APTOS-P0769,APTOS 2019 (Aravind Eye Hospital),train_images/38055d8b9f08.png,3,Grade 3: Severe NPDR,train,d1fd5220188b4fcd8dfc934bf48ceaf25ff47e3971443843c96b1c796d477d60
f2ee81781411,APTOS-P3347,APTOS 2019 (Aravind Eye Hospital),train_images/f2ee81781411.png,2,Grade 2: Moderate NPDR,train,006c92accc3b1136b25aafde3272031e0f6545dfd74c9a2862c6196ec540da96
ee3fe7809e6a,APTOS-P3293,APTOS 2019 (Aravind Eye Hospital),train_images/ee3fe7809e6a.png,0,Grade 0: No Apparent DR,test,9770a3ade997530ee8ec2b71282a520de65c57725ae37432476ffc2654a6e8c4
0a09aa7356c0,APTOS-P0135,APTOS 2019 (Aravind Eye Hospital),train_images/0a09aa7356c0.png,2,Grade 2: Moderate NPDR,train,610ae740a580204ab35ead738bbdd7988026798746d9f6dc82b367be3eeeff39
c6916bc42016,APTOS-P2766,APTOS 2019 (Aravind Eye Hospital),train_images/c6916bc42016.png,0,Grade 0: No Apparent DR,val,1fa1aaa73a293236c3b7fb5653d7aa1125d8c8d43d367afc897678e669e32bbb
b72f59b85f7c,APTOS-P2559,APTOS 2019 (Aravind Eye Hospital),train_images/b72f59b85f7c.png,0,Grade 0: No Apparent DR,train,85ffaa656bb8cff9b355aafd18e2c2ddeb82a3826d26b759be125958d72a19ac
2a2274bcb00a,APTOS-P0596,APTOS 2019 (Aravind Eye Hospital),train_images/2a2274bcb00a.png,0,Grade 0: No Apparent DR,train,c7911340d8d3b06377e67f7639e7e7ab04ad11c7f0d3c8bbcdf0ac651ee9ad7f
a3fcf42ff56d,APTOS-P2275,APTOS 2019 (Aravind Eye Hospital),train_images/a3fcf42ff56d.png,4,Grade 4: Proliferative DR,train,d6576a0ec98e55938c1c90d226aacd3281298772e0f21e76c68e396aabfbd399
683023cda6a5,APTOS-P1458,APTOS 2019 (Aravind Eye Hospital),train_images/683023cda6a5.png,0,Grade 0: No Apparent DR,train,5c4650196215b2b82a5f72d3924d807eabf831a80f0cffc895f2ba8a85809559
9904939ab83d,APTOS-P2114,APTOS 2019 (Aravind Eye Hospital),train_images/9904939ab83d.png,2,Grade 2: Moderate NPDR,train,70591852c4d7cdb31234f6554da5a618df6d940daed16d55830b3b4e6b1dceb0
ca30a97e9d13,APTOS-P2809,APTOS 2019 (Aravind Eye Hospital),train_images/ca30a97e9d13.png,1,Grade 1: Mild NPDR,train,db85cba75d1de411e97d627dd0f45d4dd34fb351daf8ff340bdf98468e3ed421
224c14366e11,APTOS-P0482,APTOS 2019 (Aravind Eye Hospital),train_images/224c14366e11.png,0,Grade 0: No Apparent DR,train,85ba65f39b95c4cee6d3d3c082b9300013f051c300caf5e4c566a043ea9ec0ac
4a3da369b227,APTOS-P1019,APTOS 2019 (Aravind Eye Hospital),train_images/4a3da369b227.png,4,Grade 4: Proliferative DR,train,0beff5b94338f26356654adaa6c2f1ce5332fb2a8937b57af491ee6581d1a20e
4e7694eebb91,APTOS-P1092,APTOS 2019 (Aravind Eye Hospital),train_images/4e7694eebb91.png,2,Grade 2: Moderate NPDR,train,4b7d0107966316671a38160ea673918dae51651a8a060859e1a392e1cc86ee35
72d98188648f,APTOS-P1595,APTOS 2019 (Aravind Eye Hospital),train_images/72d98188648f.png,4,Grade 4: Proliferative DR,train,873ae1ee96a8fa8d9e42eb0635fbae907cd8923ba7a6acad5ec076f9df78acf6
7569ac24762e,APTOS-P1624,APTOS 2019 (Aravind Eye Hospital),train_images/7569ac24762e.png,0,Grade 0: No Apparent DR,train,a7161221806606c7c71ae18f005fd826bdcc8d657ac2b814f8e3a4b48863c035
441117562359,APTOS-P0930,APTOS 2019 (Aravind Eye Hospital),train_images/441117562359.png,2,Grade 2: Moderate NPDR,train,346d6db1fe218365c0fc7de4699321b7705d2d093587e47e104dfafefd65cf24
c80b0f27541a,APTOS-P2785,APTOS 2019 (Aravind Eye Hospital),train_images/c80b0f27541a.png,0,Grade 0: No Apparent DR,train,1e986acc62caa5a78a75a33dd216626c67a372ff3f985f0f693e59144984e501
f7edc074f06b,APTOS-P1115,APTOS 2019 (Aravind Eye Hospital),train_images/f7edc074f06b.png,2,Grade 2: Moderate NPDR,train,5d032f0383f72de11dd871d2ca166c0f3862a3aa5ce6e949d9617b76a4928f2f
3ffa14d60b24,APTOS-P0871,APTOS 2019 (Aravind Eye Hospital),train_images/3ffa14d60b24.png,2,Grade 2: Moderate NPDR,train,60f5c422cf266512006343d1daccb5e0787cd0d82e3a2551407aa94a95c347fc
537e50fdf22e,APTOS-P1188,APTOS 2019 (Aravind Eye Hospital),train_images/537e50fdf22e.png,3,Grade 3: Severe NPDR,train,fdd3ce25131695a98b8b454734607ea025607f7cf662bf65f0c4cffdcde678cd
6b91e99c9408,APTOS-P1494,APTOS 2019 (Aravind Eye Hospital),train_images/6b91e99c9408.png,0,Grade 0: No Apparent DR,train,1081ca869c7d5f41569fc94575ac4ad9641e12421232b5b97886c696da0ca6f3
fa0c87bd75ce,APTOS-P3439,APTOS 2019 (Aravind Eye Hospital),train_images/fa0c87bd75ce.png,0,Grade 0: No Apparent DR,train,31bf7911c864a6fd661cda09e31f8548c834d351a4e582b4c23637b99f4b2765
e019b3e0f33d,APTOS-P3096,APTOS 2019 (Aravind Eye Hospital),train_images/e019b3e0f33d.png,4,Grade 4: Proliferative DR,train,125b4a35ee0a4d4a62147fc083691489b0d9f8f5f21273084af842f3496ac681
2c2aa057afc5,APTOS-P0258,APTOS 2019 (Aravind Eye Hospital),train_images/2c2aa057afc5.png,2,Grade 2: Moderate NPDR,train,b74331fce9e2bfc8e108f4b5ae3a74358f0c6aac150f808ce74fbc039e248838
7455e2b5fc57,APTOS-P1614,APTOS 2019 (Aravind Eye Hospital),train_images/7455e2b5fc57.png,2,Grade 2: Moderate NPDR,train,69d3394a623c0287064f53119ac4ce09e2bf51c92457be69d5be74117cfb4c7d
d5b4705ac2ee,APTOS-P2961,APTOS 2019 (Aravind Eye Hospital),train_images/d5b4705ac2ee.png,1,Grade 1: Mild NPDR,train,ef39e59a894b3dc7e3d89eeace5b37e72de3f9e22212aa00acafd0c730430df8
8433a032b96c,APTOS-P1834,APTOS 2019 (Aravind Eye Hospital),train_images/8433a032b96c.png,0,Grade 0: No Apparent DR,train,41a99cc841c3ddbcb9ec006ef5f72aa55ca9e344f1099b83f70c4a0146ee92f0
4d1cf360b2d7,APTOS-P1068,APTOS 2019 (Aravind Eye Hospital),train_images/4d1cf360b2d7.png,2,Grade 2: Moderate NPDR,train,2f3c562a3800a8ca87e228bda206a12d818e9c591a26ce84d2e98a85e31f2035
eadc57064154,APTOS-P1507,APTOS 2019 (Aravind Eye Hospital),train_images/eadc57064154.png,4,Grade 4: Proliferative DR,train,000d3fea361a59c55ea933c48dc5be948ee3d9ee0015b1e780beeddfbddae1d2
2a7373eeb352,APTOS-P0603,APTOS 2019 (Aravind Eye Hospital),train_images/2a7373eeb352.png,0,Grade 0: No Apparent DR,val,3c57bdc96aa3e6aeed96be57bbad494fb721046d69fa1f500b469857fc4ed45a
f549294e12e1,APTOS-P3377,APTOS 2019 (Aravind Eye Hospital),train_images/f549294e12e1.png,4,Grade 4: Proliferative DR,train,acec91d34fc25c1e35d72090dd645a09443f1f717edb47ec76e1f4644c743a5a
4dd9d29eae5d,APTOS-P1083,APTOS 2019 (Aravind Eye Hospital),train_images/4dd9d29eae5d.png,1,Grade 1: Mild NPDR,train,8ac1b45969d0771a55278e5cc8b1690ef7fdcb6ba642ff71ea495d0bc9c11d93
78937523f7a8,APTOS-P1672,APTOS 2019 (Aravind Eye Hospital),train_images/78937523f7a8.png,0,Grade 0: No Apparent DR,train,3bd2d60c44afece571f6e67e8653750b18b58ffdf99833fc985589e3d3f4fe9f
ae20112e7a1e,APTOS-P2432,APTOS 2019 (Aravind Eye Hospital),train_images/ae20112e7a1e.png,0,Grade 0: No Apparent DR,test,3e0b46bc07e62e1f346bccb2bf901ea5c14a2e495524bcafc8d78fee74009088
d6283ded6aea,APTOS-P2965,APTOS 2019 (Aravind Eye Hospital),train_images/d6283ded6aea.png,2,Grade 2: Moderate NPDR,train,8a79ca64f7f9a895a565c5180e3755e52a17f2a8e8cb63fba6e22d801fbd6a1d
ca25745942b0,APTOS-P0010,APTOS 2019 (Aravind Eye Hospital),train_images/ca25745942b0.png,1,Grade 1: Mild NPDR,train,35337662850ba4d2434c100d3c63e8d42cec608a1de239cb613ce8a64016a92e
8c29a76fa08c,APTOS-P1948,APTOS 2019 (Aravind Eye Hospital),train_images/8c29a76fa08c.png,0,Grade 0: No Apparent DR,train,f6a26923c83ffd02457ec9d33f992694bce650f9d2e03ee2c1a13f4204b61e6a
0cd31078cd08,APTOS-P0172,APTOS 2019 (Aravind Eye Hospital),train_images/0cd31078cd08.png,0,Grade 0: No Apparent DR,val,e5e9f9690350e333ea0adfb12322e7e33077d89cf2cffdbd95fbfcba534fd8c1
a94da3d3b5c0,APTOS-P2354,APTOS 2019 (Aravind Eye Hospital),train_images/a94da3d3b5c0.png,0,Grade 0: No Apparent DR,val,aea9ff1304d9f91aef3df120ca9d0df05b620e2c5bf3bd0268921f4a3f7541a1
fc4c2d35c6f8,APTOS-P3461,APTOS 2019 (Aravind Eye Hospital),train_images/fc4c2d35c6f8.png,2,Grade 2: Moderate NPDR,train,65b2be97f06580213e7273867779a0d78e4b20feed41554f75a048ccfa26dbdb
898f0bc8acfa,APTOS-P1906,APTOS 2019 (Aravind Eye Hospital),train_images/898f0bc8acfa.png,0,Grade 0: No Apparent DR,train,28f455b239d05a7ea50330d61b003dd129c04844f6c48117f0c38a87d3d33c2f
e4151feb8443,APTOS-P0972,APTOS 2019 (Aravind Eye Hospital),train_images/e4151feb8443.png,2,Grade 2: Moderate NPDR,train,1456db7a66730fb75af677f8259cf7a72600bc192088e5b360ff0f8be8b12038
55eb405ec71e,APTOS-P1216,APTOS 2019 (Aravind Eye Hospital),train_images/55eb405ec71e.png,4,Grade 4: Proliferative DR,train,1a6378c54ef74ce72cf1f8ec59b75461f7e88342cc7c0c142b362f3c7311c31b
ab686895533e,APTOS-P2392,APTOS 2019 (Aravind Eye Hospital),train_images/ab686895533e.png,0,Grade 0: No Apparent DR,train,5174462dc358988983b472a929d7f9384d212f399a8e3553d29278145c8156da
8d13c46e7d75,APTOS-P1956,APTOS 2019 (Aravind Eye Hospital),train_images/8d13c46e7d75.png,0,Grade 0: No Apparent DR,val,1f317d2701860950f472dce7efb4ad5226e6adf5c98d0f609436b1e024e6dd67
3f6bccf21ce8,APTOS-P0859,APTOS 2019 (Aravind Eye Hospital),train_images/3f6bccf21ce8.png,0,Grade 0: No Apparent DR,train,a90f9f12c5a93ca992ee42cc556680ce962a62d2b83d88817ade7f2a1c49999f
d10ef306996b,APTOS-P2895,APTOS 2019 (Aravind Eye Hospital),train_images/d10ef306996b.png,4,Grade 4: Proliferative DR,train,ed34b635e452df919360434a323c5a9d2fda0c3c57d550315f9cb9d05d5026b3
423abbaa5fad,APTOS-P0896,APTOS 2019 (Aravind Eye Hospital),train_images/423abbaa5fad.png,2,Grade 2: Moderate NPDR,train,bda5261cc6e2d26e9f7c410ee68809895740aed5d3ce9808f9e80159e91e88fe
12ef75375322,APTOS-P0255,APTOS 2019 (Aravind Eye Hospital),train_images/12ef75375322.png,0,Grade 0: No Apparent DR,test,5d36acf0bc9ebe5b68a7c17b25d6a763a7ae15801ed0f502f0bedd04b6080dbf
7179f85bfd6f,APTOS-P1577,APTOS 2019 (Aravind Eye Hospital),train_images/7179f85bfd6f.png,0,Grade 0: No Apparent DR,test,683fca6d04f3c1d742515960df32d43c08c0afdf1730a6c3d51f092774adee8b
84b79243e430,APTOS-P1633,APTOS 2019 (Aravind Eye Hospital),train_images/84b79243e430.png,0,Grade 0: No Apparent DR,train,3132fdf58d6adcddfd216b7d4ec643f1637abf186dbd2431ad8be8764e871514
bac1744955c2,APTOS-P2618,APTOS 2019 (Aravind Eye Hospital),train_images/bac1744955c2.png,0,Grade 0: No Apparent DR,val,ef4d782ff2ba5e6118fb5e8aafe9491a79605e5d4cf97202935b9ff1182899ee
141735b57ec0,APTOS-P0267,APTOS 2019 (Aravind Eye Hospital),train_images/141735b57ec0.png,2,Grade 2: Moderate NPDR,test,530121834583c5bc36178b61dd4cf0dab47c69285c49e66f661636f5a37d9b95
810d3779abd9,APTOS-P1792,APTOS 2019 (Aravind Eye Hospital),train_images/810d3779abd9.png,3,Grade 3: Severe NPDR,train,1ecc677594938281dc24a160e24d2588a66ba0e5c8172cf567a68c18c9767ce9
6b66b0e86f7e,APTOS-P1491,APTOS 2019 (Aravind Eye Hospital),train_images/6b66b0e86f7e.png,0,Grade 0: No Apparent DR,test,1929a0c3d4d63775e85b87c61aeaae55d068ae868f79b9579f08394cd03184b5
7bda86d95c5b,APTOS-P1717,APTOS 2019 (Aravind Eye Hospital),train_images/7bda86d95c5b.png,2,Grade 2: Moderate NPDR,test,08e6b4f46eee8d963be71e64070a8b32545946003116ca565a4b39c015356e52
a08a0133754a,APTOS-P2221,APTOS 2019 (Aravind Eye Hospital),train_images/a08a0133754a.png,0,Grade 0: No Apparent DR,train,35f2282b96e0db20a2a625130ebf3104bd2a479456ce4bc2511402b86aeda558
6f0e5848d9ce,APTOS-P1553,APTOS 2019 (Aravind Eye Hospital),train_images/6f0e5848d9ce.png,0,Grade 0: No Apparent DR,train,b66f3c9b1da4e79c7dcb809268d02606a37abaccf77f26672c375f34514ae077
fc1b1841eadf,APTOS-P3460,APTOS 2019 (Aravind Eye Hospital),train_images/fc1b1841eadf.png,2,Grade 2: Moderate NPDR,train,34821b0613644800380c931431e82c0cc4937edf0a0413dc8bb609228e9cc044
4c5ab774a381,APTOS-P1051,APTOS 2019 (Aravind Eye Hospital),train_images/4c5ab774a381.png,0,Grade 0: No Apparent DR,train,dc0125841fff01896e5904afd514dcf574030d86bd1c6f8d01da9fab14eb7a4d
5b5b80a3edee,APTOS-P1290,APTOS 2019 (Aravind Eye Hospital),train_images/5b5b80a3edee.png,4,Grade 4: Proliferative DR,train,1bd5c9f940ba28bcc72eab5d10744bd91dcddddb0e0ed1f292f1136d5f4f0024
d85588ff2ebd,APTOS-P2996,APTOS 2019 (Aravind Eye Hospital),train_images/d85588ff2ebd.png,1,Grade 1: Mild NPDR,train,aee645c5338681e5f28d63c22439d3deab517c7aa3b68217599506eeba273875
3710ff45299c,APTOS-P0759,APTOS 2019 (Aravind Eye Hospital),train_images/3710ff45299c.png,0,Grade 0: No Apparent DR,train,a8712d758dd83f2794ea0c1e79221f09742da1e7813320caab0dd6a71151481a
aa6673241154,APTOS-P2375,APTOS 2019 (Aravind Eye Hospital),train_images/aa6673241154.png,4,Grade 4: Proliferative DR,val,f1bc691c4227c3527d4ec1778acd575d634e5d1ce8bc44db768664c3b12ec61c
79be2ff796bf,APTOS-P1685,APTOS 2019 (Aravind Eye Hospital),train_images/79be2ff796bf.png,2,Grade 2: Moderate NPDR,train,46fa915bcbedd043e425fc5c9821e3387f48038563ab471c37182ee101252904
d0b132d2c7ec,APTOS-P2891,APTOS 2019 (Aravind Eye Hospital),train_images/d0b132d2c7ec.png,4,Grade 4: Proliferative DR,train,5d2f903a9634130fe9996c250fc96ca3d2833fa1e8f018336b0caed4aaca6af8
d516f77d4516,APTOS-P2954,APTOS 2019 (Aravind Eye Hospital),train_images/d516f77d4516.png,0,Grade 0: No Apparent DR,val,ca3806bcacf809436beb93a708cd1ce759591b201746a0b1c8372771084a131f
2e79041ef722,APTOS-P0648,APTOS 2019 (Aravind Eye Hospital),train_images/2e79041ef722.png,2,Grade 2: Moderate NPDR,train,d653d3638be05b1f0060a70d074731d70d26b85086d084ea3f0d2d06f555aa20
18b06f56ab27,APTOS-P0332,APTOS 2019 (Aravind Eye Hospital),train_images/18b06f56ab27.png,1,Grade 1: Mild NPDR,train,c96b93b0106a39d7c0b413f6ed1ca51b185156ae79a46af3cb8de2ceb8394189
a00b4cb250a7,APTOS-P2206,APTOS 2019 (Aravind Eye Hospital),train_images/a00b4cb250a7.png,1,Grade 1: Mild NPDR,train,38e546ca83a3670e02ddedb82418fe8bc04d5976c6796c5c61c5bbfb45f26ff0
f8d62557ad0c,APTOS-P3425,APTOS 2019 (Aravind Eye Hospital),train_images/f8d62557ad0c.png,0,Grade 0: No Apparent DR,train,8a15960efabb7ce51cff79542375010d9e4d5ba4786c3d8a9c234048c329cdbc
80e7cc0a0649,APTOS-P1788,APTOS 2019 (Aravind Eye Hospital),train_images/80e7cc0a0649.png,3,Grade 3: Severe NPDR,train,4a92a24a24a3dcc55b407a63bad6768a8226edd045db90aeb0cfc93ddeeb63ed
518e880613de,APTOS-P1143,APTOS 2019 (Aravind Eye Hospital),train_images/518e880613de.png,4,Grade 4: Proliferative DR,train,8a79c1d84cd0702b25e3a919c135847db874178fa68c46638c604bc72889e5be
e82232a3c28b,APTOS-P3217,APTOS 2019 (Aravind Eye Hospital),train_images/e82232a3c28b.png,0,Grade 0: No Apparent DR,train,5f462df6b575524254ff11344257d1957319d3d2a40c1cd98c1c1026ca417196
55968f0e63c4,APTOS-P1214,APTOS 2019 (Aravind Eye Hospital),train_images/55968f0e63c4.png,0,Grade 0: No Apparent DR,train,f6ec0d2ea8f785a4868c24d8838bdcfc13779147596bccce506b033c2f618ba1
aa9b8f05f4bf,APTOS-P2379,APTOS 2019 (Aravind Eye Hospital),train_images/aa9b8f05f4bf.png,2,Grade 2: Moderate NPDR,test,db6a66eb71d8bb821a88395858587a2fff4228aa2cab68dfd2b2d9f64b7e96fc
e8e44b3160e3,APTOS-P3224,APTOS 2019 (Aravind Eye Hospital),train_images/e8e44b3160e3.png,0,Grade 0: No Apparent DR,val,ff51506773364e280dd6d98831d99841a7c9680398c5b7c1196d012bb4cfa7ba
e3ab63dc9a60,APTOS-P3154,APTOS 2019 (Aravind Eye Hospital),train_images/e3ab63dc9a60.png,4,Grade 4: Proliferative DR,test,d1fc370738cb4fd12535f335508484868d01f335cfea1c82da8c77507fb2d5e3
ceb601fe8dba,APTOS-P2873,APTOS 2019 (Aravind Eye Hospital),train_images/ceb601fe8dba.png,2,Grade 2: Moderate NPDR,train,d60e4dcefcefdb8d3a73afc4d9c0b8f1fcbb86cb4b6a7eef67f3dfd64d520a85
338326891d84,APTOS-P0709,APTOS 2019 (Aravind Eye Hospital),train_images/338326891d84.png,0,Grade 0: No Apparent DR,train,3ea8e29779d67559198665df79cc2f3b05a2606af7f499af1d591e1f4f9e4804
540e4973829e,APTOS-P1194,APTOS 2019 (Aravind Eye Hospital),train_images/540e4973829e.png,0,Grade 0: No Apparent DR,train,d1378f9e7c06c7f0be57d7779a17cbbdb875952c9a9730e4240172032eeacd79
7350c50667c5,APTOS-P1600,APTOS 2019 (Aravind Eye Hospital),train_images/7350c50667c5.png,2,Grade 2: Moderate NPDR,test,124f0b8873169cbe18d30257238b004459cda5b7b571517675bd61260be6e87c
976082127e2a,APTOS-P2089,APTOS 2019 (Aravind Eye Hospital),train_images/976082127e2a.png,0,Grade 0: No Apparent DR,train,b2f2ee59f1839c06113e7b0fa1ed19b9ceea270fd3c3083fce50957e746f44ae
962c0fc85e13,APTOS-P2072,APTOS 2019 (Aravind Eye Hospital),train_images/962c0fc85e13.png,0,Grade 0: No Apparent DR,train,c73158371c0e0e584a9d411b4995b2fee32ffb29088353dec99395288e85712b
76e6a9238570,APTOS-P1650,APTOS 2019 (Aravind Eye Hospital),train_images/76e6a9238570.png,2,Grade 2: Moderate NPDR,val,a076673a26f6847a8f535b61eb441ab38001448d84369e544b56414ba6657d7d
454a944eb557,APTOS-P0955,APTOS 2019 (Aravind Eye Hospital),train_images/454a944eb557.png,0,Grade 0: No Apparent DR,train,9b8c2f3cca958e5483c40e778c58cf5d3e15128df392fcf03d1afdbb825833af
5548a7961a3e,APTOS-P1212,APTOS 2019 (Aravind Eye Hospital),train_images/5548a7961a3e.png,1,Grade 1: Mild NPDR,train,14bece1b7ceb0b3a800a9737a23465db299caa8053bbc68a2b060334ddca0952
165634a6167e,APTOS-P0302,APTOS 2019 (Aravind Eye Hospital),train_images/165634a6167e.png,0,Grade 0: No Apparent DR,test,8afbcfdc70ea40e33845ca5a103258c63d6c937b0a62a85794acd80934172035
e8ddfc9709ce,APTOS-P3223,APTOS 2019 (Aravind Eye Hospital),train_images/e8ddfc9709ce.png,0,Grade 0: No Apparent DR,val,bc2075e0fccd9b98b1f8650785b131267f0bee3b0e52b8225b1c47640728ba8c
ba0107fb1bfd,APTOS-P2609,APTOS 2019 (Aravind Eye Hospital),train_images/ba0107fb1bfd.png,0,Grade 0: No Apparent DR,val,ec36771867bc62ace34cced2ee10dcaae87d9d723b248379cf1e988f34194529
2c9dfc270f1b,APTOS-P0626,APTOS 2019 (Aravind Eye Hospital),train_images/2c9dfc270f1b.png,0,Grade 0: No Apparent DR,train,429291ee4c71300e7cf1eee1ef30e58372acda98c482ca64a1d9db178aa52f36
f8f5942b690e,APTOS-P3426,APTOS 2019 (Aravind Eye Hospital),train_images/f8f5942b690e.png,0,Grade 0: No Apparent DR,train,3e619f9f07d9d3a1b84d05a69b2cfb0add025b47f9f9066ae5b795e055071e9a
daff5427c9b2,APTOS-P3043,APTOS 2019 (Aravind Eye Hospital),train_images/daff5427c9b2.png,0,Grade 0: No Apparent DR,val,8a5b21c2044909dcf89bfe4f42e1d6d41b730e3e13c99760deeaaee67f8c99e1
1414128bead0,APTOS-P0266,APTOS 2019 (Aravind Eye Hospital),train_images/1414128bead0.png,2,Grade 2: Moderate NPDR,train,b8bd1ce2dc5ea0d1122a29ad542a1f8f205ed301213243f152a125936ebafb5b
8185ce1cdcef,APTOS-P1798,APTOS 2019 (Aravind Eye Hospital),train_images/8185ce1cdcef.png,0,Grade 0: No Apparent DR,val,943705c4b61ccd3abe1bbe4f8668dcd1f5b2d4fc42c87fa63e99b5136fe1eda5
d567a1a22d33,APTOS-P0253,APTOS 2019 (Aravind Eye Hospital),train_images/d567a1a22d33.png,1,Grade 1: Mild NPDR,train,6a5879e04fdb8ae0c0e5410cbc33a33ef2adfc1c646bfdba09dcaf6c2dbda8cd
e50b0174690d,APTOS-P3172,APTOS 2019 (Aravind Eye Hospital),train_images/e50b0174690d.png,0,Grade 0: No Apparent DR,test,6e085e68e78710933a362fda615bd539c41d9160a76668860d443ffbea5ea8ea
1f31701dd61b,APTOS-P0439,APTOS 2019 (Aravind Eye Hospital),train_images/1f31701dd61b.png,0,Grade 0: No Apparent DR,train,f38b340a2dcebe2ae0978384601abd402a2aa9c016866d7b1f8a2c34dbc653b0
d1ca85af57c9,APTOS-P2910,APTOS 2019 (Aravind Eye Hospital),train_images/d1ca85af57c9.png,0,Grade 0: No Apparent DR,train,44dbbd434f6e63b46bb6214407853277dbccc72b848cc478d7721486a0ec22c4
32ed318235b8,APTOS-P0702,APTOS 2019 (Aravind Eye Hospital),train_images/32ed318235b8.png,0,Grade 0: No Apparent DR,test,d03d34877e79666f2c7c8400026e2847b7a8275d613ae84a58706fd92284937e
d26bb2ed6e71,APTOS-P2918,APTOS 2019 (Aravind Eye Hospital),train_images/d26bb2ed6e71.png,0,Grade 0: No Apparent DR,test,4dd3444c61504acc896069c5d482e5f9268e91716e3346d9802c0587d115880d
784d6d302f98,APTOS-P1668,APTOS 2019 (Aravind Eye Hospital),train_images/784d6d302f98.png,0,Grade 0: No Apparent DR,train,e6d113242fd007c765fa8c2592a6365aff9bf1a3e200b72e3eaa38ed099a2a1e
ce754234d760,APTOS-P2868,APTOS 2019 (Aravind Eye Hospital),train_images/ce754234d760.png,0,Grade 0: No Apparent DR,train,79fff5c9d4cae8a6f7ff6c9977e1d163c05b392265abdfadde81333dd92c706f
2f9b66784109,APTOS-P0664,APTOS 2019 (Aravind Eye Hospital),train_images/2f9b66784109.png,2,Grade 2: Moderate NPDR,val,2bfd038e3ab47cd3375330de5ef44d9e17cc2e880bd91fc981c0e9e9da1d34ae
29192375ab1b,APTOS-P0577,APTOS 2019 (Aravind Eye Hospital),train_images/29192375ab1b.png,0,Grade 0: No Apparent DR,train,3209d8b514d3f4eb8e4e1ba149566877ff9a6da038dc3994b0beffe6f6701311
45369821d6a3,APTOS-P0951,APTOS 2019 (Aravind Eye Hospital),train_images/45369821d6a3.png,0,Grade 0: No Apparent DR,train,e29a88fbd0c7e4af3559f7f5760552c2f5c1a5a6f85cf13bcf3fa2304f20a8c1
435d900fa7b2,APTOS-P0220,APTOS 2019 (Aravind Eye Hospital),train_images/435d900fa7b2.png,2,Grade 2: Moderate NPDR,train,b47bbee5cf29a290a29f79d70955161c6b36b76909ebb12dd52b0b2034121d5b
0a38b552372d,APTOS-P0138,APTOS 2019 (Aravind Eye Hospital),train_images/0a38b552372d.png,0,Grade 0: No Apparent DR,train,2f645bf7588d302165fc38852154a9b74204b383f4d65170ab2a54acedb494ba
aeccef0bdc26,APTOS-P2449,APTOS 2019 (Aravind Eye Hospital),train_images/aeccef0bdc26.png,0,Grade 0: No Apparent DR,val,2481e0755e2605c47a70619141380ee55f775b7b95b063a20b0974234672da39
7e77b61e1639,APTOS-P1749,APTOS 2019 (Aravind Eye Hospital),train_images/7e77b61e1639.png,0,Grade 0: No Apparent DR,train,b9934be74b0a591ace27bfe295fbe5d1f12ade26def6fcb678dba806788cef0e
05339950962e,APTOS-P0069,APTOS 2019 (Aravind Eye Hospital),train_images/05339950962e.png,0,Grade 0: No Apparent DR,train,5fb13714faaf756d0ebe3190fed036a8c14ac7d8ba6a463a6e06c3325d02a052
ed88faaa325a,APTOS-P3284,APTOS 2019 (Aravind Eye Hospital),train_images/ed88faaa325a.png,2,Grade 2: Moderate NPDR,val,fe812188acd8d0acf9916905c4df20b452a266f3d8792fccaab960f19d13eb20
a790a3b36390,APTOS-P2323,APTOS 2019 (Aravind Eye Hospital),train_images/a790a3b36390.png,2,Grade 2: Moderate NPDR,train,2e406f311462f8be25cb8706723573688ceafc968537b2ea9688a53b94f7c34c
d774692d9919,APTOS-P2980,APTOS 2019 (Aravind Eye Hospital),train_images/d774692d9919.png,0,Grade 0: No Apparent DR,train,b6f2909bf92a29c7da90af78416dca8f2e16568beb110970bdf6d1d2d29ca7e7
6d10709053ae,APTOS-P1521,APTOS 2019 (Aravind Eye Hospital),train_images/6d10709053ae.png,0,Grade 0: No Apparent DR,train,fbf2470c992018edaa21071bf63bd76cb260c674d8a8a0347f379ae5a11df7a3
f3a88d3026dc,APTOS-P3356,APTOS 2019 (Aravind Eye Hospital),train_images/f3a88d3026dc.png,2,Grade 2: Moderate NPDR,train,a540c380582ee13ea8c84937eb01227cde47451c6645f97aee080ed798b04e63
b43440c6ebe4,APTOS-P2515,APTOS 2019 (Aravind Eye Hospital),train_images/b43440c6ebe4.png,0,Grade 0: No Apparent DR,train,f63e9519c81c3c0441833afb0d2d130dfe5fed3a154782fd9e068bf1850a00d6
e4dcca36ceb4,APTOS-P3170,APTOS 2019 (Aravind Eye Hospital),train_images/e4dcca36ceb4.png,0,Grade 0: No Apparent DR,train,314505cb0ca0c7f324d6fd919bdd273f1879e75423648d3780fdb978aeb9ad64
541db13517e2,APTOS-P1195,APTOS 2019 (Aravind Eye Hospital),train_images/541db13517e2.png,2,Grade 2: Moderate NPDR,train,1490c0d4e9ed9e37b0e6da6cdbf7008788ee05ae5d6a6b17e5c316809536788a
5173d54fc214,APTOS-P1141,APTOS 2019 (Aravind Eye Hospital),train_images/5173d54fc214.png,2,Grade 2: Moderate NPDR,train,589398ff8fc796892ee0f536ff2b97b4486e5cba92db217320687511057cc42c
1ade1e949383,APTOS-P0364,APTOS 2019 (Aravind Eye Hospital),train_images/1ade1e949383.png,2,Grade 2: Moderate NPDR,train,f41238d88acf4de808ec34513856dded84d7040aebb5ab05efea5f1d29dd2354
10f6ef37fe43,APTOS-P0232,APTOS 2019 (Aravind Eye Hospital),train_images/10f6ef37fe43.png,0,Grade 0: No Apparent DR,train,557b987348e413edacff890308bf4b3e75f3379a1d194d9beb29c091545cf5a4
8871e6a26596,APTOS-P1895,APTOS 2019 (Aravind Eye Hospital),train_images/8871e6a26596.png,2,Grade 2: Moderate NPDR,train,03c541b00451ecd28ce2b2a75357effc236684446f03c48546fd647d07ac2561
4bd5d0b30198,APTOS-P1041,APTOS 2019 (Aravind Eye Hospital),train_images/4bd5d0b30198.png,0,Grade 0: No Apparent DR,train,849d5a48c18cec854f046671eaf5545d86f4891b407dcad667f55ecc559a1f45
fba493e17448,APTOS-P3456,APTOS 2019 (Aravind Eye Hospital),train_images/fba493e17448.png,2,Grade 2: Moderate NPDR,train,a5fa4e8ec35d7ffe65198eb98edf5d53657cedc3ad3b545ff66c729f6606d83e
22d843b2bbd1,APTOS-P0487,APTOS 2019 (Aravind Eye Hospital),train_images/22d843b2bbd1.png,0,Grade 0: No Apparent DR,test,7a056c3e06be4af8b5ffe7cfd8c1e22f44ca8a8a68e127e3ea885870ed578b4d
fa9bece586fc,APTOS-P3446,APTOS 2019 (Aravind Eye Hospital),train_images/fa9bece586fc.png,0,Grade 0: No Apparent DR,train,d980e9d355d508e93ce856b20a08d07fa77575c491f5aa8f7fc9091e0c44b376
2cfe8703f265,APTOS-P0633,APTOS 2019 (Aravind Eye Hospital),train_images/2cfe8703f265.png,0,Grade 0: No Apparent DR,train,7c66eb0f7c9881549e6b5bc603d1245b7db79814df428f23b8058b2884d76123
e07045d7c5f7,APTOS-P3105,APTOS 2019 (Aravind Eye Hospital),train_images/e07045d7c5f7.png,1,Grade 1: Mild NPDR,val,6549dd0ca9756c77918712e353ac43eba6fb00afb40e1dc75d5ff789d19f3206
1a19f2ef4472,APTOS-P0356,APTOS 2019 (Aravind Eye Hospital),train_images/1a19f2ef4472.png,0,Grade 0: No Apparent DR,train,9c9a85544004c971a3f8d539ac5ffc1f9c21082520656a4924545c1451a80434
1177d583c807,APTOS-P0240,APTOS 2019 (Aravind Eye Hospital),train_images/1177d583c807.png,2,Grade 2: Moderate NPDR,train,4b0866c6d1c548e9a1ea910cba7f09dc2d0bc501c5d688859bbb9a780dbffb2c
bc73ce76ec43,APTOS-P2635,APTOS 2019 (Aravind Eye Hospital),train_images/bc73ce76ec43.png,1,Grade 1: Mild NPDR,val,a7a1dce888919936aa3da9603fcdf0509ac0768c5b4d0edc9a366fca50a25656
e4e343eaae2a,APTOS-P0927,APTOS 2019 (Aravind Eye Hospital),train_images/e4e343eaae2a.png,2,Grade 2: Moderate NPDR,test,e0d13ad1c223849c47e8fd729775fa208375904298d4b1960999b6b54c02a892
8e76054f0831,APTOS-P1976,APTOS 2019 (Aravind Eye Hospital),train_images/8e76054f0831.png,0,Grade 0: No Apparent DR,val,aaa9c769551d90941b0b60c029f9af148218ccf6ed9e564a3324e7311b38519f
835b9f6e12ba,APTOS-P1819,APTOS 2019 (Aravind Eye Hospital),train_images/835b9f6e12ba.png,0,Grade 0: No Apparent DR,train,78a259903ae6a0a8668f8068909090d2ac485a9e2d38a2d317b77bb0d175dc13
cbd0870aa933,APTOS-P2836,APTOS 2019 (Aravind Eye Hospital),train_images/cbd0870aa933.png,4,Grade 4: Proliferative DR,train,88fd3b2a49828a60a4521794f4ecf67beeb291fb715884f69fdba09f95509d56
0d0b8fc9ab5c,APTOS-P0177,APTOS 2019 (Aravind Eye Hospital),train_images/0d0b8fc9ab5c.png,0,Grade 0: No Apparent DR,train,239a22c57efe6c14f7db27bb415030d1d8f4164c774e7757570f65bd42a5cd59
757572337fd0,APTOS-P1626,APTOS 2019 (Aravind Eye Hospital),train_images/757572337fd0.png,2,Grade 2: Moderate NPDR,train,abeed0efc0c557149b6293b768a83440c8957c42e5f7485217d9900074a06588
53704c80f0d8,APTOS-P1187,APTOS 2019 (Aravind Eye Hospital),train_images/53704c80f0d8.png,1,Grade 1: Mild NPDR,train,0a842b25f3b1623896a6e6632e638d055b3a90abd80a1fea1b01362b5bc60711
a9e984b57556,APTOS-P1337,APTOS 2019 (Aravind Eye Hospital),train_images/a9e984b57556.png,3,Grade 3: Severe NPDR,train,a6c1fdb78f4e616a11a00517fdea10c398624f64b7970065bbf0530ea5cb5215
e9678824215d,APTOS-P3232,APTOS 2019 (Aravind Eye Hospital),train_images/e9678824215d.png,0,Grade 0: No Apparent DR,train,42f3e169c56834eb90f71877d052511cefebd84aba50d28913ddecdaa4942220
5889a0c75cac,APTOS-P1249,APTOS 2019 (Aravind Eye Hospital),train_images/5889a0c75cac.png,0,Grade 0: No Apparent DR,train,c52535172af2287d0075da806d5059b78f79e86080e127b796c14686664c628d
cfdbaef73a8b,APTOS-P2884,APTOS 2019 (Aravind Eye Hospital),train_images/cfdbaef73a8b.png,0,Grade 0: No Apparent DR,train,ae5909da39a1b81a75bff350de671436968563ab65d6391d8227c26f18a0fb12
8a01daa423f7,APTOS-P1913,APTOS 2019 (Aravind Eye Hospital),train_images/8a01daa423f7.png,1,Grade 1: Mild NPDR,train,1b183b83069377877b6834ac387724882195db28aadb0fc4b36841de13b2f3c4
91e2c2890c9f,APTOS-P2024,APTOS 2019 (Aravind Eye Hospital),train_images/91e2c2890c9f.png,2,Grade 2: Moderate NPDR,train,18df32cc54880388b74a08bdb79fa00b6ad48b34961a502aaa195eff6ec4cb6a
8c2f0f04e1ed,APTOS-P1949,APTOS 2019 (Aravind Eye Hospital),train_images/8c2f0f04e1ed.png,1,Grade 1: Mild NPDR,train,16d34e523bf4dc799ae381b378ff0b2d873d61b304c8c4fa7845b31d40285ab6
1f5496352859,APTOS-P0444,APTOS 2019 (Aravind Eye Hospital),train_images/1f5496352859.png,0,Grade 0: No Apparent DR,val,e14c0b0cbf159ae18a7ba0286d59913c57dfbdc7bb9846bc24d2bfe40a28f2b7
b835b6e31a59,APTOS-P2577,APTOS 2019 (Aravind Eye Hospital),train_images/b835b6e31a59.png,0,Grade 0: No Apparent DR,train,11242ddd69ef0d85a34c16c389b1c9834e49c1518680bae7893b0eef277868bc
ec6f1797a25a,APTOS-P3273,APTOS 2019 (Aravind Eye Hospital),train_images/ec6f1797a25a.png,0,Grade 0: No Apparent DR,train,fa48657e848acaa4cc4b7efebd4e399446aeb973944e6805cb5b2a844a3e64a6
d871895742b1,APTOS-P3002,APTOS 2019 (Aravind Eye Hospital),train_images/d871895742b1.png,0,Grade 0: No Apparent DR,val,648279ea9ccb0819d7061652cc97c60eed3bba5faee01e2e1d42a06c90039f66
1e8a1fdee5b9,APTOS-P0429,APTOS 2019 (Aravind Eye Hospital),train_images/1e8a1fdee5b9.png,1,Grade 1: Mild NPDR,val,a6b739291df5920c5595b1c58638dc52b138c8d16d8de509f9541531c1d4b7de
c4aef0d88d1b,APTOS-P2739,APTOS 2019 (Aravind Eye Hospital),train_images/c4aef0d88d1b.png,0,Grade 0: No Apparent DR,train,431942dd3d34d4eabb878a2a6c952829c128aa8189922dd1b0dd0ea21d034e73
66393d8c60ba,APTOS-P1430,APTOS 2019 (Aravind Eye Hospital),train_images/66393d8c60ba.png,0,Grade 0: No Apparent DR,val,7bde5837053b286b254fa29ca90e285c50a107c4821f0b4736ce5fcbbf8efedb
e067b06fd655,APTOS-P3102,APTOS 2019 (Aravind Eye Hospital),train_images/e067b06fd655.png,0,Grade 0: No Apparent DR,train,4a8ed49b0957e788cd97438d6aa6d634aff71211cfe397165e77476e5ce013fc
3a122851e526,APTOS-P0796,APTOS 2019 (Aravind Eye Hospital),train_images/3a122851e526.png,2,Grade 2: Moderate NPDR,test,5c58ba9f9b85626bc497523ed07588e45749d6a8170fc08a4f99b1606cd26fc2
f02babb3a023,APTOS-P3322,APTOS 2019 (Aravind Eye Hospital),train_images/f02babb3a023.png,0,Grade 0: No Apparent DR,train,752c39a5ce6c558f2bee64fc7b874ab9829ddd10fb5aeaa513608156350fc644
b0acd3593310,APTOS-P2475,APTOS 2019 (Aravind Eye Hospital),train_images/b0acd3593310.png,0,Grade 0: No Apparent DR,test,9a393e242bd9b8e548d77cd1b37f629d21beeb1cb44cf9b6a6220d7d6a4b4400
a8a6588c8eb7,APTOS-P2343,APTOS 2019 (Aravind Eye Hospital),train_images/a8a6588c8eb7.png,0,Grade 0: No Apparent DR,train,bad50ade14b42bf122f5048861815dd1e30f00d64d29c87168492d0cbb558158
16060f05d047,APTOS-P0295,APTOS 2019 (Aravind Eye Hospital),train_images/16060f05d047.png,0,Grade 0: No Apparent DR,val,f4ec69e4300a3a5ed449a5679d8673cdfde17e6bb0e16537f942a5c12923f55f
ab7991df166b,APTOS-P2395,APTOS 2019 (Aravind Eye Hospital),train_images/ab7991df166b.png,0,Grade 0: No Apparent DR,train,58118a1e153766231c386f087bc6a62d887c543a6c4d4060f77a109ee0601a08
b927a9238434,APTOS-P2591,APTOS 2019 (Aravind Eye Hospital),train_images/b927a9238434.png,2,Grade 2: Moderate NPDR,test,a9833a5612d2357d509a2b93430ae681833779608914a1364f06c823a4db955a
2f2e1949ad56,APTOS-P0656,APTOS 2019 (Aravind Eye Hospital),train_images/2f2e1949ad56.png,1,Grade 1: Mild NPDR,test,6be6e78548cea5358031b735f2eebd6761305d16ca65c0c4b47dd9ef5b8df0d2
780f9c237c56,APTOS-P1664,APTOS 2019 (Aravind Eye Hospital),train_images/780f9c237c56.png,0,Grade 0: No Apparent DR,train,64cc7f5378eaed9594ebaa437d3849febb694ed77f86269cd22ff8c7fcc51a2f
240b25a7debe,APTOS-P0502,APTOS 2019 (Aravind Eye Hospital),train_images/240b25a7debe.png,0,Grade 0: No Apparent DR,train,1bc4c7bda8680d1215d1b0bb37828226f4af5faf07b1af291ef4967c6e14d8c9
7d48f8cdfb69,APTOS-P1737,APTOS 2019 (Aravind Eye Hospital),train_images/7d48f8cdfb69.png,0,Grade 0: No Apparent DR,val,49534657f16ffcc8046c15fa0451b1421f9411ba80f932d19275e2e2ac5cfa1f
a4359815f152,APTOS-P2277,APTOS 2019 (Aravind Eye Hospital),train_images/a4359815f152.png,2,Grade 2: Moderate NPDR,train,7ded8df161c576217794d3a76406180956dbf26b6afd99f74d1e88f2a7aa6b61
0dce95217626,APTOS-P0191,APTOS 2019 (Aravind Eye Hospital),train_images/0dce95217626.png,1,Grade 1: Mild NPDR,val,5be0e372ecd3f7b34bfd471376c6775b05de52a4e833aa06b30e8ef9cdd7d072
7ae69d22075a,APTOS-P1703,APTOS 2019 (Aravind Eye Hospital),train_images/7ae69d22075a.png,1,Grade 1: Mild NPDR,train,c23fc3c360e439ec8f07d976d99dfbeccf95e00e91dd18b2f1831a7e7845d221
d3de0d313d61,APTOS-P2942,APTOS 2019 (Aravind Eye Hospital),train_images/d3de0d313d61.png,1,Grade 1: Mild NPDR,train,699e507dd07a551f98a60e235f884ed72b6f368e43e6381522ab6dd4a858ee94
a75bab2463d4,APTOS-P0298,APTOS 2019 (Aravind Eye Hospital),train_images/a75bab2463d4.png,1,Grade 1: Mild NPDR,train,b97b314ee655cba34f9f6079ff3a09f1831480b281cfd7e2d6172cecfcf6b6ad
c3a82acb7d7a,APTOS-P2726,APTOS 2019 (Aravind Eye Hospital),train_images/c3a82acb7d7a.png,3,Grade 3: Severe NPDR,val,723a9ed03662ee80ba05c9c7c8338cf48a6038d49dd53462ec50a4da34a6d449
b3d135bd3bb5,APTOS-P2511,APTOS 2019 (Aravind Eye Hospital),train_images/b3d135bd3bb5.png,3,Grade 3: Severe NPDR,train,53e4e46974c50cbf56248e9231c4fdde6760235d8b1bb050308176baf610a692
6253f23229b1,APTOS-P1378,APTOS 2019 (Aravind Eye Hospital),train_images/6253f23229b1.png,3,Grade 3: Severe NPDR,train,dabd700638b786410fa50d180eb887cff1229041418b7095fcdb96108564c77e
c24bcf7a1bc4,APTOS-P2712,APTOS 2019 (Aravind Eye Hospital),train_images/c24bcf7a1bc4.png,0,Grade 0: No Apparent DR,test,ce8c8a847b0b40b18894d4ce2ef1c29721c756ba408d1c715598de5348f3ba7a
c739ff9580d3,APTOS-P2776,APTOS 2019 (Aravind Eye Hospital),train_images/c739ff9580d3.png,1,Grade 1: Mild NPDR,train,a1d5446216d7ec203aeae5b39ee1bc47ea76b27bd690a19ab2bfe4ecada64c93
48c49f662f7d,APTOS-P0993,APTOS 2019 (Aravind Eye Hospital),train_images/48c49f662f7d.png,2,Grade 2: Moderate NPDR,val,823d29cc9fe2286c9b633556799f60ab2f2ed4988952994057334cf590f513c5
89b725411cee,APTOS-P1908,APTOS 2019 (Aravind Eye Hospital),train_images/89b725411cee.png,2,Grade 2: Moderate NPDR,train,6f7300f6c91744f1641ec86c83f6b071dfce1e4d29f3e14214f80a0dee19aeb1
e2a233493b90,APTOS-P3140,APTOS 2019 (Aravind Eye Hospital),train_images/e2a233493b90.png,1,Grade 1: Mild NPDR,train,54f754efe66436fa0b06d679a8ffc5feb84a29dd22e421ba61d969cd1915402f
38e111cac46f,APTOS-P0786,APTOS 2019 (Aravind Eye Hospital),train_images/38e111cac46f.png,2,Grade 2: Moderate NPDR,train,596d2e4840c4bb566aa9f8765a8a6f230affe5c9dc15f3443f6686fd01e8c3db
253e96488cfb,APTOS-P0518,APTOS 2019 (Aravind Eye Hospital),train_images/253e96488cfb.png,0,Grade 0: No Apparent DR,train,6422e510588a78fff963263d032f4b4517bb621f1c192eb80f476514295b3133
537e5c578f40,APTOS-P1189,APTOS 2019 (Aravind Eye Hospital),train_images/537e5c578f40.png,0,Grade 0: No Apparent DR,train,f3398a5131a83c726b6a64018235e9ceb9e9b52caee34dbd5ab4fb91803af7df
eadfc8809ec8,APTOS-P3254,APTOS 2019 (Aravind Eye Hospital),train_images/eadfc8809ec8.png,2,Grade 2: Moderate NPDR,train,92c8c2c3cc616a60648211cddaded5d7193ab3baae72b70a790d4d0c955088d8
b8f1b30877db,APTOS-P2587,APTOS 2019 (Aravind Eye Hospital),train_images/b8f1b30877db.png,2,Grade 2: Moderate NPDR,train,8fc3b5d07adf603c32db5d3761cc9df57b318f7fb5d2b60dc16bdc4fcd45acd7
c68dfa021d62,APTOS-P1062,APTOS 2019 (Aravind Eye Hospital),train_images/c68dfa021d62.png,2,Grade 2: Moderate NPDR,train,98f2d333de4aca9758266c0c59bf8f34dacb83bfba5c2630785489d3685508ee
8a7765e785fb,APTOS-P1919,APTOS 2019 (Aravind Eye Hospital),train_images/8a7765e785fb.png,0,Grade 0: No Apparent DR,test,795cdd44c3add440caf0d52c97b48af9c7a6a41474483e761ae85b212b0a3855
89d2a7403a06,APTOS-P1909,APTOS 2019 (Aravind Eye Hospital),train_images/89d2a7403a06.png,2,Grade 2: Moderate NPDR,train,5cd46b629d36b1c8f82d04e6bff6ed43f21559cdfd9302b371857f7f2f3b5229
aa31bc6b8f4d,APTOS-P2370,APTOS 2019 (Aravind Eye Hospital),train_images/aa31bc6b8f4d.png,2,Grade 2: Moderate NPDR,train,7aa91d03f1e6c5d8e7c4bd76e3c7f5062878912414e1595463acfd23352cb8e6
e893e86dde94,APTOS-P3221,APTOS 2019 (Aravind Eye Hospital),train_images/e893e86dde94.png,0,Grade 0: No Apparent DR,train,5820a3fef81d50f55e607643bce5310e86f9d62ed9f985af66a412eebc28f591
65a7fe9482fe,APTOS-P1418,APTOS 2019 (Aravind Eye Hospital),train_images/65a7fe9482fe.png,0,Grade 0: No Apparent DR,train,3072dce950a43431065604522de5bb8ec57346749a608dd887d6d1df20ad0d2e
88e4399d207c,APTOS-P1897,APTOS 2019 (Aravind Eye Hospital),train_images/88e4399d207c.png,0,Grade 0: No Apparent DR,val,5d419189c6660c6fea7480d7314bc0bce2894575f8f21203aaf9bfb0280aa7e3
7a42443ed106,APTOS-P1694,APTOS 2019 (Aravind Eye Hospital),train_images/7a42443ed106.png,0,Grade 0: No Apparent DR,train,3e6b60d236634bd891591d95b319031a943c42cd6ec309e58d043156c70ec585
992b9a07b25f,APTOS-P2120,APTOS 2019 (Aravind Eye Hospital),train_images/992b9a07b25f.png,0,Grade 0: No Apparent DR,train,62a42e358f3d02c3b7fa208c9f7304033675e7bb0c50d7a2b3a55aa5cb755b2a
a9a28c37c8c4,APTOS-P2360,APTOS 2019 (Aravind Eye Hospital),train_images/a9a28c37c8c4.png,2,Grade 2: Moderate NPDR,train,c29518bfe62923eb4a4f8223494379291f957b9670269b7d957a3ad6ff815471
3c42512c81e0,APTOS-P0825,APTOS 2019 (Aravind Eye Hospital),train_images/3c42512c81e0.png,0,Grade 0: No Apparent DR,val,9e33bc9ec4a07579f0c3ab63827bf2a37dfbc39fd47f66ba080e43a4c1a1e9e1
283c3aeba594,APTOS-P0565,APTOS 2019 (Aravind Eye Hospital),train_images/283c3aeba594.png,0,Grade 0: No Apparent DR,test,ecdff12f7e114e42793e19c378a9fddcfa82062b9ab4f1662b9d9be99677be74
cae33655ca00,APTOS-P2821,APTOS 2019 (Aravind Eye Hospital),train_images/cae33655ca00.png,0,Grade 0: No Apparent DR,train,2a82a26db9aa9eed3ed336153ec9a079ed54884a58d951c9e9b974b255eee334
5c8482926a08,APTOS-P1305,APTOS 2019 (Aravind Eye Hospital),train_images/5c8482926a08.png,2,Grade 2: Moderate NPDR,val,a4312e32b18854d2cd67a6cdb3f957f7a452f56ba41460ce315a85475f42ad0e
242fc19be06f,APTOS-P0503,APTOS 2019 (Aravind Eye Hospital),train_images/242fc19be06f.png,0,Grade 0: No Apparent DR,test,238ee97d94879cfb1dd1c771fd60003e71138509b3bfae350ff8bf79ca6c4e53
5fcff7280019,APTOS-P1346,APTOS 2019 (Aravind Eye Hospital),train_images/5fcff7280019.png,0,Grade 0: No Apparent DR,test,630a452f8bf2ffa31de54e9bc6d3653f2bf1175743309baa7d1bdc115037d081
48543037d0b3,APTOS-P0988,APTOS 2019 (Aravind Eye Hospital),train_images/48543037d0b3.png,2,Grade 2: Moderate NPDR,val,fc927437396670b1e459ef9f202ffbd20166df6cea61ff551113754d6fa4100b
3bf3085ac167,APTOS-P0820,APTOS 2019 (Aravind Eye Hospital),train_images/3bf3085ac167.png,0,Grade 0: No Apparent DR,train,004890579e1e8bd42c19050911b00f3d9afe2ce3dd068314bee4561ebfc4abe3
c3aa424eff9a,APTOS-P2727,APTOS 2019 (Aravind Eye Hospital),train_images/c3aa424eff9a.png,0,Grade 0: No Apparent DR,train,05b940bc07340d8810366c4daaa11b60afad53bfc98968987e22e0d83b328abe
e3ec668f6fad,APTOS-P3158,APTOS 2019 (Aravind Eye Hospital),train_images/e3ec668f6fad.png,4,Grade 4: Proliferative DR,train,f03d66333498a3eceac0ecd89c527afcfc34146b5fc5f2c93f80eacfe262b293
c597ef460944,APTOS-P2750,APTOS 2019 (Aravind Eye Hospital),train_images/c597ef460944.png,0,Grade 0: No Apparent DR,val,4c97b93f19c325bdfaf732c8d801adefdaf798eb60b1ad1369ffae90535fb271
5d024177e214,APTOS-P1315,APTOS 2019 (Aravind Eye Hospital),train_images/5d024177e214.png,2,Grade 2: Moderate NPDR,train,ee6f077d7e5bd8c767372cc9382827ad947745316a87875e37615dfb8bdac185
0851d6a69589,APTOS-P0109,APTOS 2019 (Aravind Eye Hospital),train_images/0851d6a69589.png,0,Grade 0: No Apparent DR,train,6dec91a40bbc3436a2d609c55e149927a5cb07a3a3767e94c59552a4dc4a9fb9
9fa02dfb5553,APTOS-P2202,APTOS 2019 (Aravind Eye Hospital),train_images/9fa02dfb5553.png,0,Grade 0: No Apparent DR,test,a166615b74c9aec00ec816df66eab0d8ef2a7d29bb7e86c02644d3978200976b
92d8a7c8e718,APTOS-P2036,APTOS 2019 (Aravind Eye Hospital),train_images/92d8a7c8e718.png,2,Grade 2: Moderate NPDR,train,e9bb225f67af0aa98637864c5a429a39a8f54a4023e3c8e90a87b2bf8aaaecfa
596f4fdb0004,APTOS-P1259,APTOS 2019 (Aravind Eye Hospital),train_images/596f4fdb0004.png,0,Grade 0: No Apparent DR,test,87016b8601ba63062359b54cfd1f106cbbde7df24f2d6a5dd4ffff1de61af346
b2b7ccd34cbd,APTOS-P2501,APTOS 2019 (Aravind Eye Hospital),train_images/b2b7ccd34cbd.png,0,Grade 0: No Apparent DR,train,95f42a733a0c93d8aa9b036761e9cf727d08b89a8fd863b81fcefef295ca6f3e
499c8df39222,APTOS-P1008,APTOS 2019 (Aravind Eye Hospital),train_images/499c8df39222.png,4,Grade 4: Proliferative DR,val,32adbff5ccc74b05a8293aa4d6dd7c3f5ae2260f396a0bb3dd2769dce4428c51
cc671a73e1cb,APTOS-P2841,APTOS 2019 (Aravind Eye Hospital),train_images/cc671a73e1cb.png,0,Grade 0: No Apparent DR,train,7051572df2de9b05a00ee504412c58e1fec536140e5338ab4d741607662b62fc
10de500cf0c5,APTOS-P0227,APTOS 2019 (Aravind Eye Hospital),train_images/10de500cf0c5.png,0,Grade 0: No Apparent DR,val,39002fb64a3ba2087efc60cd0d78507565d9143f703792ac15e7f5fd5000d885
fe3b0e50be78,APTOS-P3487,APTOS 2019 (Aravind Eye Hospital),train_images/fe3b0e50be78.png,0,Grade 0: No Apparent DR,train,ececce91b59bc8e7620d568df5dfe8e444176a167b4a5b9ac4d7aeafedd8ffd8
9d1feed37610,APTOS-P2173,APTOS 2019 (Aravind Eye Hospital),train_images/9d1feed37610.png,0,Grade 0: No Apparent DR,train,68f2d64dd5825299033681a7b4382145f5148714e081247705b70c304989abf1
1943983492e5,APTOS-P0345,APTOS 2019 (Aravind Eye Hospital),train_images/1943983492e5.png,2,Grade 2: Moderate NPDR,train,ac3da6161e5669d4450e90d0d9812da410e2e8d463846b7bfbb79a2be5df30b8
ed6bd9293a89,APTOS-P3283,APTOS 2019 (Aravind Eye Hospital),train_images/ed6bd9293a89.png,0,Grade 0: No Apparent DR,train,8dea9f237218e5a4800c0eca5ad1aa996570c04cefdf860f4a91a65a248cc070
c0e509786f7f,APTOS-P2451,APTOS 2019 (Aravind Eye Hospital),train_images/c0e509786f7f.png,4,Grade 4: Proliferative DR,train,cd1d97429b9167bdd500bfff332482574bf5fd91d7fd91371bf158c053d6a3b8
1e143fa3de57,APTOS-P0271,APTOS 2019 (Aravind Eye Hospital),train_images/1e143fa3de57.png,2,Grade 2: Moderate NPDR,train,6c6e7e40b167fbe96d2d39de36ce922fe892d26f5de2e74a560d8545112f7c2c
e529c5757d64,APTOS-P3174,APTOS 2019 (Aravind Eye Hospital),train_images/e529c5757d64.png,0,Grade 0: No Apparent DR,test,976667cb214f91d9cea8cd553f15c80c5aafacaff5d9240fb0957e5658bdd1d0
a015ce4f51ad,APTOS-P2208,APTOS 2019 (Aravind Eye Hospital),train_images/a015ce4f51ad.png,2,Grade 2: Moderate NPDR,train,f8863e6e3d441fc6cabfbea619a4028905bfb05f63f3d071eba58ac100d11ac3
1e742358e0b9,APTOS-P0427,APTOS 2019 (Aravind Eye Hospital),train_images/1e742358e0b9.png,0,Grade 0: No Apparent DR,val,dc415f8292c174f573c7af2dc8e1dfe553aa3d8251f31a712e32b194b52c3ea7
52dbec057cc8,APTOS-P1176,APTOS 2019 (Aravind Eye Hospital),train_images/52dbec057cc8.png,2,Grade 2: Moderate NPDR,train,87bc0b86a7d37dbea2cabebd46e0ce074c9ee9e08e764cc9a538d86d61f2478c
847b04287c9c,APTOS-P1837,APTOS 2019 (Aravind Eye Hospital),train_images/847b04287c9c.png,0,Grade 0: No Apparent DR,val,fe9e8ead95506f7983de96312f67087798f826879acf43cc951c9ec7f54e6452
da2bdf4236ac,APTOS-P3030,APTOS 2019 (Aravind Eye Hospital),train_images/da2bdf4236ac.png,0,Grade 0: No Apparent DR,train,57966500509f335fdda3c36398a05c98e87e727cba3d1718a01a7a79d58eff41
dccdf750c962,APTOS-P3058,APTOS 2019 (Aravind Eye Hospital),train_images/dccdf750c962.png,0,Grade 0: No Apparent DR,train,ef5372577bb3ea282d717559cc72892bfefba4c7a3cff8083210940377adbc05
92e3d608fd3c,APTOS-P2038,APTOS 2019 (Aravind Eye Hospital),train_images/92e3d608fd3c.png,0,Grade 0: No Apparent DR,train,806ce8c1ec8fe32bbaf810f1207b18000e78b9a1b4014e4d1a239b4218bb789e
33d72035c27a,APTOS-P0713,APTOS 2019 (Aravind Eye Hospital),train_images/33d72035c27a.png,0,Grade 0: No Apparent DR,train,b1a63d7f202569867cd04ae15eb3e174d25e080c1c30d829e57f777dd25c5070
fc8fce67fbf8,APTOS-P3466,APTOS 2019 (Aravind Eye Hospital),train_images/fc8fce67fbf8.png,0,Grade 0: No Apparent DR,test,ddd414b9eb55dc33873e701716dafde04eadb09a1a0f3cf68a3751a632e86b8f
c6d4e4a3bd4c,APTOS-P2771,APTOS 2019 (Aravind Eye Hospital),train_images/c6d4e4a3bd4c.png,0,Grade 0: No Apparent DR,train,e7f11c4cde9d4ea79730d444688a51435fd47602bf48c184e341f9f3c5c51b8c
80b5a9519aec,APTOS-P1782,APTOS 2019 (Aravind Eye Hospital),train_images/80b5a9519aec.png,2,Grade 2: Moderate NPDR,test,dd2d3d8db309ccb8ec9f44c288af4ed3749946301382078533843286da897829
6efa36d59ada,APTOS-P1551,APTOS 2019 (Aravind Eye Hospital),train_images/6efa36d59ada.png,3,Grade 3: Severe NPDR,val,8ca13b96a91825133173cdbdbdf4f90f8681d112326d501e7003e1f7ddd9379a
3f47f83217b5,APTOS-P0856,APTOS 2019 (Aravind Eye Hospital),train_images/3f47f83217b5.png,2,Grade 2: Moderate NPDR,val,ff4334caf41a2a546ca24f4adc25498c85abb69caac3857aaa3ec648d8fb0d00
9e5ec293267c,APTOS-P2188,APTOS 2019 (Aravind Eye Hospital),train_images/9e5ec293267c.png,2,Grade 2: Moderate NPDR,val,d59702ac0d8ab96f3eff019c4d9b442121381e74f2c0032e39eee2a0b6e73140
525d0dd8dc45,APTOS-P1166,APTOS 2019 (Aravind Eye Hospital),train_images/525d0dd8dc45.png,0,Grade 0: No Apparent DR,test,a89e2d51d111039f19ae0485afbf4d30e7a3eb3bbd2470d6521ca72f0b0f9a4d
6cd606dc52e9,APTOS-P1515,APTOS 2019 (Aravind Eye Hospital),train_images/6cd606dc52e9.png,4,Grade 4: Proliferative DR,train,83956d4316e6dfaafb7cd04887313918d5ea03f46b1ffcad14763460fd55944f
6df8b7b6e837,APTOS-P1537,APTOS 2019 (Aravind Eye Hospital),train_images/6df8b7b6e837.png,0,Grade 0: No Apparent DR,train,4f19088053d46b87947bd5e471c8e72f077db9ee2809c72e5f6f1a18e7f3e7d0
28a4d00927b7,APTOS-P0571,APTOS 2019 (Aravind Eye Hospital),train_images/28a4d00927b7.png,2,Grade 2: Moderate NPDR,train,3845f716d87e940ed2eda0a1e570364dfd26e7c98c44e83543152cd133b9f98e
983c98354e9c,APTOS-P2103,APTOS 2019 (Aravind Eye Hospital),train_images/983c98354e9c.png,0,Grade 0: No Apparent DR,train,eb969fef1516013773251e00a6e39faf3dff34a44aa5086e06b45d7cc975f2a2
bc34f52c37c7,APTOS-P2634,APTOS 2019 (Aravind Eye Hospital),train_images/bc34f52c37c7.png,0,Grade 0: No Apparent DR,test,eac9e9fdf6a9068835028a7eff2f0564039fbb6ca83e80e9133c6079a32c9e70
07083738b75e,APTOS-P0085,APTOS 2019 (Aravind Eye Hospital),train_images/07083738b75e.png,2,Grade 2: Moderate NPDR,train,6ac4b4f7bd07d74b637931525ec9c433a232ffbcdb53e0ed6debbf8e0000fd15
dbee04ae6426,APTOS-P3052,APTOS 2019 (Aravind Eye Hospital),train_images/dbee04ae6426.png,2,Grade 2: Moderate NPDR,train,4ff8d93e50f126f4cf6e6cfaf31d85ee30ce4732c0816c6a86d3324aeea5ba3f
7a12f49e29df,APTOS-P1690,APTOS 2019 (Aravind Eye Hospital),train_images/7a12f49e29df.png,0,Grade 0: No Apparent DR,train,df7bf3f93307925ac7a7fb6a00d864ebd9dd30376810765b6bfe24a9feaa354d
cadde4030858,APTOS-P2820,APTOS 2019 (Aravind Eye Hospital),train_images/cadde4030858.png,0,Grade 0: No Apparent DR,val,1735542c568362da511be0fabe61fd47f6cc179d9cd6ecbc01543c55f23ee008
436e7a7af761,APTOS-P0916,APTOS 2019 (Aravind Eye Hospital),train_images/436e7a7af761.png,0,Grade 0: No Apparent DR,val,2749cbe8b191283cc5d6391201ed4dd4406b0e578ba4cfb1e1dfe1e2c57612a1
6bf2a81a5d91,APTOS-P1500,APTOS 2019 (Aravind Eye Hospital),train_images/6bf2a81a5d91.png,0,Grade 0: No Apparent DR,train,c8d24d823c28482c75581b883d053f392a6a14ce62afc2195e6ebf59040ebff7
c096131ad065,APTOS-P2695,APTOS 2019 (Aravind Eye Hospital),train_images/c096131ad065.png,0,Grade 0: No Apparent DR,train,17b56c81a6e3bb0f1083da16889120548116951817db1b4178c00c87b1c6d5cf
ff0740cb484a,APTOS-P2583,APTOS 2019 (Aravind Eye Hospital),train_images/ff0740cb484a.png,2,Grade 2: Moderate NPDR,test,a54822c678dde1271ea1d41f70dd3c92bf9af1c3a67be50732c4f763796411eb
259d30f693b6,APTOS-P0521,APTOS 2019 (Aravind Eye Hospital),train_images/259d30f693b6.png,1,Grade 1: Mild NPDR,train,1421bc4437b593b4925dbe5af592d33893e0804555e1287f144e8205f88b5c94
9e2058917304,APTOS-P2183,APTOS 2019 (Aravind Eye Hospital),train_images/9e2058917304.png,0,Grade 0: No Apparent DR,train,e4ef94e974a8f0c0097d16474c5721917939d9a8f57df6b3d6c07d2c8d72f2ac
9b4fc15df3c8,APTOS-P2151,APTOS 2019 (Aravind Eye Hospital),train_images/9b4fc15df3c8.png,0,Grade 0: No Apparent DR,train,44079255bd8076ee43796d7358dd1686bf2a56dfefc941eaba7d7fd78b133da8
ed2ef440d22c,APTOS-P3279,APTOS 2019 (Aravind Eye Hospital),train_images/ed2ef440d22c.png,0,Grade 0: No Apparent DR,test,9edc72d307b8b8577dbc7270c5733faa989740a76374c2870087727cfb3d25c8
1f0e223b8055,APTOS-P0437,APTOS 2019 (Aravind Eye Hospital),train_images/1f0e223b8055.png,2,Grade 2: Moderate NPDR,train,e6dde2bbe0e000d794fb4830e126e24fca72bc055d76eaf8420a4766a594378c
e12df54e0d1e,APTOS-P3112,APTOS 2019 (Aravind Eye Hospital),train_images/e12df54e0d1e.png,0,Grade 0: No Apparent DR,test,7b4f144d1ceaf67be44f678fcdeb495b503118d1f5885dc86f7cec9594530f68
959dc602febc,APTOS-P2069,APTOS 2019 (Aravind Eye Hospital),train_images/959dc602febc.png,2,Grade 2: Moderate NPDR,train,bcc470aad135b03bfa59c71764c7c6f417b53c88988f19e0de87c37eafe28786
8a67f1efa315,APTOS-P1918,APTOS 2019 (Aravind Eye Hospital),train_images/8a67f1efa315.png,2,Grade 2: Moderate NPDR,train,b6214d10d0b4aafe239b5ab8090e0e98a04f62d462bd20d81f4bee73bf93e0c2
3823acc4e464,APTOS-P0771,APTOS 2019 (Aravind Eye Hospital),train_images/3823acc4e464.png,0,Grade 0: No Apparent DR,train,778755bf4050bb4f0434e60587bdc1e49dd0c6d3586fc994ab3083b897d1062c
18b7e34eab8f,APTOS-P0333,APTOS 2019 (Aravind Eye Hospital),train_images/18b7e34eab8f.png,0,Grade 0: No Apparent DR,train,a60984ae3ceec055fce2fa318c6c5a0d8d1ed2441bdf77be04a6437f4922ade1
dd3176bacfe2,APTOS-P3065,APTOS 2019 (Aravind Eye Hospital),train_images/dd3176bacfe2.png,0,Grade 0: No Apparent DR,train,151e89789c16b00a5f3babc562b5d726a3b9e433da53b3aa42a086da3b66124c
6666c4f18396,APTOS-P1436,APTOS 2019 (Aravind Eye Hospital),train_images/6666c4f18396.png,2,Grade 2: Moderate NPDR,val,da7ff98ef4f41ad5505b9da635228c6efcd74caf48e49605a3f62407806fe13e
9e7a63b2fc6a,APTOS-P2189,APTOS 2019 (Aravind Eye Hospital),train_images/9e7a63b2fc6a.png,0,Grade 0: No Apparent DR,train,c4a4235c6c91cdd84c4a44d51a42c0e066e5862ca88bafbecf19d6a4365337bb
55fd453001cc,APTOS-P1218,APTOS 2019 (Aravind Eye Hospital),train_images/55fd453001cc.png,2,Grade 2: Moderate NPDR,train,0f268d41983971494c9448f2f6d7788e8b20bf84454e0607a449009fea727230
ec0c9f817b03,APTOS-P3268,APTOS 2019 (Aravind Eye Hospital),train_images/ec0c9f817b03.png,0,Grade 0: No Apparent DR,val,8ec57cbdcecefd8d5136d97a95d35e7dffcd7115857fff3a2ab179086cc544a1
b94c58d063bf,APTOS-P2593,APTOS 2019 (Aravind Eye Hospital),train_images/b94c58d063bf.png,1,Grade 1: Mild NPDR,val,529ededa653cfc51cc9451b67f2d904dc9e2246ae559af9e0fda19d51144ed68
b74de20d73de,APTOS-P2562,APTOS 2019 (Aravind Eye Hospital),train_images/b74de20d73de.png,0,Grade 0: No Apparent DR,train,d7b74b1296d73ddae2dd4d1c157744afada4aa4132a52dec1e3c9bf5137b5838
54f57cf26126,APTOS-P1208,APTOS 2019 (Aravind Eye Hospital),train_images/54f57cf26126.png,0,Grade 0: No Apparent DR,test,c225ef4a565d9918a1c93edc2d0f740c43c6a6bcbc698778f4516f071ed0d6de
b576c5269ad1,APTOS-P2532,APTOS 2019 (Aravind Eye Hospital),train_images/b576c5269ad1.png,1,Grade 1: Mild NPDR,val,5d6b5298e1436d5a8765a939dceadb7e104c12e98689d8e814119d1bc9efcb0c
e25ccfe38e44,APTOS-P3134,APTOS 2019 (Aravind Eye Hospital),train_images/e25ccfe38e44.png,1,Grade 1: Mild NPDR,train,e8deb2e7244d5c14bf647ccf39012c017e2b13361ed42dcbe8bb4d009ae9f36a
2585bbc91909,APTOS-P0520,APTOS 2019 (Aravind Eye Hospital),train_images/2585bbc91909.png,0,Grade 0: No Apparent DR,train,f8c8a17fa8cacc87d4507f48561e3326012e1ae79fd8fcdd5b4ee5dde77d86b7
2927665214e1,APTOS-P0581,APTOS 2019 (Aravind Eye Hospital),train_images/2927665214e1.png,0,Grade 0: No Apparent DR,val,4bb2d310074219edaac680d8de77e4cb4b9e73b23acc1cd3e7cd15e92a8fb921
3c1efa38d0da,APTOS-P0821,APTOS 2019 (Aravind Eye Hospital),train_images/3c1efa38d0da.png,2,Grade 2: Moderate NPDR,train,552dbe711c1268fcd1577ff381c1a3af6995b47e2fdc7f70ae260d5f00478b54
e246cd89e1cc,APTOS-P3132,APTOS 2019 (Aravind Eye Hospital),train_images/e246cd89e1cc.png,0,Grade 0: No Apparent DR,train,9e4b50e3ee621c3d8e9a613daf1ba64640cbfabe96d61517b2c22e3c4f972c43
17e6116b89b3,APTOS-P0315,APTOS 2019 (Aravind Eye Hospital),train_images/17e6116b89b3.png,0,Grade 0: No Apparent DR,train,e6dd3713653039406b0650315640d1ce9cc9512147dc4931ffd39bb553e77175
e580676516b0,APTOS-P3178,APTOS 2019 (Aravind Eye Hospital),train_images/e580676516b0.png,1,Grade 1: Mild NPDR,val,b460f4a15c6329ecb6828dcfef24ab4a9b8c3a2533b03c116aefd1b2c22953d9
3aa2b1ce6700,APTOS-P0803,APTOS 2019 (Aravind Eye Hospital),train_images/3aa2b1ce6700.png,2,Grade 2: Moderate NPDR,val,89e1b84fcc27af75a49487caabb7c984530452129e528f0346ae1ceb4dc49ceb
2b48daf24be0,APTOS-P0612,APTOS 2019 (Aravind Eye Hospital),train_images/2b48daf24be0.png,3,Grade 3: Severe NPDR,train,c29612351fbcdce1216ba2bd938a3b95a8a25ee0d0b29bb7e8912af8496a29d3
571bbdbf585e,APTOS-P1225,APTOS 2019 (Aravind Eye Hospital),train_images/571bbdbf585e.png,0,Grade 0: No Apparent DR,train,6456dd55d747585324925dd407b71476e657ac5646c8d220e1ab2c038ef089db
25d069089c5e,APTOS-P0525,APTOS 2019 (Aravind Eye Hospital),train_images/25d069089c5e.png,4,Grade 4: Proliferative DR,test,3ac6906e4a64b312d5c39af91d64a12843eb6b4752947a7dd4fc83dd3cf39213
76be29bb30b2,APTOS-P1643,APTOS 2019 (Aravind Eye Hospital),train_images/76be29bb30b2.png,1,Grade 1: Mild NPDR,train,90d840a2a96c7ff5026fb3bb8353308dc2027b6e5fe640a0bc6547729b26ad11
b82dfa63a75f,APTOS-P2576,APTOS 2019 (Aravind Eye Hospital),train_images/b82dfa63a75f.png,0,Grade 0: No Apparent DR,test,755cd5cac4ecf33cfdc2ea48841e464c87dac61d42486dbd45ddcab9ed36bd7c
b2ffa3e18559,APTOS-P2502,APTOS 2019 (Aravind Eye Hospital),train_images/b2ffa3e18559.png,3,Grade 3: Severe NPDR,train,e7cc6301bfa7328f9e0c2e269620a8098b640cb21d29a34d8a71f15d14759901
a2ad3da4c7d6,APTOS-P2255,APTOS 2019 (Aravind Eye Hospital),train_images/a2ad3da4c7d6.png,2,Grade 2: Moderate NPDR,train,3885db5f4125082468b291668d1b143d92c4d2a6aafba98cb163ec6db8d11958
4d9fc85a8259,APTOS-P0306,APTOS 2019 (Aravind Eye Hospital),train_images/4d9fc85a8259.png,3,Grade 3: Severe NPDR,train,0e9d704544ebfbfac96c951c58d3b9e08ee4c1819500456c00050a03420de07a
b3c0c3330278,APTOS-P2509,APTOS 2019 (Aravind Eye Hospital),train_images/b3c0c3330278.png,2,Grade 2: Moderate NPDR,train,ec4778ceb584ebd2325ffaa25eec316fd022668a3fe384d370c85da33c0ffa79
3f44d749cd0b,APTOS-P0855,APTOS 2019 (Aravind Eye Hospital),train_images/3f44d749cd0b.png,0,Grade 0: No Apparent DR,train,0cd0cb4519ef2955f370c93b765c40b127ef2f47bd421923a3a3c1a02b327675
61da799bf0aa,APTOS-P1373,APTOS 2019 (Aravind Eye Hospital),train_images/61da799bf0aa.png,0,Grade 0: No Apparent DR,train,9c0a1dba26252915d78451e99497b5f5d1b111963993a56ad89c84ce39812823
8f9819752ca0,APTOS-P1990,APTOS 2019 (Aravind Eye Hospital),train_images/8f9819752ca0.png,0,Grade 0: No Apparent DR,train,ca779e41ef1cdea3ed3218b242c1721bf5300f7f5dd5dd4a04e7da4da7eac684
8f2996b8d855,APTOS-P1988,APTOS 2019 (Aravind Eye Hospital),train_images/8f2996b8d855.png,1,Grade 1: Mild NPDR,train,f1bfc0638516e50e7739adaae1d26d714484869c6424669b48f2bfba1bd1d5c7
d25b8a8ad3c4,APTOS-P2916,APTOS 2019 (Aravind Eye Hospital),train_images/d25b8a8ad3c4.png,2,Grade 2: Moderate NPDR,test,c135e551beeec8545271bd48c54969214b8d35ce8a80b7fc1b1dc6ced6480602
4a693dd3921a,APTOS-P1024,APTOS 2019 (Aravind Eye Hospital),train_images/4a693dd3921a.png,4,Grade 4: Proliferative DR,train,6f36a1de8a348696bb0c0cf7778e9f5d397e9c7c2f87c57bfd97e3d834c3fd08
3a61e690f4bb,APTOS-P0800,APTOS 2019 (Aravind Eye Hospital),train_images/3a61e690f4bb.png,2,Grade 2: Moderate NPDR,train,ff64921d0ecc4704c63f9a6069470751ddaeb1a7c3a318933f611109f58b0467
6c3745a222da,APTOS-P1507,APTOS 2019 (Aravind Eye Hospital),train_images/6c3745a222da.png,4,Grade 4: Proliferative DR,train,b43878b1da2ce2189fabe0ff35abd8110c750f145d17b0ad1755a425b1637c79
77acc2cafee1,APTOS-P1657,APTOS 2019 (Aravind Eye Hospital),train_images/77acc2cafee1.png,0,Grade 0: No Apparent DR,train,f8d95c7c7f152007e9a11974539b475cce3a948894216a6f4cead987f694917c
ca7f5caddf96,APTOS-P2814,APTOS 2019 (Aravind Eye Hospital),train_images/ca7f5caddf96.png,2,Grade 2: Moderate NPDR,val,9774072d4a70e7baeb48ad373457c09c5c4ad50f288c943004b69d8ab50f9ad3
38e0e28d35d3,APTOS-P0785,APTOS 2019 (Aravind Eye Hospital),train_images/38e0e28d35d3.png,1,Grade 1: Mild NPDR,val,a21bc0c04af278a09b31b1979bfbec4ada38cdc6917d175b298601942d3bb5a8
be161517d3ac,APTOS-P2150,APTOS 2019 (Aravind Eye Hospital),train_images/be161517d3ac.png,2,Grade 2: Moderate NPDR,test,2a5f1a9dc8eb05d16c9c4db62ccca9e9a3cd0632f6bca4e880e27ba1d1a6537b
aafe980edd0c,APTOS-P2386,APTOS 2019 (Aravind Eye Hospital),train_images/aafe980edd0c.png,0,Grade 0: No Apparent DR,train,cefa39ed7b2554c24e504f54cfed63f3fb720c89055d19bd9a93ee2e6f88ea58
6d454444f17c,APTOS-P1525,APTOS 2019 (Aravind Eye Hospital),train_images/6d454444f17c.png,2,Grade 2: Moderate NPDR,train,ba5566b6e94ba3ecb5de4bc758414bf69c4640601821439cd3e0ef2761eb94cd
e38f3a65b02b,APTOS-P3152,APTOS 2019 (Aravind Eye Hospital),train_images/e38f3a65b02b.png,1,Grade 1: Mild NPDR,train,a9f69dac2946a908ab00730100231d9c983006f23565d322f56b7d02e6d5bed1
5056fa7d505f,APTOS-P1121,APTOS 2019 (Aravind Eye Hospital),train_images/5056fa7d505f.png,0,Grade 0: No Apparent DR,train,3e77e78a85b1310ef9861b216c57c102d2b018acf5d6f82258ea2cd96016ced4
ea15a290eb96,APTOS-P0391,APTOS 2019 (Aravind Eye Hospital),train_images/ea15a290eb96.png,1,Grade 1: Mild NPDR,test,d16bb3e2f8e037b4079ede659f736afcfb5736ef19e2bd03a21d77fae07c1644
94a67ec0714f,APTOS-P2059,APTOS 2019 (Aravind Eye Hospital),train_images/94a67ec0714f.png,2,Grade 2: Moderate NPDR,train,82899b025478ecc187d6186ed5b06208abba84f5fd2bf4eece6cbc2656aba59f
f233638e0e90,APTOS-P3341,APTOS 2019 (Aravind Eye Hospital),train_images/f233638e0e90.png,0,Grade 0: No Apparent DR,train,12f5e8203ccd8f702b6b575cc5590177705a13e5bd1c609b2f3551866142992c
b7bd4a6627b6,APTOS-P2570,APTOS 2019 (Aravind Eye Hospital),train_images/b7bd4a6627b6.png,0,Grade 0: No Apparent DR,train,f2a176fc09cc577815167100e32d123829daf49f87cda5c730a58da25f7f138c
7f2123bc89a3,APTOS-P1764,APTOS 2019 (Aravind Eye Hospital),train_images/7f2123bc89a3.png,0,Grade 0: No Apparent DR,train,f529b8fb63a4c909ac5e22da62b37c847434ce08e192d1e3ac765f60737a8815
1a1b4b2450ca,APTOS-P0357,APTOS 2019 (Aravind Eye Hospital),train_images/1a1b4b2450ca.png,2,Grade 2: Moderate NPDR,train,99cc5f9a80b1c0780144dc904e3efc76e50a89b5122fc4dc00f2d6cbd6cfca20
b0c9a492e068,APTOS-P2477,APTOS 2019 (Aravind Eye Hospital),train_images/b0c9a492e068.png,0,Grade 0: No Apparent DR,train,519b5e7167d9101accbb26cbde7d6196648ed288d52d8103b631916b75b43829
f4d3777f2710,APTOS-P1324,APTOS 2019 (Aravind Eye Hospital),train_images/f4d3777f2710.png,2,Grade 2: Moderate NPDR,train,cfb7714ab8af2e88bfbe495e5deefa80a29cfc07118e908ed54833801fcf763e
789f0ec1eab8,APTOS-P1675,APTOS 2019 (Aravind Eye Hospital),train_images/789f0ec1eab8.png,0,Grade 0: No Apparent DR,train,f93cafb3845292370ccb7fc48b58e02556f3e7779023c7a6b921b57b63f973c9
2a3378bcfbcc,APTOS-P0598,APTOS 2019 (Aravind Eye Hospital),train_images/2a3378bcfbcc.png,2,Grade 2: Moderate NPDR,train,91f665f5bf4bca6444be5e91fa14ed4242fbe8e46fc8270b36b1a538fc6107a7
4aa07d720638,APTOS-P1027,APTOS 2019 (Aravind Eye Hospital),train_images/4aa07d720638.png,1,Grade 1: Mild NPDR,val,555708a994943c3df55a871b0233c167114f6832a49ff6db2d71010be3602e26
c365c598ad4e,APTOS-P2722,APTOS 2019 (Aravind Eye Hospital),train_images/c365c598ad4e.png,0,Grade 0: No Apparent DR,train,b06155e8f351abb717c5b2426cfcd4dc23787407081816bfb0c976ee80db7981
df0886f1e76b,APTOS-P3085,APTOS 2019 (Aravind Eye Hospital),train_images/df0886f1e76b.png,0,Grade 0: No Apparent DR,test,c4938f72f9cbeb050fa7404ffd88f28814a2c62f6ddc1a5178b73c571e6c5d2a
c2a58b2cfd0b,APTOS-P2718,APTOS 2019 (Aravind Eye Hospital),train_images/c2a58b2cfd0b.png,0,Grade 0: No Apparent DR,test,ad66bfccf7c0f337d33d316971869c2f3251f4535b874bb0a2fa3e1d72f6cae4
a21b37719f9b,APTOS-P2249,APTOS 2019 (Aravind Eye Hospital),train_images/a21b37719f9b.png,2,Grade 2: Moderate NPDR,train,cb6b6ff409b1e8f204ec075ac53e55fd31cbb5c4e78f713d0d9549565472f706
a688f20f8895,APTOS-P2309,APTOS 2019 (Aravind Eye Hospital),train_images/a688f20f8895.png,2,Grade 2: Moderate NPDR,train,bb26f720df6d582c00f5cee5033c7c63cebb1f5fb06cc9f14a2f2a5795ff9222
a528be013a04,APTOS-P2291,APTOS 2019 (Aravind Eye Hospital),train_images/a528be013a04.png,0,Grade 0: No Apparent DR,train,75d758262e1303e914b653c6a00551575a6d02dbbdbb6d23c958125e886ea585
81d79d53ed7b,APTOS-P1801,APTOS 2019 (Aravind Eye Hospital),train_images/81d79d53ed7b.png,0,Grade 0: No Apparent DR,train,5e53997e51ff3fbf769c2cc5b9eaaa82fc13e6934e051c3040753d99ed554f07
da9262d9f5d9,APTOS-P3036,APTOS 2019 (Aravind Eye Hospital),train_images/da9262d9f5d9.png,0,Grade 0: No Apparent DR,test,5a965451cebd992c149228bd1ff62b4e21ab5a13d1a5e476b3a6db7679bf103f
cb75210abebe,APTOS-P2833,APTOS 2019 (Aravind Eye Hospital),train_images/cb75210abebe.png,2,Grade 2: Moderate NPDR,val,a045ce08f99025df3056bc5824ae883e0aea5d5d44dff6642c8a746dcfaca375
7270367410a1,APTOS-P1592,APTOS 2019 (Aravind Eye Hospital),train_images/7270367410a1.png,4,Grade 4: Proliferative DR,test,574c605f353bbb93c386d8c95d1ccd5177d14f87c9d53707461d9f0235e50abc
ca2b54b95ade,APTOS-P2808,APTOS 2019 (Aravind Eye Hospital),train_images/ca2b54b95ade.png,0,Grade 0: No Apparent DR,train,9c29828eef1faa06bb05a48b44736a4a8c16b28a5c365bd9c6a263be83b8ef08
aaaadb174012,APTOS-P2381,APTOS 2019 (Aravind Eye Hospital),train_images/aaaadb174012.png,0,Grade 0: No Apparent DR,train,e06d56e34a068e5c84dcef9fbc38ff0cefe5d78a7bea5d3ae997c871d17b008b
8ab3faa3701f,APTOS-P1926,APTOS 2019 (Aravind Eye Hospital),train_images/8ab3faa3701f.png,0,Grade 0: No Apparent DR,train,13273dcd43799585fed8552690d2b52175143b10677e5027bf57c4a198868735
6294b378d09f,APTOS-P1380,APTOS 2019 (Aravind Eye Hospital),train_images/6294b378d09f.png,0,Grade 0: No Apparent DR,train,2fa69c628bd5701eab6c838ee0f331b50cbdf712d72c1f305495162432d7a470
f85fd4fac887,APTOS-P3422,APTOS 2019 (Aravind Eye Hospital),train_images/f85fd4fac887.png,0,Grade 0: No Apparent DR,test,af14680c0efed7c037ab87560bf0170802d3d2e511e6532ec1b5d15398ed2cd5
4f20f9a9a65b,APTOS-P1106,APTOS 2019 (Aravind Eye Hospital),train_images/4f20f9a9a65b.png,2,Grade 2: Moderate NPDR,train,8869bdfd8063777d1b8a67f4f696aff6281c1202026b67a55492b362b2242512
f64214bed40e,APTOS-P3396,APTOS 2019 (Aravind Eye Hospital),train_images/f64214bed40e.png,3,Grade 3: Severe NPDR,test,a83db13ab597f169cf7c1ac6fdda0fd06e3f1fbc7e22d53e2bfd489900d77db2
e96bd80a8a53,APTOS-P3233,APTOS 2019 (Aravind Eye Hospital),train_images/e96bd80a8a53.png,1,Grade 1: Mild NPDR,val,1cdfe8c65744992b7f64fe1899dc08aa3c0dddd465fa84e2bc979600b626a5c6
a5bb85afc6e8,APTOS-P2295,APTOS 2019 (Aravind Eye Hospital),train_images/a5bb85afc6e8.png,0,Grade 0: No Apparent DR,train,efcf77b5a3e42adaa881efa464479dedbad01fad24784e1ee407e4619b887b96
ce8d2efd9d4f,APTOS-P2870,APTOS 2019 (Aravind Eye Hospital),train_images/ce8d2efd9d4f.png,0,Grade 0: No Apparent DR,train,54b6f9bae448355838475e9bc97cbcb2c4a7f79e2ada6eb817da79762b191355
4cf4d528c08e,APTOS-P1063,APTOS 2019 (Aravind Eye Hospital),train_images/4cf4d528c08e.png,0,Grade 0: No Apparent DR,test,db762fbf02039db18680c7960df859d311353e8bcd733aa481f6dd380a8625c3
4b6cb0bcfd44,APTOS-P1039,APTOS 2019 (Aravind Eye Hospital),train_images/4b6cb0bcfd44.png,0,Grade 0: No Apparent DR,val,4b5a8a2a7ec2683fe8f349f391bc819d201c2ca3a192d9fe2e6801fa13b79af2
b8fb9f55cd6d,APTOS-P2588,APTOS 2019 (Aravind Eye Hospital),train_images/b8fb9f55cd6d.png,2,Grade 2: Moderate NPDR,train,f65c0c60e24e9cef911c17d0295389311e8c0f09066403942f828f5d6f092475
0318598cfd16,APTOS-P0041,APTOS 2019 (Aravind Eye Hospital),train_images/0318598cfd16.png,4,Grade 4: Proliferative DR,train,2cdc4bd9e4340653648e706bf7c658e4846423a8a3d112bd0043ccd60cca6dab
6e0f78e188ff,APTOS-P1542,APTOS 2019 (Aravind Eye Hospital),train_images/6e0f78e188ff.png,0,Grade 0: No Apparent DR,val,ce4bdcc8afd65623d98d071ad91b5366e7244b6b823159b16f1f68fd3b8dcafd
31616ff6b53b,APTOS-P0688,APTOS 2019 (Aravind Eye Hospital),train_images/31616ff6b53b.png,3,Grade 3: Severe NPDR,train,b54e468e13c1878f190ebdf9061077ed12ef77f36ee801fb08b602a8b8ddb4f2
e1fb532f55df,APTOS-P2466,APTOS 2019 (Aravind Eye Hospital),train_images/e1fb532f55df.png,3,Grade 3: Severe NPDR,val,bd8bb27a98f9efd96703c7e5c297cd6a55cd7aab5c26a912595752eb3fccf9d3
668e853258cd,APTOS-P1437,APTOS 2019 (Aravind Eye Hospital),train_images/668e853258cd.png,2,Grade 2: Moderate NPDR,val,fc3e0609b56e651b5ecb84ac8d1503bdb519300491a45b1c0d4145733cbc67f4
5445255635f0,APTOS-P1198,APTOS 2019 (Aravind Eye Hospital),train_images/5445255635f0.png,0,Grade 0: No Apparent DR,train,531053ad20487d7a6e9c8061735d12502b68a69fceff3f732fd89713a20a8f3d
1594ca6c30d3,APTOS-P0284,APTOS 2019 (Aravind Eye Hospital),train_images/1594ca6c30d3.png,2,Grade 2: Moderate NPDR,test,9dd36755508eebf778fd40a3ad2b4a1d6b74aae3ec2a733754d00843bbf1780d
a654b25124c3,APTOS-P2304,APTOS 2019 (Aravind Eye Hospital),train_images/a654b25124c3.png,0,Grade 0: No Apparent DR,train,abcf985fd5c1193020523bb69063f3d3d759ede08dfb5a4197539a22ceab8962
0f6e645466a2,APTOS-P0207,APTOS 2019 (Aravind Eye Hospital),train_images/0f6e645466a2.png,0,Grade 0: No Apparent DR,train,ab11afcc70bfd9f243a06733e1d43cb32ff7865655e1272e839c2561caf41682
5b32ece9c627,APTOS-P1286,APTOS 2019 (Aravind Eye Hospital),train_images/5b32ece9c627.png,0,Grade 0: No Apparent DR,train,f40ec79c46f913dbb21f19d9fe92d69e8f3c92f3aed085c41d8f410af25b4ef8
08c17a2d95b7,APTOS-P0115,APTOS 2019 (Aravind Eye Hospital),train_images/08c17a2d95b7.png,2,Grade 2: Moderate NPDR,test,b8ba7bb83b5e77f432c7ef5709b338e98ed6e12fb6e9f89cfae97166833168aa
b0d6417bad3e,APTOS-P2480,APTOS 2019 (Aravind Eye Hospital),train_images/b0d6417bad3e.png,2,Grade 2: Moderate NPDR,val,5c3cb2a4a3c6c5c7624c786e6129f2c35272098e33ea20ed5279daa569dd08b7
d1cf31577a59,APTOS-P2911,APTOS 2019 (Aravind Eye Hospital),train_images/d1cf31577a59.png,0,Grade 0: No Apparent DR,train,9d74f34222bb4b7651365b65e826d40bdd7630e4065499d2b3dbac07947bd097
b019a49787c1,APTOS-P2466,APTOS 2019 (Aravind Eye Hospital),train_images/b019a49787c1.png,3,Grade 3: Severe NPDR,val,15f2665981760e4b2e24a247786e7d5341ee2e7288acf56877f7d94eb2ef5ed8
eabc7c716255,APTOS-P3251,APTOS 2019 (Aravind Eye Hospital),train_images/eabc7c716255.png,0,Grade 0: No Apparent DR,train,af2470cb5dffebc87aab81f8b83702beef35efc0d384bf3102ad9a4bf15bb705
9e2ba2b979f1,APTOS-P2185,APTOS 2019 (Aravind Eye Hospital),train_images/9e2ba2b979f1.png,0,Grade 0: No Apparent DR,train,7465d585e27631a6b9611d6255d7e72d5a522998cdb5a39e2063d6d2166e80de
2f8d14a7d390,APTOS-P0663,APTOS 2019 (Aravind Eye Hospital),train_images/2f8d14a7d390.png,0,Grade 0: No Apparent DR,train,fbb72ace450608c375bfe6a33fedb15dfdedb9e864940358fba976a335e08bd2
04d029cfb612,APTOS-P0062,APTOS 2019 (Aravind Eye Hospital),train_images/04d029cfb612.png,2,Grade 2: Moderate NPDR,train,bf2a8af623b0fd5f50c45155c494aba6d08d0e44292b1137d2ab7b8f5bf9ad7d
8191ae701985,APTOS-P1799,APTOS 2019 (Aravind Eye Hospital),train_images/8191ae701985.png,0,Grade 0: No Apparent DR,train,2c0d6fe673ce437fbd2726112b10810f46760ab54e0be7571766aea637a50164
e26bcae6c67b,APTOS-P3136,APTOS 2019 (Aravind Eye Hospital),train_images/e26bcae6c67b.png,0,Grade 0: No Apparent DR,train,fc9a45afb0eb78d4606a173c429ae34ed6ff256054c6778107f185370b4583a4
44c869174e3a,APTOS-P0944,APTOS 2019 (Aravind Eye Hospital),train_images/44c869174e3a.png,2,Grade 2: Moderate NPDR,train,99af38a70bc1a4f4ec4f9f681a3bea1e79fa78a283d01f86bc5feb9ed7a8ddd8
15e96e848b46,APTOS-P0291,APTOS 2019 (Aravind Eye Hospital),train_images/15e96e848b46.png,4,Grade 4: Proliferative DR,train,1cf32483ff59a7b799d2377cf1df270c960f7b7e796d936a170b63796fa287ae
a15652b22ab8,APTOS-P2149,APTOS 2019 (Aravind Eye Hospital),train_images/a15652b22ab8.png,2,Grade 2: Moderate NPDR,train,b224a075cf1a7dfc1353c89fbc5bad25a2c0f87da06fd3cfd349ea2dfcb8c57c
c2f3281cf528,APTOS-P2719,APTOS 2019 (Aravind Eye Hospital),train_images/c2f3281cf528.png,0,Grade 0: No Apparent DR,val,230e8fbd065d76bc42aaef67349ced305d2f9fa19905193735ecf36005bd08db
2ecbc2e3f239,APTOS-P0650,APTOS 2019 (Aravind Eye Hospital),train_images/2ecbc2e3f239.png,1,Grade 1: Mild NPDR,test,f0b74e1e672db8e01f9d53d4dabd37fe9a60840b83e16b32934a28bfc5715ba3
234399352d36,APTOS-P0492,APTOS 2019 (Aravind Eye Hospital),train_images/234399352d36.png,2,Grade 2: Moderate NPDR,train,7d244443c697055da217dcfa38d9c6e71bb0d685387bf2fe13bf90e06283a49c
383e72af1955,APTOS-P0774,APTOS 2019 (Aravind Eye Hospital),train_images/383e72af1955.png,3,Grade 3: Severe NPDR,val,1c4811c2d89bacb97df81a9084f18bceb0beb76cd4a9df6ea03ecfeae84659f1
5b0e53f53ef3,APTOS-P1282,APTOS 2019 (Aravind Eye Hospital),train_images/5b0e53f53ef3.png,1,Grade 1: Mild NPDR,train,54b44136890ccf48aa3cc262560a5fbb2221052de62bf43a735f181dcecaafb4
c7b622ec8104,APTOS-P2780,APTOS 2019 (Aravind Eye Hospital),train_images/c7b622ec8104.png,1,Grade 1: Mild NPDR,test,37cc532a51d11d2a05723faf179efec2a21be27435ad3d0317e5533efa2d19cf
9782c0489eca,APTOS-P2091,APTOS 2019 (Aravind Eye Hospital),train_images/9782c0489eca.png,1,Grade 1: Mild NPDR,train,017a10b81f5644d45f95e54ce4ce904b3e6a01544c85653b2d299589e807edc2
83d6e40c869f,APTOS-P1825,APTOS 2019 (Aravind Eye Hospital),train_images/83d6e40c869f.png,2,Grade 2: Moderate NPDR,train,87bef2ca9ab416a7c1908e5a4b7b1ea2b7018ebcb6857183666aa7b45facbd32
e2265c383348,APTOS-P3129,APTOS 2019 (Aravind Eye Hospital),train_images/e2265c383348.png,0,Grade 0: No Apparent DR,train,3e8d3b999c2f282ec18fdcccb654b7c4796d378881427114d996a3fbfd1b6501
9b093fe95d6b,APTOS-P2147,APTOS 2019 (Aravind Eye Hospital),train_images/9b093fe95d6b.png,3,Grade 3: Severe NPDR,test,49a85ae310bbbab2e84cbcac277316581aa88d3a1a241d974bded9f2c223f528
92d9e9f08709,APTOS-P2037,APTOS 2019 (Aravind Eye Hospital),train_images/92d9e9f08709.png,1,Grade 1: Mild NPDR,train,9bdf87a54442b9af81fb6f2539ef047b3dfee54dc165668746384b9ef639fa12
46d3316c4857,APTOS-P0973,APTOS 2019 (Aravind Eye Hospital),train_images/46d3316c4857.png,4,Grade 4: Proliferative DR,train,4c8e18593b66411469afd8a902906025a7995cdc50c981b427f0cd18d58edc2d
70ed3ec68b94,APTOS-P1570,APTOS 2019 (Aravind Eye Hospital),train_images/70ed3ec68b94.png,2,Grade 2: Moderate NPDR,test,c0611591f1a033aab9b9a971b3d97fb1d19ae74bd2f9afcc92aee9b31ea772ff
98e44127872f,APTOS-P2110,APTOS 2019 (Aravind Eye Hospital),train_images/98e44127872f.png,0,Grade 0: No Apparent DR,val,40984f2368c939c798031525b6a6d171cb5827be8283993e28b59aa34e3883be
9ab18a4a957f,APTOS-P2142,APTOS 2019 (Aravind Eye Hospital),train_images/9ab18a4a957f.png,0,Grade 0: No Apparent DR,train,6af736dfb26768ba62f4babe88f36f401323270daac599e92a63bf28ca4b03d1
b07bc463b718,APTOS-P2471,APTOS 2019 (Aravind Eye Hospital),train_images/b07bc463b718.png,1,Grade 1: Mild NPDR,train,9263740d2ec3defb9397838036bf3f7a4ab94e1f92f3063f9732442af3b7597c
681c3c115684,APTOS-P1456,APTOS 2019 (Aravind Eye Hospital),train_images/681c3c115684.png,2,Grade 2: Moderate NPDR,test,ffa275428ab0c2e36abbad0979f4279cb34064fd99a4b0b25493ffbcda281274
e31c42a8652b,APTOS-P3145,APTOS 2019 (Aravind Eye Hospital),train_images/e31c42a8652b.png,2,Grade 2: Moderate NPDR,train,e7f1b8313be3da93eeb04c71e749a8c08ae6f15ff3e538c176fcdd81efcaefce
222d0ac042b4,APTOS-P0476,APTOS 2019 (Aravind Eye Hospital),train_images/222d0ac042b4.png,2,Grade 2: Moderate NPDR,train,42fa1b9a7fa32993ea1649ea7453e0c627be2f38ea7b79ec30e9d46df08ed7ec
e1b8acb1cea1,APTOS-P3124,APTOS 2019 (Aravind Eye Hospital),train_images/e1b8acb1cea1.png,0,Grade 0: No Apparent DR,train,65cc7a00e73aba96db1f3d30cab28991aceedfa0425c56a9e2e7e6e03332b0f7
7a39c91416e2,APTOS-P1692,APTOS 2019 (Aravind Eye Hospital),train_images/7a39c91416e2.png,0,Grade 0: No Apparent DR,test,3d4e7dc921054fd0e733bdffa4f8b53beed1fea4b1b12494d5078365628fb362
9985375d709f,APTOS-P2123,APTOS 2019 (Aravind Eye Hospital),train_images/9985375d709f.png,0,Grade 0: No Apparent DR,test,8cd56f5b29405f95b33c8b9f0d1905e1e01bc21df9cad3e876b63604438b3930
b87f9c59748b,APTOS-P2581,APTOS 2019 (Aravind Eye Hospital),train_images/b87f9c59748b.png,4,Grade 4: Proliferative DR,train,6aa8a494737c1170b578c152e5f01dba6f036e57b35e9a0e0a2aacaba3768f25
d0d59ed675b5,APTOS-P2892,APTOS 2019 (Aravind Eye Hospital),train_images/d0d59ed675b5.png,1,Grade 1: Mild NPDR,train,398b6d0d5a7092d98362462ce1f9444e5ef0655a5a5e653f439379ec4cc8e082
df8365d6ac33,APTOS-P3090,APTOS 2019 (Aravind Eye Hospital),train_images/df8365d6ac33.png,2,Grade 2: Moderate NPDR,train,f16d3f0b28667ddec4d9a8558e80c362eae5fce9156668190a51d23a4879b8b5
77543f66a84a,APTOS-P1654,APTOS 2019 (Aravind Eye Hospital),train_images/77543f66a84a.png,2,Grade 2: Moderate NPDR,test,40ff3c2816c0f1e758745e9ddbf40676bea6f8dfd3188af0da2ab6ce51ffdc1d
d5c63a8d9e94,APTOS-P2962,APTOS 2019 (Aravind Eye Hospital),train_images/d5c63a8d9e94.png,0,Grade 0: No Apparent DR,test,510a5cf5269cc4c4c788960ff1a433e74d53f15905b3db646bab951ffaa3b66e
08b6e3240858,APTOS-P0113,APTOS 2019 (Aravind Eye Hospital),train_images/08b6e3240858.png,0,Grade 0: No Apparent DR,val,c6342e72493460166e3da4f3dcd1cc03dcd31a709bdbd5e67f03e2919a68ee6e
94dcb491143f,APTOS-P2061,APTOS 2019 (Aravind Eye Hospital),train_images/94dcb491143f.png,2,Grade 2: Moderate NPDR,train,5c0547c7305b766bab6969d3572a7c4c01a7b2463ba783de2c3423774e90386b
18d8fdb140b7,APTOS-P0337,APTOS 2019 (Aravind Eye Hospital),train_images/18d8fdb140b7.png,2,Grade 2: Moderate NPDR,train,60e03f53568e20bf2d71d4dc3dd19f50fec37c2077b4df58b6ea5aede0b97409
c3cd0200df79,APTOS-P2731,APTOS 2019 (Aravind Eye Hospital),train_images/c3cd0200df79.png,3,Grade 3: Severe NPDR,test,e8115e275532744aa4a69e94b2ca3d1a806327ec84d1532e881c8466acb02381
8bdb891661a8,APTOS-P1942,APTOS 2019 (Aravind Eye Hospital),train_images/8bdb891661a8.png,2,Grade 2: Moderate NPDR,train,f385a9aa81e8c172a2d4d6f769dba36b04cf959e943635246086212610d0b78f
16ce555748d8,APTOS-P0306,APTOS 2019 (Aravind Eye Hospital),train_images/16ce555748d8.png,4,Grade 4: Proliferative DR,train,2ff85bb84ae3347307e0ccc3e445905be4db83ef9fbbc0b4baa817a0bd5b1d0a
f09fd9433dff,APTOS-P3330,APTOS 2019 (Aravind Eye Hospital),train_images/f09fd9433dff.png,0,Grade 0: No Apparent DR,train,d2aae3706cf3dd022c99cd03ad4af9b8a79d1c69b5f220970982bf04d6839e6c
27fca9f12b3c,APTOS-P0561,APTOS 2019 (Aravind Eye Hospital),train_images/27fca9f12b3c.png,2,Grade 2: Moderate NPDR,test,535da88f3d6ac4fa832801ebbd280ad2802cd88df754ca62fcd570c42337642a
e33766353db2,APTOS-P3149,APTOS 2019 (Aravind Eye Hospital),train_images/e33766353db2.png,0,Grade 0: No Apparent DR,train,c0f28afe6418ea35f03edc8c9305af976ec531a78a0a03278dafc03060daad7a
bb7e0a2544cd,APTOS-P2628,APTOS 2019 (Aravind Eye Hospital),train_images/bb7e0a2544cd.png,3,Grade 3: Severe NPDR,train,aeeaa903f96c1e54d17f66a36541c78d72e5a1f79916940768cc31cec1db5e23
217dad18a5ed,APTOS-P0469,APTOS 2019 (Aravind Eye Hospital),train_images/217dad18a5ed.png,2,Grade 2: Moderate NPDR,val,360758fd0b772d71018f45e51e8afbf42aff1ef061fa692e63e982d0e6f3b332
1ee355480567,APTOS-P0434,APTOS 2019 (Aravind Eye Hospital),train_images/1ee355480567.png,0,Grade 0: No Apparent DR,val,26164207272358d329e242e523bd574551f96420f596b3711fe4d2924270b56b
fce73678f650,APTOS-P3471,APTOS 2019 (Aravind Eye Hospital),train_images/fce73678f650.png,0,Grade 0: No Apparent DR,train,eb02c7ac426c93966924446c6f5e0336d3d2a5903e0046e08e401822a82e1451
5b644a403e1f,APTOS-P1291,APTOS 2019 (Aravind Eye Hospital),train_images/5b644a403e1f.png,2,Grade 2: Moderate NPDR,test,0387ce6cd14da9c6588f9247741bd0edf079bddb544d35d74110954876976552
e160a3b19911,APTOS-P3117,APTOS 2019 (Aravind Eye Hospital),train_images/e160a3b19911.png,0,Grade 0: No Apparent DR,train,9ca4f8f3192948fe60d71013bd278c41327464c678bd5de0a3c0e5494c03da3e
fb88d23fc5fe,APTOS-P3455,APTOS 2019 (Aravind Eye Hospital),train_images/fb88d23fc5fe.png,0,Grade 0: No Apparent DR,test,b49effa6b1be1e33937c336184be1985583c64cb8b6f03ee1816d0b614192bd0
5ea9e447bb62,APTOS-P1335,APTOS 2019 (Aravind Eye Hospital),train_images/5ea9e447bb62.png,0,Grade 0: No Apparent DR,train,5d08104cb6a00d2b1a0f9e2d8352890ca59952ead4b7a3a2d60f8fbef20bec5b
0da09e3ce8f1,APTOS-P0182,APTOS 2019 (Aravind Eye Hospital),train_images/0da09e3ce8f1.png,2,Grade 2: Moderate NPDR,train,df1d91f87121ed17b6f0f18fbdbfc0bac1771275b63c29c8d912f50b4ccbec63
f45f1485c940,APTOS-P3364,APTOS 2019 (Aravind Eye Hospital),train_images/f45f1485c940.png,2,Grade 2: Moderate NPDR,train,68534f0ef726ccae2f9821c5f41d10450d8b1068be3d1ac47a366318e58fd041
b9b6ee2b9453,APTOS-P2603,APTOS 2019 (Aravind Eye Hospital),train_images/b9b6ee2b9453.png,2,Grade 2: Moderate NPDR,train,92ae6f7fc26bf7ecd569f46f469735d018777b280c1bcba7c97587efcea340db
d18e5b68f6d2,APTOS-P2904,APTOS 2019 (Aravind Eye Hospital),train_images/d18e5b68f6d2.png,2,Grade 2: Moderate NPDR,test,ecb4af41bf942a3c5acc1a9605b3d47c0d7dfb63755d3f44ccfdd1619fe0c9e8
2dc647e00ad3,APTOS-P0644,APTOS 2019 (Aravind Eye Hospital),train_images/2dc647e00ad3.png,0,Grade 0: No Apparent DR,train,22b24b3ac3170ec1590bbc1dd11dbd2f2194ef0bcad67f8bc13bfcfb814faf7e
34a7dbd3f05c,APTOS-P0727,APTOS 2019 (Aravind Eye Hospital),train_images/34a7dbd3f05c.png,0,Grade 0: No Apparent DR,val,00ae95c7c124dfea2d64c42b39c8ac9b9d0c4d934e181e9b96f9c96bacdd6c86
f02057c41256,APTOS-P3318,APTOS 2019 (Aravind Eye Hospital),train_images/f02057c41256.png,0,Grade 0: No Apparent DR,train,833bd5493d308223f46049bbb70bbedf0bb3d3f4bef53bac0509c691daa9786f
523d0c2cb4d6,APTOS-P1161,APTOS 2019 (Aravind Eye Hospital),train_images/523d0c2cb4d6.png,2,Grade 2: Moderate NPDR,val,2efa5aa2e37c5d37410b902245cfaf0bdd1b251b5df2b54f5d068471849031db
6630f8675a97,APTOS-P1427,APTOS 2019 (Aravind Eye Hospital),train_images/6630f8675a97.png,4,Grade 4: Proliferative DR,train,93b5d03716c617e006606278ae9e1cbda69a0120d8100e214bcc574c99a850b6
1e4650743fa2,APTOS-P0425,APTOS 2019 (Aravind Eye Hospital),train_images/1e4650743fa2.png,2,Grade 2: Moderate NPDR,train,69ded6e5d5dfea510ba9e86001d7912a5d51b0bfac6f12edbbec1363f59a5ee8
d18b1d8ac4de,APTOS-P2903,APTOS 2019 (Aravind Eye Hospital),train_images/d18b1d8ac4de.png,2,Grade 2: Moderate NPDR,test,22a071470cd634c1acc8e7069e9d1a3d3db214e941369140a128894a2d852759
e12d41e7b221,APTOS-P2620,APTOS 2019 (Aravind Eye Hospital),train_images/e12d41e7b221.png,2,Grade 2: Moderate NPDR,val,1d5c4df74c1bec6d14bd11573e671e2b58fd47a743b7052c11829faec9dfaa3d
8ead17dfb6a6,APTOS-P1978,APTOS 2019 (Aravind Eye Hospital),train_images/8ead17dfb6a6.png,0,Grade 0: No Apparent DR,test,3d2e891833ec70abc6970b94585a257d88c032d083e43176815bf2e8a3447acf
e66ad813a508,APTOS-P3195,APTOS 2019 (Aravind Eye Hospital),train_images/e66ad813a508.png,0,Grade 0: No Apparent DR,train,7026aa9dc2ac8ed58b1d9992373238c68477cb3be2ebabf60d939d6380636c6e
da3a2275c850,APTOS-P3031,APTOS 2019 (Aravind Eye Hospital),train_images/da3a2275c850.png,0,Grade 0: No Apparent DR,train,82a5e3604522feb0a51d4c9381a00c90f9e5131afbd7e084d141981494f3ab96
a95d9d61ddd4,APTOS-P2356,APTOS 2019 (Aravind Eye Hospital),train_images/a95d9d61ddd4.png,0,Grade 0: No Apparent DR,train,3add2411cc0526b2312a856d6d193076b5878000624de9bc96324f8ad3ac4d4d
9b57e43b44e7,APTOS-P2152,APTOS 2019 (Aravind Eye Hospital),train_images/9b57e43b44e7.png,0,Grade 0: No Apparent DR,train,780c61a2ce81c6908879db9b95afa2129bc4f8b68194264cbea85188aee1ba33
211518c46162,APTOS-P0466,APTOS 2019 (Aravind Eye Hospital),train_images/211518c46162.png,4,Grade 4: Proliferative DR,train,eed8eceea72904f8d202a9b6abfeb6e4f25fa846ba15554c81be0d9d1fac902b
f26b02ead915,APTOS-P3343,APTOS 2019 (Aravind Eye Hospital),train_images/f26b02ead915.png,0,Grade 0: No Apparent DR,train,315305c9149e28178e03c7f1b399808f82c5b8bfc62bc64b4b35e8862a093581
fb61230b99dd,APTOS-P3450,APTOS 2019 (Aravind Eye Hospital),train_images/fb61230b99dd.png,3,Grade 3: Severe NPDR,val,4a9f88e9f3522d115d3b281bfc6eeca2d3b60e74eee3db50de53e2e122b09267
a49b0b4484ea,APTOS-P2285,APTOS 2019 (Aravind Eye Hospital),train_images/a49b0b4484ea.png,2,Grade 2: Moderate NPDR,test,c4bb91538df8352397659eff974b142a6830de5e4ddfc9a88e8bce5aa7e3a3cf
001639a390f0,APTOS-P0002,APTOS 2019 (Aravind Eye Hospital),train_images/001639a390f0.png,4,Grade 4: Proliferative DR,train,db3114ad2af1f7554bea381578cb1ae06e6531b1cac6f723fb29c1f07a40c6c8
3218a6d8eb2c,APTOS-P0694,APTOS 2019 (Aravind Eye Hospital),train_images/3218a6d8eb2c.png,3,Grade 3: Severe NPDR,val,f1ddc0c6dcdd94b5c3c28c40d44ef9c9492a348bd0f4342e99398ab9f7dfa1fc
de4cdabbce6d,APTOS-P3074,APTOS 2019 (Aravind Eye Hospital),train_images/de4cdabbce6d.png,0,Grade 0: No Apparent DR,val,3c8deddb5350a1384a1e0915064cb6341016feda23f16bdf0c102a666ccc0891
b6304c545f95,APTOS-P2541,APTOS 2019 (Aravind Eye Hospital),train_images/b6304c545f95.png,2,Grade 2: Moderate NPDR,train,7a7f8d772965ab4553afd8dfa5f3c27ef36172416dd0d0db07e647419d77b610
093a42649c29,APTOS-P0121,APTOS 2019 (Aravind Eye Hospital),train_images/093a42649c29.png,3,Grade 3: Severe NPDR,train,9d8a84d4dd5ed1ec187d486d2f1c8a218f91d568dcfdb12e42f85234c5d76c24
b8ebedd382de,APTOS-P0429,APTOS 2019 (Aravind Eye Hospital),train_images/b8ebedd382de.png,1,Grade 1: Mild NPDR,val,efa75df5f040ee89b7f8b8f7b07b146d1e495761ccd7e0cc8d93ee43337afd20
b7278b4f2448,APTOS-P2557,APTOS 2019 (Aravind Eye Hospital),train_images/b7278b4f2448.png,1,Grade 1: Mild NPDR,train,e2cf9488af24506372562c7f0021de830dbea4131f8c98d532a82effaa60511d
f47a2a4a0411,APTOS-P3366,APTOS 2019 (Aravind Eye Hospital),train_images/f47a2a4a0411.png,1,Grade 1: Mild NPDR,train,73f093769fdf60ab1e08529bb0a7c3fb0342ff1c8db318d979b5cab61c98d099
ff631653374e,APTOS-P3501,APTOS 2019 (Aravind Eye Hospital),train_images/ff631653374e.png,0,Grade 0: No Apparent DR,train,ab6e16b48792982242b51ed67b60b2ebdf893acc1b6784c2fb3eb6b2c9d8fc68
a0e635689259,APTOS-P2227,APTOS 2019 (Aravind Eye Hospital),train_images/a0e635689259.png,0,Grade 0: No Apparent DR,train,05f44cbdb3bb65cc59f231c7c4f5f03ffc294f1b396779919a572e32373d82c1
0cae727cf119,APTOS-P0168,APTOS 2019 (Aravind Eye Hospital),train_images/0cae727cf119.png,0,Grade 0: No Apparent DR,val,441438290aa4ce3a34a0d917bb9cd6ec89a0489a47750f887970ee4cc399f66a
d16e39b9d6f0,APTOS-P2900,APTOS 2019 (Aravind Eye Hospital),train_images/d16e39b9d6f0.png,0,Grade 0: No Apparent DR,train,0fc545be98c54288d75289fc5e79686a9acf3287e4e493d45a4234234e0ff97a
79540be95177,APTOS-P1681,APTOS 2019 (Aravind Eye Hospital),train_images/79540be95177.png,2,Grade 2: Moderate NPDR,train,80496d9913b2c2f59850ae7e424bd04a89b8d26e761f295c893b6a0be0a6013b
0fe31196e0e8,APTOS-P0216,APTOS 2019 (Aravind Eye Hospital),train_images/0fe31196e0e8.png,0,Grade 0: No Apparent DR,val,8cd66e67e8193f049881bb065cbc252429a395e967f92a6a93138791f2aeff9d
60edda7b4871,APTOS-P1354,APTOS 2019 (Aravind Eye Hospital),train_images/60edda7b4871.png,0,Grade 0: No Apparent DR,val,9e490eb0d2fcb9749a24ef85810a23e3d9f8a3f598a29ad5b5ab4a0e45349882
1c0cf251b426,APTOS-P0378,APTOS 2019 (Aravind Eye Hospital),train_images/1c0cf251b426.png,1,Grade 1: Mild NPDR,train,70793294aaebddfd3619ca8b4b5f0d4e5c4d71e7200519a7c036638fdfd51e77
c8a3eb9a5b52,APTOS-P2792,APTOS 2019 (Aravind Eye Hospital),train_images/c8a3eb9a5b52.png,2,Grade 2: Moderate NPDR,train,a3d6d4568b495bf4764a548c9dca56d6f609f1930d5f9b4d1e597e5b8f45cebd
d807c53c1399,APTOS-P2989,APTOS 2019 (Aravind Eye Hospital),train_images/d807c53c1399.png,0,Grade 0: No Apparent DR,train,d9d161ce9c9e1af4c2f31fa15c1ac555de893b74d790ed792df24fca642cd1ae
fb767cea406c,APTOS-P3453,APTOS 2019 (Aravind Eye Hospital),train_images/fb767cea406c.png,0,Grade 0: No Apparent DR,train,b6adbdcd9e51141b9b045b8370c1bc1f65f11011b2af6493231c847f4069cc85
33105f9b3a04,APTOS-P0235,APTOS 2019 (Aravind Eye Hospital),train_images/33105f9b3a04.png,1,Grade 1: Mild NPDR,train,80315d51cff9f662af16ae33fd8bd07576786833c7d8443773b499285b52f3cf
4e6071b73120,APTOS-P1091,APTOS 2019 (Aravind Eye Hospital),train_images/4e6071b73120.png,1,Grade 1: Mild NPDR,train,a77cb5bd3903963e8075324ebb530af9aff3faaa14359677c0082e69f1d40cf1
a01c590c444f,APTOS-P2209,APTOS 2019 (Aravind Eye Hospital),train_images/a01c590c444f.png,2,Grade 2: Moderate NPDR,train,c013101421b224be523c1d372469cfd957e6cbbab2d9753d13031142a21da4b8
a443c4fd489c,APTOS-P2279,APTOS 2019 (Aravind Eye Hospital),train_images/a443c4fd489c.png,1,Grade 1: Mild NPDR,val,471de55b4716c2c9b3478cbe0434245bcb7709f6878a349c70734a1a438d2afe
b1f4122fd36a,APTOS-P2492,APTOS 2019 (Aravind Eye Hospital),train_images/b1f4122fd36a.png,2,Grade 2: Moderate NPDR,train,37226a5f6ff2155d760c8ce4195e5cfe3ea6e875f22b89d98aca01e51ee7065f
5ead17e894ae,APTOS-P1336,APTOS 2019 (Aravind Eye Hospital),train_images/5ead17e894ae.png,0,Grade 0: No Apparent DR,train,4d0203748d131ad036c063a29f414723806927ee9ce4e836bc2848a52c32cda8
8c4ceddeb1c6,APTOS-P1950,APTOS 2019 (Aravind Eye Hospital),train_images/8c4ceddeb1c6.png,0,Grade 0: No Apparent DR,train,f02f6a9bccbabbb68dbecd6c7feaa56e020d507c841e91611aae6ff26109f9f3
d5ad3362424c,APTOS-P2960,APTOS 2019 (Aravind Eye Hospital),train_images/d5ad3362424c.png,0,Grade 0: No Apparent DR,train,10aed0728c5484d289181530a18bfab64e4939ff1666336d4873dc9414c0d779
a4b8de38eac1,APTOS-P2286,APTOS 2019 (Aravind Eye Hospital),train_images/a4b8de38eac1.png,3,Grade 3: Severe NPDR,train,c6d8eb10a2d1395bc91683fd38f22a22a0bad19f4aa6df106f07bc0735c55e49
3f49f8d100e9,APTOS-P0857,APTOS 2019 (Aravind Eye Hospital),train_images/3f49f8d100e9.png,3,Grade 3: Severe NPDR,train,c16573a866af42fd0f09f6362c938caf7997b586b0f5dffb1e323b82fb497485
e3b47ed5b511,APTOS-P3155,APTOS 2019 (Aravind Eye Hospital),train_images/e3b47ed5b511.png,0,Grade 0: No Apparent DR,train,0f88936346ba4e2cf2410e7632ef32317067ddb53c8437f95e3c2c5812316288
207a580de0ea,APTOS-P0459,APTOS 2019 (Aravind Eye Hospital),train_images/207a580de0ea.png,2,Grade 2: Moderate NPDR,train,ef5cda24eb7177cd676797523b918d8ab84b09332139380817780dbee3d52b8e
ffc04fed30e6,APTOS-P3505,APTOS 2019 (Aravind Eye Hospital),train_images/ffc04fed30e6.png,0,Grade 0: No Apparent DR,test,4f392a37aea175b371b769faf310d16e8a502c687307a7bbfa5ee1d9626578de
32d7d360d891,APTOS-P0701,APTOS 2019 (Aravind Eye Hospital),train_images/32d7d360d891.png,0,Grade 0: No Apparent DR,val,6cc4e137fade121c69974c69c9c807afc74b9255378ce00f0a23a5ff676f0ff6
bc7bf19b84e3,APTOS-P2636,APTOS 2019 (Aravind Eye Hospital),train_images/bc7bf19b84e3.png,0,Grade 0: No Apparent DR,train,0f67487d1ed38e17e5db0f2ed5211d57c99ebf3fb6357e17c834a5706027cdaf
5d9c841eb245,APTOS-P1321,APTOS 2019 (Aravind Eye Hospital),train_images/5d9c841eb245.png,0,Grade 0: No Apparent DR,val,6e8daf2f3473e2814102b2ac38613c297c32cbe258ee572922f459b1792911f4
4eaf2f81819d,APTOS-P1097,APTOS 2019 (Aravind Eye Hospital),train_images/4eaf2f81819d.png,0,Grade 0: No Apparent DR,train,1525e9b2ae1d5a1543c3e6e7c00a9f0708127331f07bca8ec04513bd0e728b93
1116271db4ea,APTOS-P0234,APTOS 2019 (Aravind Eye Hospital),train_images/1116271db4ea.png,1,Grade 1: Mild NPDR,train,f47daea384fb7523ab181db3472ba53aea73cfa91fbb2e16cb09cab0061cbba9
ce887b196c23,APTOS-P2869,APTOS 2019 (Aravind Eye Hospital),train_images/ce887b196c23.png,2,Grade 2: Moderate NPDR,train,8c62b772fb1a86f76e7329ac8477207ae493e6e185d70f64a9f02b3871472216
2af1bf226f51,APTOS-P0606,APTOS 2019 (Aravind Eye Hospital),train_images/2af1bf226f51.png,2,Grade 2: Moderate NPDR,train,87c0f711ffc392be3bb9af393d4d60e60404786b66a8cfa53401c92486d566a7
eaa0dfbd5024,APTOS-P3250,APTOS 2019 (Aravind Eye Hospital),train_images/eaa0dfbd5024.png,4,Grade 4: Proliferative DR,train,8cc75affb308a0dfab93eb93e4b30d714897b28948dc33ecf84352822c663112
180afe1d5ef7,APTOS-P0319,APTOS 2019 (Aravind Eye Hospital),train_images/180afe1d5ef7.png,2,Grade 2: Moderate NPDR,train,c589bf11696d57a63e5131814225bdfbcf00798e785f8f395cdcd2ae12ac5912
95e732e043a1,APTOS-P2071,APTOS 2019 (Aravind Eye Hospital),train_images/95e732e043a1.png,4,Grade 4: Proliferative DR,train,6e9eb6979c151c5031b46813782f9bf26eed8e40b2486ac8eb6d18c875fa6ccc
c7e827fc7f41,APTOS-P2784,APTOS 2019 (Aravind Eye Hospital),train_images/c7e827fc7f41.png,2,Grade 2: Moderate NPDR,test,d7fac5048c35a8705fbcca2fa4c352be73f6d73a26c336527ed242b58e7176bf
3254e48c8aa0,APTOS-P0697,APTOS 2019 (Aravind Eye Hospital),train_images/3254e48c8aa0.png,0,Grade 0: No Apparent DR,train,eb1064ac5589dda3b3ac42473e5b0e45d82b254c39dc7aaeafb3f6d83b6896a9
97d02a9b94f7,APTOS-P2097,APTOS 2019 (Aravind Eye Hospital),train_images/97d02a9b94f7.png,0,Grade 0: No Apparent DR,train,ecb9702ecf687137e13538ceee10d702ef21f831d0dc6c856815a0a698b51ae4
e10190a9d52f,APTOS-P3110,APTOS 2019 (Aravind Eye Hospital),train_images/e10190a9d52f.png,2,Grade 2: Moderate NPDR,train,70ae25b252123f6a7c977e859a3ea56bf86b3a1e22a7609c92597c3f8784cb76
6c2555a9cae4,APTOS-P1503,APTOS 2019 (Aravind Eye Hospital),train_images/6c2555a9cae4.png,2,Grade 2: Moderate NPDR,train,4053d798fc5ae3c8059974e608c37e283b061b500e9170fb26936bf3707cefc7
f5a8c6426a71,APTOS-P3389,APTOS 2019 (Aravind Eye Hospital),train_images/f5a8c6426a71.png,3,Grade 3: Severe NPDR,train,cfafef3335c4400b664a4dcbb5a754b1e512df77714ad0987e8424797e98d9be
b8e20c076b03,APTOS-P2585,APTOS 2019 (Aravind Eye Hospital),train_images/b8e20c076b03.png,0,Grade 0: No Apparent DR,train,50dd2b4ee2ad32931c8e30ecf90b4be6e1394f359562ab59b247447ab80cabde
03747397839f,APTOS-P0047,APTOS 2019 (Aravind Eye Hospital),train_images/03747397839f.png,2,Grade 2: Moderate NPDR,train,cf75c233409a4d9a46c78ed7b2b5f4f392edcf7b542b963277679185070d4520
96c699221180,APTOS-P2081,APTOS 2019 (Aravind Eye Hospital),train_images/96c699221180.png,0,Grade 0: No Apparent DR,train,906e916cbd3fb98a42f8067a858478be80a43d3a513ec6b1fd6539182a4fac11
8e67f2d7e0ee,APTOS-P1974,APTOS 2019 (Aravind Eye Hospital),train_images/8e67f2d7e0ee.png,0,Grade 0: No Apparent DR,train,d344731f79701ac801c342496a0f4c276022e19cb4a2f316bb40c1b5fa995800
d66ccb75ada1,APTOS-P2969,APTOS 2019 (Aravind Eye Hospital),train_images/d66ccb75ada1.png,1,Grade 1: Mild NPDR,train,c6396393bbb60537f4eda617fbdc96ae52488ef4c7cc3ca831b5ad9ff4837813
9039cbfcbb2f,APTOS-P2000,APTOS 2019 (Aravind Eye Hospital),train_images/9039cbfcbb2f.png,0,Grade 0: No Apparent DR,train,be74727e73dfe59407928c57eded5278494ea5213e0d4f5637be2bca67ab0ed7
8ff863f8874f,APTOS-P1995,APTOS 2019 (Aravind Eye Hospital),train_images/8ff863f8874f.png,1,Grade 1: Mild NPDR,train,71ace2887b27025aa6225e2e815a2656a164c156953419b9904eb282cccc37be
8bed09514c3b,APTOS-P1944,APTOS 2019 (Aravind Eye Hospital),train_images/8bed09514c3b.png,4,Grade 4: Proliferative DR,test,3442e355a0fbc9735cb62561dc4b89cc57088eb7a9bbc45df2258bf41270ba73
2d07162a13b1,APTOS-P0635,APTOS 2019 (Aravind Eye Hospital),train_images/2d07162a13b1.png,0,Grade 0: No Apparent DR,test,d32bbcce053b1a3965d770db1648fa5b4b38e5afdc9d864d993c6a8b779c3fd0
7bc4dd99eee5,APTOS-P1716,APTOS 2019 (Aravind Eye Hospital),train_images/7bc4dd99eee5.png,4,Grade 4: Proliferative DR,test,5dddf678f64e8da54af74fba013b4f332705c6e6b0b73eff515205285fd73760
419406328dcd,APTOS-P0891,APTOS 2019 (Aravind Eye Hospital),train_images/419406328dcd.png,2,Grade 2: Moderate NPDR,train,a64ea9e89e0ad7ddaceabe77666c67f0d82430bac945f44e93ff1649d7506323
31b5d6fb0256,APTOS-P0691,APTOS 2019 (Aravind Eye Hospital),train_images/31b5d6fb0256.png,2,Grade 2: Moderate NPDR,train,fce3f98b7d2ac72dfa4fcd054d20aa2fa57d129c280ace41a77b51e643d3d1ed
973b0facfa9b,APTOS-P2086,APTOS 2019 (Aravind Eye Hospital),train_images/973b0facfa9b.png,0,Grade 0: No Apparent DR,test,47a539d6433a1aa4b3af21c1c33a7baee13ab5b763983d4024893d3469e41540
c3c8fdda50c0,APTOS-P2730,APTOS 2019 (Aravind Eye Hospital),train_images/c3c8fdda50c0.png,0,Grade 0: No Apparent DR,train,19fe4c2a649f98d0a642c411228e3905f80737eee1c6db49bf74f9a477000650
4faf4063db8c,APTOS-P1113,APTOS 2019 (Aravind Eye Hospital),train_images/4faf4063db8c.png,0,Grade 0: No Apparent DR,train,7af546eb98f5ca363ad77ba3ab78b693043f6c71e623e5aa9f3e05f72c5fdb2e
4c129470cec4,APTOS-P1044,APTOS 2019 (Aravind Eye Hospital),train_images/4c129470cec4.png,1,Grade 1: Mild NPDR,val,1f372c703a5004368bbd6fdcc79bc9c21a909e62401f63d7cce1ec36054b8733
e582e56e7942,APTOS-P3179,APTOS 2019 (Aravind Eye Hospital),train_images/e582e56e7942.png,0,Grade 0: No Apparent DR,val,69e474e915288b7636a6d5e9a165132e04e930414e8ed4b5f814244dde8da3ff
478fc46eaa49,APTOS-P0980,APTOS 2019 (Aravind Eye Hospital),train_images/478fc46eaa49.png,0,Grade 0: No Apparent DR,test,0043267f1bd7965caf612cd79b61603e921d4821f02aaaba781dbc041e43b3c7
c7c0470bcf87,APTOS-P2781,APTOS 2019 (Aravind Eye Hospital),train_images/c7c0470bcf87.png,2,Grade 2: Moderate NPDR,train,6ab6a41f41e4abb4a0d49393f2b3c18cfc58f078a6a5f56cb7b3a50af8b372c6
63363410389a,APTOS-P1389,APTOS 2019 (Aravind Eye Hospital),train_images/63363410389a.png,1,Grade 1: Mild NPDR,train,7e252572f4fd04b9ca4e4c77981ca30c60ee525a3709ae38d65f975882c7dd03
33e7bf536fc5,APTOS-P0714,APTOS 2019 (Aravind Eye Hospital),train_images/33e7bf536fc5.png,0,Grade 0: No Apparent DR,val,8f31534e1349402184a9222990717acde87940547b7be941f698f1f53b841251
f71bea807c96,APTOS-P3408,APTOS 2019 (Aravind Eye Hospital),train_images/f71bea807c96.png,0,Grade 0: No Apparent DR,train,6fa2dae265f569445e7f6e34b5b91276cd6024cb6edc356c6aed0db30026e332
144b01e7b993,APTOS-P0271,APTOS 2019 (Aravind Eye Hospital),train_images/144b01e7b993.png,2,Grade 2: Moderate NPDR,train,6b83e252d2d4a416c0e2a1aa7d06d9d94368ee90af9df990ee5156bee59dd428
d39752cb6e57,APTOS-P2939,APTOS 2019 (Aravind Eye Hospital),train_images/d39752cb6e57.png,0,Grade 0: No Apparent DR,train,ebfab9f374b192767e3a49a3a04dfcd9128afdf260fa0389d2259c0a84593883
27e2be850a99,APTOS-P0558,APTOS 2019 (Aravind Eye Hospital),train_images/27e2be850a99.png,4,Grade 4: Proliferative DR,train,0c28151a530958c2ad0bac0f224e17d16294c045af60e4862d6f0cdc6e58c573
69591ebb198d,APTOS-P1469,APTOS 2019 (Aravind Eye Hospital),train_images/69591ebb198d.png,2,Grade 2: Moderate NPDR,train,fb40cfdc92da2450c2d646ca76d593e83a9e99e85658892bff4d2e8cc7f8a21f
99132193eaa0,APTOS-P2116,APTOS 2019 (Aravind Eye Hospital),train_images/99132193eaa0.png,1,Grade 1: Mild NPDR,train,a4e07fd29363f68f40e47efe4854617b41eddc93df3eb2528392c418daa766e4
38f1901f214a,APTOS-P0787,APTOS 2019 (Aravind Eye Hospital),train_images/38f1901f214a.png,0,Grade 0: No Apparent DR,train,dfa2e11bf50b1d15c76dff0fbca3016542b144522bfc6f72d37909989a9f1d55
dd3dad6ca78f,APTOS-P3066,APTOS 2019 (Aravind Eye Hospital),train_images/dd3dad6ca78f.png,3,Grade 3: Severe NPDR,train,e917efd7279255619bdd546bb8c4330d8fe1e452f329824ba7a1adf4f73343fe
e65f94ad9be3,APTOS-P3192,APTOS 2019 (Aravind Eye Hospital),train_images/e65f94ad9be3.png,2,Grade 2: Moderate NPDR,train,7cc10d96f3a8c1897e26a0bfc53526ec78fa10178fd1d3cf4c63891801c14e7e
7d11dbc1e738,APTOS-P1731,APTOS 2019 (Aravind Eye Hospital),train_images/7d11dbc1e738.png,0,Grade 0: No Apparent DR,val,7823d42f9cbdb7e015f58fbe004bc43a70e1609fcbe230bbe00065c125eb888b
64eb5a79dfdd,APTOS-P1407,APTOS 2019 (Aravind Eye Hospital),train_images/64eb5a79dfdd.png,1,Grade 1: Mild NPDR,train,acfc6af5a135200212ae4eb4c0bc17991540e3feb33d9792beec88bb8e4f5957
28503940d10b,APTOS-P0566,APTOS 2019 (Aravind Eye Hospital),train_images/28503940d10b.png,0,Grade 0: No Apparent DR,train,38cc57ef8bee28406b98478169d40a1901c0d4c99d7db164b636ad5228413fae
f4ea2a2cfbb9,APTOS-P3375,APTOS 2019 (Aravind Eye Hospital),train_images/f4ea2a2cfbb9.png,0,Grade 0: No Apparent DR,train,f8c8413b5f0d72b959538db2af7c9ee0071a05d461a5ef29402f2c5a75f411b1
0da321efbce6,APTOS-P0183,APTOS 2019 (Aravind Eye Hospital),train_images/0da321efbce6.png,0,Grade 0: No Apparent DR,test,6aad85c68432f191c88ba1eae35a89f9d1408eca619bb0afc112111d2a45bdc0
5a36cea278ae,APTOS-P0366,APTOS 2019 (Aravind Eye Hospital),train_images/5a36cea278ae.png,2,Grade 2: Moderate NPDR,train,07f40e4bde0b9c4576d664f0bb53bd7e9aff191a4039d39844bba7f46a24158e
66bae1ba227f,APTOS-P1440,APTOS 2019 (Aravind Eye Hospital),train_images/66bae1ba227f.png,2,Grade 2: Moderate NPDR,train,777776ba1ac273b67a5e44943ca7917c1a7d2f8d8a00f5dc951e12b9ecfb9a28
11b220a397b8,APTOS-P0241,APTOS 2019 (Aravind Eye Hospital),train_images/11b220a397b8.png,0,Grade 0: No Apparent DR,train,8d5b6afff89f5fef5130b27d979187931e3082f1561fe76d278ae55bdadd584a
bfd5c0e55420,APTOS-P2685,APTOS 2019 (Aravind Eye Hospital),train_images/bfd5c0e55420.png,2,Grade 2: Moderate NPDR,train,542fa707ac5f761fc2d3b48019279e30426e41952741fa8821ad3ca53736f9cf
7c52fe73e748,APTOS-P1722,APTOS 2019 (Aravind Eye Hospital),train_images/7c52fe73e748.png,2,Grade 2: Moderate NPDR,train,30518ee6c411f1c392ad5c87f45b087c7f592a05c4441347bf13cd323cb40010
233d948e2544,APTOS-P0491,APTOS 2019 (Aravind Eye Hospital),train_images/233d948e2544.png,0,Grade 0: No Apparent DR,test,beac3ba7ad42da537b00124384e74cf11ff75ae7c7faba505bd66b68a913afe0
17f6c7072f61,APTOS-P0318,APTOS 2019 (Aravind Eye Hospital),train_images/17f6c7072f61.png,0,Grade 0: No Apparent DR,val,5406a6789fd3209551f93cce9061affc1e00529978b2b13caf9220e81923390d
a5c9a8c726b2,APTOS-P2296,APTOS 2019 (Aravind Eye Hospital),train_images/a5c9a8c726b2.png,4,Grade 4: Proliferative DR,val,72e0efb1e8ceccef74f760c72adc8f506cf72401483f4206828e689b253b373d
cd4e7f9fa1a9,APTOS-P2195,APTOS 2019 (Aravind Eye Hospital),train_images/cd4e7f9fa1a9.png,2,Grade 2: Moderate NPDR,train,e2c002d0e469bd878438ccf662b8d5f9d739909543944e804cbd5f116938cf60
d27ac9e54901,APTOS-P2921,APTOS 2019 (Aravind Eye Hospital),train_images/d27ac9e54901.png,0,Grade 0: No Apparent DR,train,e606aef446e51d400c6b431ee4f5b353df3f5c193640061e96ba1271f385d6f9
86722fcd802c,APTOS-P1859,APTOS 2019 (Aravind Eye Hospital),train_images/86722fcd802c.png,2,Grade 2: Moderate NPDR,val,e48a160227789e1a6846f567cf20226a18261dc37de610d20850d8798eba5ca3
c31651ea04c6,APTOS-P2720,APTOS 2019 (Aravind Eye Hospital),train_images/c31651ea04c6.png,3,Grade 3: Severe NPDR,train,c8dab6e16004a63dfca4fa67882d9bca155eebb9ed9fa9a4d189ec69e46edabf
db49cdf1ea64,APTOS-P3045,APTOS 2019 (Aravind Eye Hospital),train_images/db49cdf1ea64.png,2,Grade 2: Moderate NPDR,val,688cb44fc35a8c9f3bc037aa5c27d88b9ec4380870f983254870cf8551ac94e8
6a2642131e4a,APTOS-P1480,APTOS 2019 (Aravind Eye Hospital),train_images/6a2642131e4a.png,0,Grade 0: No Apparent DR,test,45527ac04bb15a39fcd9c11087ae5c6257e7a7ece641c08092eff8727dd591c9
dc0f6e5b489b,APTOS-P3055,APTOS 2019 (Aravind Eye Hospital),train_images/dc0f6e5b489b.png,0,Grade 0: No Apparent DR,train,0e76b293d7e97a5c6fe7a59f4c79071554f991fb13191ce164dc3114080e5a08
369229040a34,APTOS-P0753,APTOS 2019 (Aravind Eye Hospital),train_images/369229040a34.png,0,Grade 0: No Apparent DR,train,039adb34b84d10464c9eec7c9e599e5e44e00a6c8bcb80dd4acb91a903e03018
8f06ca4642bd,APTOS-P1984,APTOS 2019 (Aravind Eye Hospital),train_images/8f06ca4642bd.png,0,Grade 0: No Apparent DR,train,58f027b945c4ea6e436c544a3b6682fea914082f10ceb039c60faacfc5612449
b8e9a8f4617d,APTOS-P2586,APTOS 2019 (Aravind Eye Hospital),train_images/b8e9a8f4617d.png,0,Grade 0: No Apparent DR,train,b0abb19c64c6fe93f2f083b8aee4a8c1ca1396bb3a01f342667770f583c797fb
7eee3d1f1268,APTOS-P1759,APTOS 2019 (Aravind Eye Hospital),train_images/7eee3d1f1268.png,0,Grade 0: No Apparent DR,train,d306106078d336d31c2cf9967a8c3f2fcf17ae0bc5561ab4bdcb81b778d8c121
c7c3d363bc86,APTOS-P2782,APTOS 2019 (Aravind Eye Hospital),train_images/c7c3d363bc86.png,0,Grade 0: No Apparent DR,test,2cc4748c0e49b729a376d4f80eaea9fdd63b2a3ef1a5a76caed289ac55b12640
d83d0695e215,APTOS-P2993,APTOS 2019 (Aravind Eye Hospital),train_images/d83d0695e215.png,2,Grade 2: Moderate NPDR,train,0b5c9720f572a0395c475ef12f5640c920ccbf217e1d18623a5833408dcbcc9c
b665041e1633,APTOS-P2545,APTOS 2019 (Aravind Eye Hospital),train_images/b665041e1633.png,2,Grade 2: Moderate NPDR,train,979a9c8c423eac6f5e71e8ef93cab452d5e7900ac461beff2a32730c22671a2b
fac399455195,APTOS-P3448,APTOS 2019 (Aravind Eye Hospital),train_images/fac399455195.png,2,Grade 2: Moderate NPDR,train,924845a37cc34c948f27c286386abd353d0b6a36ed67283a0aec1f1d8b05ea63
958c1fa044ba,APTOS-P2067,APTOS 2019 (Aravind Eye Hospital),train_images/958c1fa044ba.png,0,Grade 0: No Apparent DR,test,27fe8842eaecd58a8d4be0851a1b3e2f23cb22fb30045e47300fbc3d17489c52
8fd7ad26e691,APTOS-P1993,APTOS 2019 (Aravind Eye Hospital),train_images/8fd7ad26e691.png,4,Grade 4: Proliferative DR,val,3aa2dd849a7da483f9a76acaa719a7cc107d40724601aa3057cbd23de52f32f6
9f436886e056,APTOS-P2198,APTOS 2019 (Aravind Eye Hospital),train_images/9f436886e056.png,2,Grade 2: Moderate NPDR,train,4ef2505c0151083a61a0f6a20eb421b3731706ba5e5eb23b3d553651a19b5dfb
65e530ee2e79,APTOS-P1423,APTOS 2019 (Aravind Eye Hospital),train_images/65e530ee2e79.png,2,Grade 2: Moderate NPDR,train,2c05b0ebe1b227fada57cc2441fa942d7695c599594e49579da0870dc6391fd8
21abd36095a1,APTOS-P0471,APTOS 2019 (Aravind Eye Hospital),train_images/21abd36095a1.png,4,Grade 4: Proliferative DR,train,8bc549911da49e7e52f11be462706e6e3ea8da2454dbaa9b59659f2a9ecb3b5a
cfb17a7cc8d4,APTOS-P2882,APTOS 2019 (Aravind Eye Hospital),train_images/cfb17a7cc8d4.png,0,Grade 0: No Apparent DR,val,51786b34f19d2bcaab6501e196726024651bfe33eafafaae3db4c6a3064556ea
de16416220de,APTOS-P3070,APTOS 2019 (Aravind Eye Hospital),train_images/de16416220de.png,4,Grade 4: Proliferative DR,train,2e464b9ececd607b655d449e25084845bce2404c78735bd49cc798da3fe60401
2b21d293fdf2,APTOS-P0599,APTOS 2019 (Aravind Eye Hospital),train_images/2b21d293fdf2.png,2,Grade 2: Moderate NPDR,train,a25e52169475120d8aad42827879578c6a7a1ba6f71e74c6b2e7b9e5aa85178e
7a77c3eb468c,APTOS-P1698,APTOS 2019 (Aravind Eye Hospital),train_images/7a77c3eb468c.png,0,Grade 0: No Apparent DR,train,5e49f5665e87edadaa82ca4c40d7722bd1cbb8e0ffb943968f52c36ac05d6c50
aa8a1e814811,APTOS-P2377,APTOS 2019 (Aravind Eye Hospital),train_images/aa8a1e814811.png,0,Grade 0: No Apparent DR,train,920bdebadac4e5dcf6e1005c43cb70a61ebe071977de584d9b30c35e25e7c37a
a0d04a19cf40,APTOS-P2226,APTOS 2019 (Aravind Eye Hospital),train_images/a0d04a19cf40.png,2,Grade 2: Moderate NPDR,train,648c12c742f56d88e287d0978d86b53f540dcb53306973b0f969f91dde55d7ad
842d697884f6,APTOS-P1833,APTOS 2019 (Aravind Eye Hospital),train_images/842d697884f6.png,2,Grade 2: Moderate NPDR,test,aebcebb887506e5b2d7613fd3c2fcecebf052c8429bce2ca586eeb08870b5c53
545df1bbcd61,APTOS-P1199,APTOS 2019 (Aravind Eye Hospital),train_images/545df1bbcd61.png,1,Grade 1: Mild NPDR,train,223c9bc39eb470d1468b580580022659e9c2ae58b15d13c2563ef147d88b254a
c25e02b39c01,APTOS-P2714,APTOS 2019 (Aravind Eye Hospital),train_images/c25e02b39c01.png,0,Grade 0: No Apparent DR,train,89c8c1bed794401d23b86bd901d128ee602df5b398e99e81fc2fe84856143716
53c874dbc594,APTOS-P1190,APTOS 2019 (Aravind Eye Hospital),train_images/53c874dbc594.png,0,Grade 0: No Apparent DR,train,d7738f779cde97fd78728378a5d10f038d1a06782d88c7d1b83a28104c19dfd1
ba2ea9182090,APTOS-P2612,APTOS 2019 (Aravind Eye Hospital),train_images/ba2ea9182090.png,0,Grade 0: No Apparent DR,test,938643e353d395d64c59eafd15a8e64ba23cd1c834c464bb732e9cc2f527e363
fdd534271f3d,APTOS-P3482,APTOS 2019 (Aravind Eye Hospital),train_images/fdd534271f3d.png,4,Grade 4: Proliferative DR,train,151cc532de99f2fc559ab361c3675ffacce32092cc5a022a20796cad42e27e32
6089fa333013,APTOS-P1350,APTOS 2019 (Aravind Eye Hospital),train_images/6089fa333013.png,3,Grade 3: Severe NPDR,test,361a2ca15ed3b577a6b01fd7cf4dd7fa758060cf2dccd2da252cb708f5ab0de1
a81b06f50612,APTOS-P2330,APTOS 2019 (Aravind Eye Hospital),train_images/a81b06f50612.png,4,Grade 4: Proliferative DR,train,7a1b63496d5d7ee9e1ffd74b65ff9f1868dde2f1a3ca0ad25d1b7de4f509c100
e868c3da340b,APTOS-P3220,APTOS 2019 (Aravind Eye Hospital),train_images/e868c3da340b.png,2,Grade 2: Moderate NPDR,train,f527b4a42906f93cc249759536d460f1917d70284547ffe2b9482e01fe83e72e
36041171f441,APTOS-P0746,APTOS 2019 (Aravind Eye Hospital),train_images/36041171f441.png,1,Grade 1: Mild NPDR,train,4913c734e5ec73a3cf9b729d62a822dbbebc16339338be88af2f0d33129d8c8f
4731e708ede3,APTOS-P0976,APTOS 2019 (Aravind Eye Hospital),train_images/4731e708ede3.png,0,Grade 0: No Apparent DR,test,fe7bc0150edea5da00450e7e6b2e4ad677e46f19047e843c093b4bec4216aea8
82088c6734e6,APTOS-P1803,APTOS 2019 (Aravind Eye Hospital),train_images/82088c6734e6.png,0,Grade 0: No Apparent DR,train,e5f0a56189351a7c9e3f1d285d44415da682e665feae013b147371e65f686ea1
ceaa5803d780,APTOS-P2871,APTOS 2019 (Aravind Eye Hospital),train_images/ceaa5803d780.png,2,Grade 2: Moderate NPDR,val,796e29c354e9fbf9db66945cb641d101f985afc407a3fec438e2bd8a462ad4f2
d93b61dc8f64,APTOS-P3012,APTOS 2019 (Aravind Eye Hospital),train_images/d93b61dc8f64.png,0,Grade 0: No Apparent DR,train,5c804a33ed6cea2569892b811933715b126f705814b6a4ab43303f0ca6f3a08a
05e9126dfa5c,APTOS-P0076,APTOS 2019 (Aravind Eye Hospital),train_images/05e9126dfa5c.png,0,Grade 0: No Apparent DR,train,4bbe5ef960801a58538d599e46a647dc03059f368b00dca81bfe90b7b2e92df3
5995321563b7,APTOS-P1263,APTOS 2019 (Aravind Eye Hospital),train_images/5995321563b7.png,0,Grade 0: No Apparent DR,train,e4cbeedf7ed9cdeecb62b7f6e4d0d3ca64499f9c5dd6cdaad9b5f9ea33392a5a
8ac0c44bbf24,APTOS-P1928,APTOS 2019 (Aravind Eye Hospital),train_images/8ac0c44bbf24.png,4,Grade 4: Proliferative DR,test,bd92ae143f2054a9b88a697858dbc81d2cb948313c5767528069d06b032f50a2
5b3d41626ec5,APTOS-P1287,APTOS 2019 (Aravind Eye Hospital),train_images/5b3d41626ec5.png,0,Grade 0: No Apparent DR,val,b31ea0990d5d5ab3d4932cea67a7fde1b275d7349b827edee56671bfc898c5bc
de730033c683,APTOS-P3078,APTOS 2019 (Aravind Eye Hospital),train_images/de730033c683.png,0,Grade 0: No Apparent DR,train,d7368060429b7eb1161d697ab5a50115ddd7d1ec05052417e4b401599fb74d39
b842b43cb7fb,APTOS-P2579,APTOS 2019 (Aravind Eye Hospital),train_images/b842b43cb7fb.png,0,Grade 0: No Apparent DR,test,03eb5beed1b57e51a84f3b031e7a0e51a8502d79e1c77d2aaad6c59685911e66
8e6df9eedcd8,APTOS-P1975,APTOS 2019 (Aravind Eye Hospital),train_images/8e6df9eedcd8.png,0,Grade 0: No Apparent DR,train,c8767cbc76d10bccc18a4d57ffe8f99534dbb56041cea8a70d9c5a31d4af3b4f
6c30dd481717,APTOS-P1504,APTOS 2019 (Aravind Eye Hospital),train_images/6c30dd481717.png,0,Grade 0: No Apparent DR,train,c2f06aeffdacd429fa60d493e471ec09779fd2312709d645626b66e94b6d9b09
cb602182cde3,APTOS-P2831,APTOS 2019 (Aravind Eye Hospital),train_images/cb602182cde3.png,2,Grade 2: Moderate NPDR,val,1df7bff6220eb7bc509d9e538410f6678a8a2918110e0cbbf573922b7cb73ee8
11d8e5eaee5b,APTOS-P0243,APTOS 2019 (Aravind Eye Hospital),train_images/11d8e5eaee5b.png,0,Grade 0: No Apparent DR,test,6d33d9333377ee8379ec7154a6d5a16593e67a2c98299d3d64fd37f6f886070a
ab50123abadb,APTOS-P1779,APTOS 2019 (Aravind Eye Hospital),train_images/ab50123abadb.png,2,Grade 2: Moderate NPDR,train,e870c6216bf9e067f45acc1060e2002cd2f711a0ad4ce572a917a394765734d8
e01b7bac822b,APTOS-P3097,APTOS 2019 (Aravind Eye Hospital),train_images/e01b7bac822b.png,0,Grade 0: No Apparent DR,train,059dbc6ce126e210828393afc5da10c74d7f35a2e365591b92a01b2e4eca4eb5
883c6a184f16,APTOS-P1890,APTOS 2019 (Aravind Eye Hospital),train_images/883c6a184f16.png,0,Grade 0: No Apparent DR,train,c209c4710b0dd77584b0ecd99f5c84994dfc4aae903b0959e6608145d77317a2
9c5dd3612f0c,APTOS-P2165,APTOS 2019 (Aravind Eye Hospital),train_images/9c5dd3612f0c.png,2,Grade 2: Moderate NPDR,train,8448efe78815f6936057d175a3b5ae431045bda9d9a589c279207c2eec2d1f9b
4df6a81b476e,APTOS-P1084,APTOS 2019 (Aravind Eye Hospital),train_images/4df6a81b476e.png,3,Grade 3: Severe NPDR,train,313d122eac0b32d53c32409a1a3a9fe1a0691c8837e9d11a5a0888a0d36d9214
a1edf0e66592,APTOS-P2246,APTOS 2019 (Aravind Eye Hospital),train_images/a1edf0e66592.png,0,Grade 0: No Apparent DR,train,7151d92faeb7bbd5576ca0bb166e49131be4c23626d2f1d8060080f75dc6771f
c0a117de7d0a,APTOS-P2698,APTOS 2019 (Aravind Eye Hospital),train_images/c0a117de7d0a.png,0,Grade 0: No Apparent DR,train,6f7e12073f4e3c23366e8ca0ec0305f618326a02bff8f96017a72580c6da39b6
2fdfb80ea53c,APTOS-P0667,APTOS 2019 (Aravind Eye Hospital),train_images/2fdfb80ea53c.png,0,Grade 0: No Apparent DR,train,e2e7d4c51d6b36d8854896a7b2416efccb5f62a5fd1144bcfc4bd7069e8e7618
ae5d31979f19,APTOS-P2438,APTOS 2019 (Aravind Eye Hospital),train_images/ae5d31979f19.png,0,Grade 0: No Apparent DR,train,3060c1393b463bb972b13bc4a0d54352d592cf3b8b4257dbd451eb2b5d82b08a
599498e9e4bc,APTOS-P1262,APTOS 2019 (Aravind Eye Hospital),train_images/599498e9e4bc.png,0,Grade 0: No Apparent DR,train,0fe24373b62f67520a49862525a983210b99f9514e43b8c1fade549627c674bc
a28bfb772f50,APTOS-P2254,APTOS 2019 (Aravind Eye Hospital),train_images/a28bfb772f50.png,1,Grade 1: Mild NPDR,train,78356e85dce12f57833cc1e56fbc3a366382e90f97e542e4110ff5ba17416206
27bab1432f61,APTOS-P0557,APTOS 2019 (Aravind Eye Hospital),train_images/27bab1432f61.png,2,Grade 2: Moderate NPDR,train,4082d22057b97fbbc80b84881ac1779de8b63127f57ced425f66369652fde93d
04efb1a284cc,APTOS-P0063,APTOS 2019 (Aravind Eye Hospital),train_images/04efb1a284cc.png,0,Grade 0: No Apparent DR,test,b6c25aa2281c736ad74e8c7d35ef8973526ee563d6a95f28fd0c009b8eae02ae
382752f6694a,APTOS-P0772,APTOS 2019 (Aravind Eye Hospital),train_images/382752f6694a.png,1,Grade 1: Mild NPDR,test,4b70f3dc08507fc05620881a4c34181633ffe2e853c7d1776497573f492f3d19
90b8bf342032,APTOS-P2010,APTOS 2019 (Aravind Eye Hospital),train_images/90b8bf342032.png,3,Grade 3: Severe NPDR,train,e1e876a39ab4158a4b12de00b8e243e1ed1839c419b0bcd91aee0a5ab65b5fef
0304bedad8fe,APTOS-P0040,APTOS 2019 (Aravind Eye Hospital),train_images/0304bedad8fe.png,0,Grade 0: No Apparent DR,train,86bdb8c0c92699c1390377d77ee23fab6191714e65a3b92f47add871770cc239
a30a143a53a3,APTOS-P2261,APTOS 2019 (Aravind Eye Hospital),train_images/a30a143a53a3.png,0,Grade 0: No Apparent DR,train,837f4baced0472d37c07710bec40732230b86a492203c4e20ee8d4d8ec834551
dd02d60bef14,APTOS-P3061,APTOS 2019 (Aravind Eye Hospital),train_images/dd02d60bef14.png,0,Grade 0: No Apparent DR,train,e34e767e12b44456b0b2c7794e473bec640342a5b554c5642472e9f556769c25
00b74780d31d,APTOS-P0009,APTOS 2019 (Aravind Eye Hospital),train_images/00b74780d31d.png,2,Grade 2: Moderate NPDR,train,bedc8ee2c179e88662bf5ba34e42ac378edcd8ba80050b9819ea894bb0f09a56
5777ef74c9ec,APTOS-P1231,APTOS 2019 (Aravind Eye Hospital),train_images/5777ef74c9ec.png,1,Grade 1: Mild NPDR,train,802bc95ea17c2a14f0e0154888fb363d890972975a54dc6908e5d3431eb23de8
2dd28ac497d2,APTOS-P0645,APTOS 2019 (Aravind Eye Hospital),train_images/2dd28ac497d2.png,0,Grade 0: No Apparent DR,train,7a6dad3881e840a3853896ce78dcb4519b66bfd3821099b33999ebb62fafc3bd
6377e23928f6,APTOS-P1392,APTOS 2019 (Aravind Eye Hospital),train_images/6377e23928f6.png,1,Grade 1: Mild NPDR,test,9edd0d4351c57bdc5b26d2c7fbb793e6fe575ddf45761c331d05aa1f3f8b984e
a3d2a0c4cd17,APTOS-P2274,APTOS 2019 (Aravind Eye Hospital),train_images/a3d2a0c4cd17.png,1,Grade 1: Mild NPDR,test,af893bab2c072adea72fc4f52d569f1440b961f362d552086c6f1fd3a919cb2e
0b3efe669365,APTOS-P0155,APTOS 2019 (Aravind Eye Hospital),train_images/0b3efe669365.png,0,Grade 0: No Apparent DR,train,394c508163af161d9ec3d5e743046a10171344299b0d29df85611e48ec31c620
7e5a76c4e103,APTOS-P1747,APTOS 2019 (Aravind Eye Hospital),train_images/7e5a76c4e103.png,0,Grade 0: No Apparent DR,train,c8271a5a17b97b6f10f613cb45407ecc9f3bf5c2d56b02a8d8c90a7748e26e0a
da44f80b422b,APTOS-P3032,APTOS 2019 (Aravind Eye Hospital),train_images/da44f80b422b.png,2,Grade 2: Moderate NPDR,train,056bc666cee0242d05f6092d0c278a05eaaf92065d0b85336c619335fcfb4df4
2a93334f663a,APTOS-P0605,APTOS 2019 (Aravind Eye Hospital),train_images/2a93334f663a.png,0,Grade 0: No Apparent DR,train,635d46ce270bf8b441d01f3112eb3228a5569ad38670097dce045a7a0a2c598a
9e5737f771c3,APTOS-P2187,APTOS 2019 (Aravind Eye Hospital),train_images/9e5737f771c3.png,0,Grade 0: No Apparent DR,train,dae55c79c4313e39398c1ab0850ba507fc307d98ba008bde0bfcba3df0d98aa8
63c3c571b8ee,APTOS-P1397,APTOS 2019 (Aravind Eye Hospital),train_images/63c3c571b8ee.png,2,Grade 2: Moderate NPDR,val,79c8922b23b6fc16341c82c1b09f026a3218f90b3ac11cabc401e5fc940a7b77
e23add229074,APTOS-P3131,APTOS 2019 (Aravind Eye Hospital),train_images/e23add229074.png,4,Grade 4: Proliferative DR,train,8d7d476c940dacb5ed935ee07c6a626cb1e9721895f91b16265a23589883532d
b8ac328009e0,APTOS-P2583,APTOS 2019 (Aravind Eye Hospital),train_images/b8ac328009e0.png,2,Grade 2: Moderate NPDR,test,791a5b581082227a24b5cb0655cbffd13b076de45ce89bc2fd86217260892421
7e70344b0c25,APTOS-P1748,APTOS 2019 (Aravind Eye Hospital),train_images/7e70344b0c25.png,0,Grade 0: No Apparent DR,train,c38fc489bf4a428b905eb4e52601ae2a55ec5ab8b9e19cca193756ca78bd7d74
bdb98063fe84,APTOS-P2652,APTOS 2019 (Aravind Eye Hospital),train_images/bdb98063fe84.png,2,Grade 2: Moderate NPDR,train,19538f357c8ed67a672ddb8684632034c00f19c9d7569a5bb2d1acb8a59ab408
23148a40ecb0,APTOS-P0488,APTOS 2019 (Aravind Eye Hospital),train_images/23148a40ecb0.png,2,Grade 2: Moderate NPDR,test,f163aa212a44f116b08a2b200cf6f20c5f68027a693c844a71e12fd88faa7082
79ade634c633,APTOS-P1684,APTOS 2019 (Aravind Eye Hospital),train_images/79ade634c633.png,0,Grade 0: No Apparent DR,train,fc131458db78ea83b3e2123743cc0bcd071ef789e611af2cf22d8ebea53cee02
3810040096cb,APTOS-P0770,APTOS 2019 (Aravind Eye Hospital),train_images/3810040096cb.png,4,Grade 4: Proliferative DR,train,94e6fc3da8011014b9c5bb9a824bb35504965a3e973628280715ab255db6546b
a73d012c4c38,APTOS-P2316,APTOS 2019 (Aravind Eye Hospital),train_images/a73d012c4c38.png,0,Grade 0: No Apparent DR,val,44c27eb62cec34e79f7779ec1122cf2119542892c7b0078ba31c29fd60004064
52886bed8a07,APTOS-P1170,APTOS 2019 (Aravind Eye Hospital),train_images/52886bed8a07.png,2,Grade 2: Moderate NPDR,test,8473ceb0430d1d7ffb385f8f6a3acf2dc120023ea15d6c84eaace0bca95e568b
a484bdf85b4c,APTOS-P2284,APTOS 2019 (Aravind Eye Hospital),train_images/a484bdf85b4c.png,0,Grade 0: No Apparent DR,train,689947ca9309152627487eff4903539ba91fb7258d55fb150975cba604beb3d6
f901d460517c,APTOS-P3428,APTOS 2019 (Aravind Eye Hospital),train_images/f901d460517c.png,3,Grade 3: Severe NPDR,test,26440863a1ed4817aeff46be960e841eb9f36878a61e62c459f8f0f477170f2d
06024377d573,APTOS-P0077,APTOS 2019 (Aravind Eye Hospital),train_images/06024377d573.png,2,Grade 2: Moderate NPDR,val,6828978ba85e7ab3ec422f07cf24439991333c95b983c4dfacf35bad4c7cfd94
883ddb650967,APTOS-P1891,APTOS 2019 (Aravind Eye Hospital),train_images/883ddb650967.png,0,Grade 0: No Apparent DR,train,708f92038a3b14a114a7f4d9329bd56eb1794ab083e18ca2053e324e68d51e71
24de56d433cd,APTOS-P0512,APTOS 2019 (Aravind Eye Hospital),train_images/24de56d433cd.png,0,Grade 0: No Apparent DR,val,d4b7d48ecdb79be03ecc05a75624d6623a39b444ebe5ac6f9bcf678b858909e1
f4df3d86688d,APTOS-P3373,APTOS 2019 (Aravind Eye Hospital),train_images/f4df3d86688d.png,0,Grade 0: No Apparent DR,train,f4c8078cd980e53f7750c03e0dfdca9abb24451e4690b8b7c85117daab5802af
19244004583f,APTOS-P0344,APTOS 2019 (Aravind Eye Hospital),train_images/19244004583f.png,3,Grade 3: Severe NPDR,train,869b0d2b4c9137f529088aef4e71e7d00ad063f97167569283db20a0f708e578
6e3526053de0,APTOS-P1544,APTOS 2019 (Aravind Eye Hospital),train_images/6e3526053de0.png,0,Grade 0: No Apparent DR,train,59cc3855ad1a4acad95e1d62691893d5561119d2bafd0989a0e754098476c4a5
5b301a6d1ac7,APTOS-P1285,APTOS 2019 (Aravind Eye Hospital),train_images/5b301a6d1ac7.png,2,Grade 2: Moderate NPDR,train,963e15f2ae5187cd1a4872c903947ed9dd02d4830bf9f27875cdc302feffc89b
77e7c7a160c8,APTOS-P1661,APTOS 2019 (Aravind Eye Hospital),train_images/77e7c7a160c8.png,2,Grade 2: Moderate NPDR,train,f6213a478d2d92001ee47ee6908443a622aab8da48992219a852c31612749b0f
9d62478042b6,APTOS-P2174,APTOS 2019 (Aravind Eye Hospital),train_images/9d62478042b6.png,0,Grade 0: No Apparent DR,val,b86ea9de8e0da866a39b3e82783b6c1521c010d885789beddc36234841725264
b8dab47a260e,APTOS-P2584,APTOS 2019 (Aravind Eye Hospital),train_images/b8dab47a260e.png,0,Grade 0: No Apparent DR,train,7c1017a77eddb930787d86b17637783bd0c5181c8c691779c8cda5e4adbe4848
8860c7b11530,APTOS-P1894,APTOS 2019 (Aravind Eye Hospital),train_images/8860c7b11530.png,2,Grade 2: Moderate NPDR,val,8c88f9102636637b1aadfa227158a5fd6c547911857f5cfd59933b99fc815652
7f6690fa390a,APTOS-P1769,APTOS 2019 (Aravind Eye Hospital),train_images/7f6690fa390a.png,0,Grade 0: No Apparent DR,train,104b6b009406d6dcd3d45140a0eebfcb1d5b2656aefd308c57bd234e441a6263
d30d079e6f9a,APTOS-P2935,APTOS 2019 (Aravind Eye Hospital),train_images/d30d079e6f9a.png,0,Grade 0: No Apparent DR,val,d579aab6fc0fed02e3fce65e3d6648dc52f70af7e90ab2b5631eb809e7170466
f64b6e85f1c9,APTOS-P3397,APTOS 2019 (Aravind Eye Hospital),train_images/f64b6e85f1c9.png,0,Grade 0: No Apparent DR,train,0bff1a671941bb491ebf9a9450d13b0e910e1e1786b694899d935132261774fd
a82a12ad3fb1,APTOS-P2333,APTOS 2019 (Aravind Eye Hospital),train_images/a82a12ad3fb1.png,0,Grade 0: No Apparent DR,val,0254d4b2c47c1e16e0adf887ef6b0595927aaf65f336326ed7b25e086605e616
eda29a9d78f3,APTOS-P3286,APTOS 2019 (Aravind Eye Hospital),train_images/eda29a9d78f3.png,0,Grade 0: No Apparent DR,train,4b1c88e67aa63731d86154e8352e1621696494506e4ad14f91e6f192afb14437
7f6ce40f306b,APTOS-P1770,APTOS 2019 (Aravind Eye Hospital),train_images/7f6ce40f306b.png,2,Grade 2: Moderate NPDR,train,ae76b8214f80a421def360c19aa5dfd9e689f46e02fc236cb1021d25f70583f8
b69c224edd6e,APTOS-P2548,APTOS 2019 (Aravind Eye Hospital),train_images/b69c224edd6e.png,0,Grade 0: No Apparent DR,train,9634ee04c0e307ffd22a268b3cdff4cca3f3dd028332fe793686975e641719d7
b06dabab4f09,APTOS-P2470,APTOS 2019 (Aravind Eye Hospital),train_images/b06dabab4f09.png,2,Grade 2: Moderate NPDR,train,99c1491e52373c8ba098f013d3d19dbae0aae094171471b84be2edaae2f98256
12ae44be0d38,APTOS-P0249,APTOS 2019 (Aravind Eye Hospital),train_images/12ae44be0d38.png,0,Grade 0: No Apparent DR,val,15a96c80755e3981c85ce92af50479ea8a9b46baa74cafa12c9a6bc20e74db34
00cb6555d108,APTOS-P0010,APTOS 2019 (Aravind Eye Hospital),train_images/00cb6555d108.png,1,Grade 1: Mild NPDR,train,0ea4560caf9c6919e55e4b2ace79aada51f5695249124abd553e259e3515caf0
aad0c0ee9268,APTOS-P2383,APTOS 2019 (Aravind Eye Hospital),train_images/aad0c0ee9268.png,2,Grade 2: Moderate NPDR,test,3d6aac2f0c16655fc1d518bd3d19ea08a11f4b26a79a93bd4c6232df566d2f98
7831ce1d895e,APTOS-P1667,APTOS 2019 (Aravind Eye Hospital),train_images/7831ce1d895e.png,0,Grade 0: No Apparent DR,train,6b15be3d7b3a615fc9ea44befc1a83e3b050e7609b1fea6045ccc8f92636d197
525acfea47e8,APTOS-P1165,APTOS 2019 (Aravind Eye Hospital),train_images/525acfea47e8.png,2,Grade 2: Moderate NPDR,train,c39156dd97fb20db581ca1be3c10f0deadf418d41bf2b471f42c341a484379a7
441848e0f308,APTOS-P0931,APTOS 2019 (Aravind Eye Hospital),train_images/441848e0f308.png,0,Grade 0: No Apparent DR,val,7f261bacc51e2471b746e0bc459a1de3c8864b50d322d85226530553cc07c58e
0efc93ec838b,APTOS-P0203,APTOS 2019 (Aravind Eye Hospital),train_images/0efc93ec838b.png,2,Grade 2: Moderate NPDR,val,398e24b21003a7c850ca535a95127b548714cdc4d70e8315682fe73fce6d705f
d3be5346684b,APTOS-P2940,APTOS 2019 (Aravind Eye Hospital),train_images/d3be5346684b.png,2,Grade 2: Moderate NPDR,val,46cedc0119284d1b7d2f65d452b699795691744a66d4177b0e6cf2757adc4754
1db6bb46c102,APTOS-P0414,APTOS 2019 (Aravind Eye Hospital),train_images/1db6bb46c102.png,0,Grade 0: No Apparent DR,train,5c97edd66a1b2926d6cda4925db5d5a01952e391b748d5d9ca1602c9cb0d8446
2408799a09b2,APTOS-P0501,APTOS 2019 (Aravind Eye Hospital),train_images/2408799a09b2.png,0,Grade 0: No Apparent DR,train,951001d813805c54b9d40bebee4e5b8404deaa9719a6e4f76fd4eda3e277e9a2
4528fbbd43a3,APTOS-P0950,APTOS 2019 (Aravind Eye Hospital),train_images/4528fbbd43a3.png,0,Grade 0: No Apparent DR,test,bc08ca014ab2766b2e89b90f52b1b6f5cf851ac4b8647c704d3a7f5f5a926f5d
0ef4c61dc056,APTOS-P0202,APTOS 2019 (Aravind Eye Hospital),train_images/0ef4c61dc056.png,0,Grade 0: No Apparent DR,train,379f32611e6bcb2e1917f47f013ce9f281b243a499cbb14c57cd4f867b2a07c3
1c5e6cdc7ee1,APTOS-P0387,APTOS 2019 (Aravind Eye Hospital),train_images/1c5e6cdc7ee1.png,2,Grade 2: Moderate NPDR,val,f89c45407c0dfba65eefe1269c21f872876967886e34334397a42028c0e51bfc
09f1111a388a,APTOS-P0133,APTOS 2019 (Aravind Eye Hospital),train_images/09f1111a388a.png,0,Grade 0: No Apparent DR,test,880319dbbc669751be32b476b5141622583defd16304bcfa5961e5435079964d
e7291472109b,APTOS-P3204,APTOS 2019 (Aravind Eye Hospital),train_images/e7291472109b.png,0,Grade 0: No Apparent DR,val,b2dc2b9437d103ef80a1d53d9fedd47cf9439e8333a0f3a16027b327fe1b57e8
64678182d8a8,APTOS-P1401,APTOS 2019 (Aravind Eye Hospital),train_images/64678182d8a8.png,1,Grade 1: Mild NPDR,train,94182f6e2cdb27ff6a3014345307854a31b1bb57bbe2405c78cb25d58d9c9477
e387311a840e,APTOS-P3151,APTOS 2019 (Aravind Eye Hospital),train_images/e387311a840e.png,2,Grade 2: Moderate NPDR,train,ae9e6222a7933f71e1daaa627731793a35a7edca6b3c9ea9e2dc35f198553847
5b76117c4bcb,APTOS-P1293,APTOS 2019 (Aravind Eye Hospital),train_images/5b76117c4bcb.png,4,Grade 4: Proliferative DR,train,eb19393e7edf5d2fc60ff27e0d9927868001c8ebc341a715fb2847bcf189a795
5257cb536da2,APTOS-P1164,APTOS 2019 (Aravind Eye Hospital),train_images/5257cb536da2.png,0,Grade 0: No Apparent DR,train,786ae9d15656ade2ef1d6840efb3f1e9cb596eac7265ade482c26efd9339558e
4a05f81b3aba,APTOS-P1014,APTOS 2019 (Aravind Eye Hospital),train_images/4a05f81b3aba.png,0,Grade 0: No Apparent DR,test,e7f34e1dac26b54f50236e9fb251687639c52acf1e08dd49b68f76812be8cdfe
263d8851e33b,APTOS-P0533,APTOS 2019 (Aravind Eye Hospital),train_images/263d8851e33b.png,0,Grade 0: No Apparent DR,val,c1edbb725be71a94417ddc5e14991ec333cef1e03cad26f276ccbd8e299ff81d
42a67337fa8e,APTOS-P0903,APTOS 2019 (Aravind Eye Hospital),train_images/42a67337fa8e.png,2,Grade 2: Moderate NPDR,train,dc36b8af5be7dd13cf1ea4143d56544a320c55926c86886103bad3e8b5e6ebfc
612f2df37a1d,APTOS-P1359,APTOS 2019 (Aravind Eye Hospital),train_images/612f2df37a1d.png,4,Grade 4: Proliferative DR,train,10672ba026cc9d25f6721d924c1f031ab5ba1bae186c9c6aebc9d62c9a448036
3a1d3ce00f0c,APTOS-P0797,APTOS 2019 (Aravind Eye Hospital),train_images/3a1d3ce00f0c.png,2,Grade 2: Moderate NPDR,train,b6ddb8270d87a05932383ab06fe1e5a94143f1f7e160c89a5b360acfba35a972
ae8424cdb029,APTOS-P2440,APTOS 2019 (Aravind Eye Hospital),train_images/ae8424cdb029.png,2,Grade 2: Moderate NPDR,train,71dceee3fe7f8d2b3824739d13f8a0c4f3cdbc5611d389bd138b99e85de17ae2
20f86e068276,APTOS-P0463,APTOS 2019 (Aravind Eye Hospital),train_images/20f86e068276.png,0,Grade 0: No Apparent DR,train,b664190a38f95e2bc618d8a1923ce40ab3d0f7806f761b6e8468de1811c37c17
99c6a123ed6a,APTOS-P2127,APTOS 2019 (Aravind Eye Hospital),train_images/99c6a123ed6a.png,0,Grade 0: No Apparent DR,train,da1caf24be09300b50d48a10e07f3ac860a4d78f81e3d4ce3625dab825d7fb09
3c326543fff6,APTOS-P0824,APTOS 2019 (Aravind Eye Hospital),train_images/3c326543fff6.png,0,Grade 0: No Apparent DR,train,562ffbb4948dd2fbad66144f22b14bbec6b52341b3531dd9610aef84b4241b89
55f7f018c61c,APTOS-P1217,APTOS 2019 (Aravind Eye Hospital),train_images/55f7f018c61c.png,0,Grade 0: No Apparent DR,train,9face6154f3585f96d11b8af414a5290dc918094d8fe8adf37750e719fd1e3d4
ec01f0862669,APTOS-P3267,APTOS 2019 (Aravind Eye Hospital),train_images/ec01f0862669.png,0,Grade 0: No Apparent DR,test,1e53e01e294d4cb8ec94ba58557e2ec3c90b80cb9a58a4775083974a66f67d88
165c548185f8,APTOS-P0303,APTOS 2019 (Aravind Eye Hospital),train_images/165c548185f8.png,0,Grade 0: No Apparent DR,train,1533b5c3ec62a05e0fe07a71f5c0cb602092e62754aaf73203afbc0bd639ce1d
2f284b6a1940,APTOS-P0655,APTOS 2019 (Aravind Eye Hospital),train_images/2f284b6a1940.png,4,Grade 4: Proliferative DR,train,f298f6eb66927f97e8dde910a84bdec8acd5a768bff3631c5552505b3f529ea6
3e1f8fecb06f,APTOS-P0847,APTOS 2019 (Aravind Eye Hospital),train_images/3e1f8fecb06f.png,2,Grade 2: Moderate NPDR,train,85da5939d7baffd049b7bc180c1c6308dbaf65efdc46b7bc79eb2575e4ab0c65
ca0f1a17c8e5,APTOS-P2806,APTOS 2019 (Aravind Eye Hospital),train_images/ca0f1a17c8e5.png,2,Grade 2: Moderate NPDR,train,53aae977786c02eb8473cd6fafc9decd2afec8c50c27f15981ad90b4bb7ee406
789c60cba801,APTOS-P1674,APTOS 2019 (Aravind Eye Hospital),train_images/789c60cba801.png,0,Grade 0: No Apparent DR,train,089e6200f46168da1f726973c99a958bf65f34bb8faec55e415db53888d32fb2
9688c6ef5dc5,APTOS-P2076,APTOS 2019 (Aravind Eye Hospital),train_images/9688c6ef5dc5.png,0,Grade 0: No Apparent DR,train,302f3a8c196e4e12043eff7e9473d1decd8e09753fba43321824772ba1c6c0d0
fe2df69676cf,APTOS-P3485,APTOS 2019 (Aravind Eye Hospital),train_images/fe2df69676cf.png,1,Grade 1: Mild NPDR,train,00eb31c5f74d0e3fb63127012fae4e5f31cbd543f3dc771bb25390e0123ff9a2
535682537302,APTOS-P1186,APTOS 2019 (Aravind Eye Hospital),train_images/535682537302.png,0,Grade 0: No Apparent DR,val,b8cfcac95ca72d473a8046391b7d379dadcfc9605f3ee9b4245728c8f1f6cb30
c8fc0df22999,APTOS-P2793,APTOS 2019 (Aravind Eye Hospital),train_images/c8fc0df22999.png,1,Grade 1: Mild NPDR,val,a9d9acc0aaccd618cd72d665eb1cafa74291d8aa6443efd9ace42896cf40d996
a1872f9c0cba,APTOS-P2240,APTOS 2019 (Aravind Eye Hospital),train_images/a1872f9c0cba.png,0,Grade 0: No Apparent DR,train,47ac989c18812013695e30c6e3bdc888ac4d7ef5a544a4483a3d0fd92c19b5aa
8b568d47a1fd,APTOS-P1935,APTOS 2019 (Aravind Eye Hospital),train_images/8b568d47a1fd.png,0,Grade 0: No Apparent DR,train,4c5fa746c16ce73185ebde522afb970adeb4d06399398ecc4f4af32aaf774a59
328d141ed3aa,APTOS-P0699,APTOS 2019 (Aravind Eye Hospital),train_images/328d141ed3aa.png,0,Grade 0: No Apparent DR,train,84bea2a89dddaab9edccc6a60d9a88e1b5ffd53dd7ceb4c3ece3521717aae85e
5bea250d8bf5,APTOS-P1299,APTOS 2019 (Aravind Eye Hospital),train_images/5bea250d8bf5.png,0,Grade 0: No Apparent DR,train,d3a72caf07fb76d7ddfa82718208dd9291a2b588f23aae02fd3193eb57cd9bb5
e39b627cf648,APTOS-P2590,APTOS 2019 (Aravind Eye Hospital),train_images/e39b627cf648.png,4,Grade 4: Proliferative DR,train,82bed485e556af87ca426bdb63ad2380ee5144f6048a053b103060f19afddf88
c56e65f74187,APTOS-P2746,APTOS 2019 (Aravind Eye Hospital),train_images/c56e65f74187.png,1,Grade 1: Mild NPDR,train,dbfb31d2c871dc1230c5c2988bd910d1bd664ce1b193ee5cbcda762310cb6dd6
4ccee4db09b6,APTOS-P1059,APTOS 2019 (Aravind Eye Hospital),train_images/4ccee4db09b6.png,0,Grade 0: No Apparent DR,train,706c8db53ebc17d8cb943bc52e6d626df26756cc0a6990f91df1cb7f8f3a97ba
b99794a0beed,APTOS-P2600,APTOS 2019 (Aravind Eye Hospital),train_images/b99794a0beed.png,2,Grade 2: Moderate NPDR,train,70de3bbbb4c279c25105ad4596312e8815cec6826e6b0055012fce25f6bc90d4
fcc6aa6755e6,APTOS-P1356,APTOS 2019 (Aravind Eye Hospital),train_images/fcc6aa6755e6.png,3,Grade 3: Severe NPDR,val,c3bc6b091c349557df8beeb1965f3b81f141fea0753eed7585b8eefddba79603
2967e578939f,APTOS-P0584,APTOS 2019 (Aravind Eye Hospital),train_images/2967e578939f.png,2,Grade 2: Moderate NPDR,train,53a58feecc0beb2af98151a9782b6167e3c091c88c2fa8d4b775c5e6c57ed7e6
568455854a11,APTOS-P1222,APTOS 2019 (Aravind Eye Hospital),train_images/568455854a11.png,0,Grade 0: No Apparent DR,train,a8494c8be01fe338daba0ac5c41c22ca28c53b57e76c92c52939df7b7945f25f
bdff5d8bddf8,APTOS-P2656,APTOS 2019 (Aravind Eye Hospital),train_images/bdff5d8bddf8.png,4,Grade 4: Proliferative DR,train,c000b4dc1a76fca05c26cd5834309954cd1b93ac18b51fe18bedd0679e3ea299
2a47e5b21791,APTOS-P0601,APTOS 2019 (Aravind Eye Hospital),train_images/2a47e5b21791.png,2,Grade 2: Moderate NPDR,train,33df0283791177d25b5bb49c2cea8fa788572b6581720f20d5f11dbf8ff4e492
07a3be30563b,APTOS-P0101,APTOS 2019 (Aravind Eye Hospital),train_images/07a3be30563b.png,2,Grade 2: Moderate NPDR,train,93eb0c8b54b7729bb581d7b6d101a84539860bef40aa5e50845ca2fca7896685
aa5ce75edcf5,APTOS-P2372,APTOS 2019 (Aravind Eye Hospital),train_images/aa5ce75edcf5.png,2,Grade 2: Moderate NPDR,train,0b16d982c8b4e84b7d9e8e34a0b6e71ce33e922faea57f0123e2838e22e614d4
8b58f9a338e8,APTOS-P1936,APTOS 2019 (Aravind Eye Hospital),train_images/8b58f9a338e8.png,0,Grade 0: No Apparent DR,val,014c162127823ee8e8c20e02e58400d806d4ae3b9c6beb5a2a9c9cac71614a2f
80d24897669f,APTOS-P1785,APTOS 2019 (Aravind Eye Hospital),train_images/80d24897669f.png,1,Grade 1: Mild NPDR,test,f522290c40518da7fa4f2b4dfec5c023f03e2a1ea57eb49821112b78a87653aa
de778495a1cd,APTOS-P3079,APTOS 2019 (Aravind Eye Hospital),train_images/de778495a1cd.png,2,Grade 2: Moderate NPDR,train,9ccdb534e86766eb928803b66352d53c75756fbc9d253c8b100707114b44d7d7
06be1092a062,APTOS-P0084,APTOS 2019 (Aravind Eye Hospital),train_images/06be1092a062.png,0,Grade 0: No Apparent DR,train,fc4b44d1d49ac2d2d8b1ae5be1707e4db5fcbe190ba2bb64024986701c06a1a9
94145d1f42cf,APTOS-P2053,APTOS 2019 (Aravind Eye Hospital),train_images/94145d1f42cf.png,0,Grade 0: No Apparent DR,train,5c656040ad6832b8c2f563751e057496f67544abe844b654d8a46eee5a771468
9faad91b6578,APTOS-P2203,APTOS 2019 (Aravind Eye Hospital),train_images/9faad91b6578.png,2,Grade 2: Moderate NPDR,train,d0d70013a21157d78d39bbe431f715be446a87b7c9808f2d7ed78c6796e49139
3c28fd846b43,APTOS-P0822,APTOS 2019 (Aravind Eye Hospital),train_images/3c28fd846b43.png,0,Grade 0: No Apparent DR,train,f81a35f6f04ede2bab7c0e61e9fcc8114fa8bab5bfaac210b8dffd194c9d8b7b
65c958379680,APTOS-P0237,APTOS 2019 (Aravind Eye Hospital),train_images/65c958379680.png,4,Grade 4: Proliferative DR,train,aa39d2bdfacac121cf33c5b550a1ca6fd8549ba08b19037f8fbb95ba1ea7bf6b
bf7b4eae7ad0,APTOS-P1005,APTOS 2019 (Aravind Eye Hospital),train_images/bf7b4eae7ad0.png,0,Grade 0: No Apparent DR,train,0655a4c10aeece7c96d2409ca2a3f430dfcab7c09c7b30982eefe25442cccbd8
9519a590985d,APTOS-P2064,APTOS 2019 (Aravind Eye Hospital),train_images/9519a590985d.png,0,Grade 0: No Apparent DR,train,e03e9de6467440641b47eb03e4c88d697c122fd1bc6b2f10039db220f76593ae
db52626d450c,APTOS-P3047,APTOS 2019 (Aravind Eye Hospital),train_images/db52626d450c.png,0,Grade 0: No Apparent DR,train,66cb2ed5b4a80f62eb3040ddb907b6191f82c77a8b03a675df2ee94383ef8be4
ea4ce9516144,APTOS-P3242,APTOS 2019 (Aravind Eye Hospital),train_images/ea4ce9516144.png,0,Grade 0: No Apparent DR,test,9544aa2245fa3250a91c10c5e3634286695a2914fe10ed814d80e7581a3d998e
e68746d426b2,APTOS-P3196,APTOS 2019 (Aravind Eye Hospital),train_images/e68746d426b2.png,0,Grade 0: No Apparent DR,train,93ac3242a63a43bf58122fd480b80bc7035d3c2d2a19bbdb214fc42b78e26829
6762b2b48ea5,APTOS-P1448,APTOS 2019 (Aravind Eye Hospital),train_images/6762b2b48ea5.png,1,Grade 1: Mild NPDR,test,2a19bf4e125376eae5e1238f8ff3774247a6eee53c2710fcc805e5ac5007f60d
1e4b3b823b95,APTOS-P0426,APTOS 2019 (Aravind Eye Hospital),train_images/1e4b3b823b95.png,2,Grade 2: Moderate NPDR,test,5233d43c302764d303eaff5bc2786db33083ece14bf7b7e575fb5250780be504
65f5d2a6eb7e,APTOS-P1425,APTOS 2019 (Aravind Eye Hospital),train_images/65f5d2a6eb7e.png,0,Grade 0: No Apparent DR,train,708710bcbb6328dd2c27342648df61a9c31c720a7b2b1d3f398fc95da40f2e4a
c546670d9684,APTOS-P0678,APTOS 2019 (Aravind Eye Hospital),train_images/c546670d9684.png,0,Grade 0: No Apparent DR,train,1590e150ef0845c9ebf1aaad333e5de5e483077a017b0fe73077751558db46be
a93f1ea3ff4a,APTOS-P2353,APTOS 2019 (Aravind Eye Hospital),train_images/a93f1ea3ff4a.png,2,Grade 2: Moderate NPDR,train,ef228d48b4d1e72e96d90813cd3be7317ca804c45df0cafe863468710be5f297
6d4f6c9a8406,APTOS-P1526,APTOS 2019 (Aravind Eye Hospital),train_images/6d4f6c9a8406.png,0,Grade 0: No Apparent DR,train,f24f6682f7a8cebfbea5f2f2844a215aa5d257aad4cb39a20fe99dfaf48d83f5
b3f31c371e59,APTOS-P2512,APTOS 2019 (Aravind Eye Hospital),train_images/b3f31c371e59.png,0,Grade 0: No Apparent DR,train,a943b4910ec6fdc4cb47e62e7015324397a55f59d7aaa7203fe825e9c6324a70
15cc2aef772a,APTOS-P0288,APTOS 2019 (Aravind Eye Hospital),train_images/15cc2aef772a.png,1,Grade 1: Mild NPDR,train,c0f460b4b9fbdc8827b43e83db580398ec70bcda887dd172fc22f9076c481c95
ac0a48ccbf70,APTOS-P2404,APTOS 2019 (Aravind Eye Hospital),train_images/ac0a48ccbf70.png,0,Grade 0: No Apparent DR,train,ecd9b47e84693bf423352598279aa30d19ccda2ce1a92e4c76cc6cac78006ce2
bcdc8db5423b,APTOS-P2643,APTOS 2019 (Aravind Eye Hospital),train_images/bcdc8db5423b.png,2,Grade 2: Moderate NPDR,train,314a57e6bbb8b105967852b6bb3b022754440dea01ee7709c6422507d14213f9
f092febbf5c0,APTOS-P3328,APTOS 2019 (Aravind Eye Hospital),train_images/f092febbf5c0.png,3,Grade 3: Severe NPDR,train,dd7b80312c7cf3d248c3a0b7972c20b1acbe3bc8e95e32498babcb146347f78c
aca88f566228,APTOS-P2411,APTOS 2019 (Aravind Eye Hospital),train_images/aca88f566228.png,2,Grade 2: Moderate NPDR,val,ebb85cac85b17b19ff4c0172903af4013dfbb4685921f74c0cdbbbbb2a26c222
8a25a080f28f,APTOS-P1915,APTOS 2019 (Aravind Eye Hospital),train_images/8a25a080f28f.png,1,Grade 1: Mild NPDR,train,1b546e71d091e24948c43907282cdd0f0a4ade0546ad509608a71e06f619d6b8
b7ce561a7328,APTOS-P2571,APTOS 2019 (Aravind Eye Hospital),train_images/b7ce561a7328.png,0,Grade 0: No Apparent DR,train,d40a6fa33c68fa99284f1ed941056f58420acf89fa0eba321dc9657d4fea837b
8db2ce991101,APTOS-P1964,APTOS 2019 (Aravind Eye Hospital),train_images/8db2ce991101.png,4,Grade 4: Proliferative DR,val,39797cd3d5c70c9684292200da96ac560746a74f14e4fdb879e945b33bb86502
8448af27ba07,APTOS-P1836,APTOS 2019 (Aravind Eye Hospital),train_images/8448af27ba07.png,0,Grade 0: No Apparent DR,train,b670fa3632472296b827cdb47db1da51f820c9d128567bc625d3e88101323d8a
d99dd99be001,APTOS-P3020,APTOS 2019 (Aravind Eye Hospital),train_images/d99dd99be001.png,0,Grade 0: No Apparent DR,train,6e180ff8dfba5aa11e06855ffc28aea3450f2091ab114167d0250a987db5f781
46c1548d730e,APTOS-P0971,APTOS 2019 (Aravind Eye Hospital),train_images/46c1548d730e.png,2,Grade 2: Moderate NPDR,train,55b1a7ec2daa7bdb7e87bc9b0afbe62110ac75722de0cc6a101ae5c864c048e7
1dfbede13143,APTOS-P0421,APTOS 2019 (Aravind Eye Hospital),train_images/1dfbede13143.png,2,Grade 2: Moderate NPDR,val,2e52386e9bd0910c7b380496191588899e4c8aa86e698b0ab2c01137dd61f546
a7673ac44509,APTOS-P2319,APTOS 2019 (Aravind Eye Hospital),train_images/a7673ac44509.png,0,Grade 0: No Apparent DR,test,11e94af3c7caf1c4bd9f230061b5deb209af015c136120bf0b9861fc6caa3eba
a45d77edf8d9,APTOS-P2281,APTOS 2019 (Aravind Eye Hospital),train_images/a45d77edf8d9.png,2,Grade 2: Moderate NPDR,train,0203b378375818e273fd2298b8057b0ce76c83b63fb7fb0189daf1d3d0a2f1f2
956765d5f46d,APTOS-P2065,APTOS 2019 (Aravind Eye Hospital),train_images/956765d5f46d.png,0,Grade 0: No Apparent DR,train,97f67ba1390624efe5f8b9695b7175de6f82ff02c75b673214658490cdd70443
e7defafeb957,APTOS-P3212,APTOS 2019 (Aravind Eye Hospital),train_images/e7defafeb957.png,2,Grade 2: Moderate NPDR,train,122089170959c77175b987685257544598ae2b6df9932bbcc6c6d3059b2a95a6
7435e9a3e36e,APTOS-P1612,APTOS 2019 (Aravind Eye Hospital),train_images/7435e9a3e36e.png,0,Grade 0: No Apparent DR,train,10cd4e8f3d2fa0bdf0dc6a784905d1e241ced5f304b267a7e45d868c927f29e6
8e63fc4ab532,APTOS-P1973,APTOS 2019 (Aravind Eye Hospital),train_images/8e63fc4ab532.png,2,Grade 2: Moderate NPDR,train,d3a9b43375ba529e54642024f1005a629e2d7bdc60e6c19b4fa221eed1b4e540
8a87dd2a784e,APTOS-P1921,APTOS 2019 (Aravind Eye Hospital),train_images/8a87dd2a784e.png,0,Grade 0: No Apparent DR,train,09df5fa7601933bbe7039d2bf1468d872f49d98916daa1932365c5cf37b6feab
46cdc8b685bd,APTOS-P0972,APTOS 2019 (Aravind Eye Hospital),train_images/46cdc8b685bd.png,4,Grade 4: Proliferative DR,train,4e589e3731f2a7ff70f5753182e199b0d7c695775a93973e5e8a6040f0ed4722
378963f9df22,APTOS-P0764,APTOS 2019 (Aravind Eye Hospital),train_images/378963f9df22.png,4,Grade 4: Proliferative DR,train,871e89e21eaa1a61907a82071b2e300cd8d7268f76f72e2e245f73955e6cb7e2
222f3ee3a1e8,APTOS-P0477,APTOS 2019 (Aravind Eye Hospital),train_images/222f3ee3a1e8.png,4,Grade 4: Proliferative DR,train,33123106e7de7940330da9c79596852daefb00875648cce566f058b04c6de900
4ed31cc07366,APTOS-P1100,APTOS 2019 (Aravind Eye Hospital),train_images/4ed31cc07366.png,2,Grade 2: Moderate NPDR,test,6fee8b0b7725a7d0969c2623662e23dc55360f886568b846db27d0a67c6cad97
08752092140d,APTOS-P0111,APTOS 2019 (Aravind Eye Hospital),train_images/08752092140d.png,2,Grade 2: Moderate NPDR,train,c01cf262081b254e8e81b8098dcf42dffc2cf3d9526f1df5e8081138bf63971e
83df53d58f28,APTOS-P1827,APTOS 2019 (Aravind Eye Hospital),train_images/83df53d58f28.png,0,Grade 0: No Apparent DR,train,297d264aafb09fd0c8397ab3c8cf80f68e7e6a48d988054902034f4191a781c4
e5d56f4f359b,APTOS-P3183,APTOS 2019 (Aravind Eye Hospital),train_images/e5d56f4f359b.png,2,Grade 2: Moderate NPDR,train,ac2f66c99944cada9470f4363c66753e28d3f2c205bbf1cf429f633a008b5899
f0a2dc580009,APTOS-P3331,APTOS 2019 (Aravind Eye Hospital),train_images/f0a2dc580009.png,0,Grade 0: No Apparent DR,train,cb4886ab25275e669b6355f0fa643e98ba892fb4e874e9a5bf1963ede724576f
6cfb7b44ef6f,APTOS-P1518,APTOS 2019 (Aravind Eye Hospital),train_images/6cfb7b44ef6f.png,4,Grade 4: Proliferative DR,train,34ca02f8f93691558c860d85983e6d5e8d4f5b6fdb7f65b9498a53de2e1b4de8
fe0e2dee1834,APTOS-P3484,APTOS 2019 (Aravind Eye Hospital),train_images/fe0e2dee1834.png,0,Grade 0: No Apparent DR,train,21cc0e84f1743d78132d164823a87e03f98ab9c01f1c20dd109c01619df504a6
d264396d8d1a,APTOS-P2917,APTOS 2019 (Aravind Eye Hospital),train_images/d264396d8d1a.png,2,Grade 2: Moderate NPDR,train,fec79526f5a27ce83337c9ace450a78d6b7af3d2a26cb23a700aa8d3375014fd
3b10191dfd25,APTOS-P0809,APTOS 2019 (Aravind Eye Hospital),train_images/3b10191dfd25.png,0,Grade 0: No Apparent DR,val,26c889f63c2afa46ebabff314adf966384860b0d77be4a68068e28d747ff9cdc
1f07dae3cadb,APTOS-P0017,APTOS 2019 (Aravind Eye Hospital),train_images/1f07dae3cadb.png,2,Grade 2: Moderate NPDR,train,b6acb10b97b687f8fcbbd60a6b0cbc870e4cf0b664ae77071c012cbe0a443009
a1b28bcbce00,APTOS-P2243,APTOS 2019 (Aravind Eye Hospital),train_images/a1b28bcbce00.png,0,Grade 0: No Apparent DR,train,29f80e85a2f8e5f75178efc1528cdaed2c241f340be14aeb6b413513b8f6811d
46923eea9a4e,APTOS-P0969,APTOS 2019 (Aravind Eye Hospital),train_images/46923eea9a4e.png,2,Grade 2: Moderate NPDR,val,fb6cba60543d6e29eace445d19a1432dbd745500818ea863e7f2460125fe74db
6028a575dc27,APTOS-P1347,APTOS 2019 (Aravind Eye Hospital),train_images/6028a575dc27.png,1,Grade 1: Mild NPDR,train,9dc34aa7ce1f855121e5cc59e1adf97348c7c48addb62f5673ad35b2acd34fe3
eb175669d789,APTOS-P3258,APTOS 2019 (Aravind Eye Hospital),train_images/eb175669d789.png,0,Grade 0: No Apparent DR,val,8a96e00e073a2e13691643aab6af10369490bc0d23e7e05336d7bed68bbff8c2
41960d5f58c2,APTOS-P0892,APTOS 2019 (Aravind Eye Hospital),train_images/41960d5f58c2.png,0,Grade 0: No Apparent DR,val,3921fb3e870cfca73b3e0b16f4117a0f1a85391e9d0314b8872841206844e2bd
4ecd1fdd1435,APTOS-P1099,APTOS 2019 (Aravind Eye Hospital),train_images/4ecd1fdd1435.png,1,Grade 1: Mild NPDR,train,cd3f6a09dafce99f960d4ed5f3ec63c51485e3b7e3f3582d97357ddb0d551d73
b549af91bd30,APTOS-P2527,APTOS 2019 (Aravind Eye Hospital),train_images/b549af91bd30.png,0,Grade 0: No Apparent DR,train,40ed6e481fc8d3b55c02723ff4485ccc7041c1c771593375c2b3be3997082cb5
15bed5adde74,APTOS-P0286,APTOS 2019 (Aravind Eye Hospital),train_images/15bed5adde74.png,3,Grade 3: Severe NPDR,train,d569aefc69c686cf334cc9c882b7308871eff0a0f912e0709253a2eea72084b3
ca7570c5925c,APTOS-P2813,APTOS 2019 (Aravind Eye Hospital),train_images/ca7570c5925c.png,2,Grade 2: Moderate NPDR,val,a674dd6a3f5415eff38b64014d117f49675da6a2a4a1651236dbf2f72816d2eb
f298b7d05958,APTOS-P3344,APTOS 2019 (Aravind Eye Hospital),train_images/f298b7d05958.png,0,Grade 0: No Apparent DR,train,8ef800417c64687d94069ba7f44e44616590576393cd8e24a5fe2c3aa973e187
c027e5482e8c,APTOS-P1693,APTOS 2019 (Aravind Eye Hospital),train_images/c027e5482e8c.png,1,Grade 1: Mild NPDR,val,f07678b22e98acaa4b79074ace776e59502286af5fb5da6bfd2bdd8d67c5439c
f58cdfa968be,APTOS-P3386,APTOS 2019 (Aravind Eye Hospital),train_images/f58cdfa968be.png,0,Grade 0: No Apparent DR,train,6cedc6a15e0ff54fd2f8810c6eb60f883465e32d70e4be142a307378de5a85d7
e04f3c6619a3,APTOS-P3101,APTOS 2019 (Aravind Eye Hospital),train_images/e04f3c6619a3.png,0,Grade 0: No Apparent DR,train,c02f5542a9ec7516fa04b8ea4bcda4cced2f8e4ddc817e0d8e6e2f9b956dac97
4210809074c1,APTOS-P0895,APTOS 2019 (Aravind Eye Hospital),train_images/4210809074c1.png,0,Grade 0: No Apparent DR,train,68e7a1123da11d7f9e9e397982c06b162d85366b39675fa80f82869bff45efb2
f23902998c21,APTOS-P3222,APTOS 2019 (Aravind Eye Hospital),train_images/f23902998c21.png,2,Grade 2: Moderate NPDR,train,f63d3f13757ef7ab34714c76b70222925f9511889e07d0ae583b827bb5acb602
523b3f0fc646,APTOS-P1160,APTOS 2019 (Aravind Eye Hospital),train_images/523b3f0fc646.png,1,Grade 1: Mild NPDR,test,2fafeffcceeded028982229188edf851e64a52627ff04c08b890493e4565949d
bb2f89488ecd,APTOS-P2623,APTOS 2019 (Aravind Eye Hospital),train_images/bb2f89488ecd.png,0,Grade 0: No Apparent DR,train,8b8f7883a26f42006f454527b64da545c4d395e7d841ab9b29e4fe08962d3918
8dfff47b06b7,APTOS-P1968,APTOS 2019 (Aravind Eye Hospital),train_images/8dfff47b06b7.png,2,Grade 2: Moderate NPDR,train,575f52280b03db550ea610a82f30707879d7497c4cffc4096505949543470291
d801c0a66738,APTOS-P1459,APTOS 2019 (Aravind Eye Hospital),train_images/d801c0a66738.png,1,Grade 1: Mild NPDR,train,91c0758c78c39f17893cd37f03124c6fe552adda0e06ac8739818614c617d7e8
a721efb1e049,APTOS-P2314,APTOS 2019 (Aravind Eye Hospital),train_images/a721efb1e049.png,2,Grade 2: Moderate NPDR,train,6eb56ff280386d0e5229c0703ccc59e0d43767dec24f5949eee1b5597ac65ba3
f3b6b7ca1eb1,APTOS-P3358,APTOS 2019 (Aravind Eye Hospital),train_images/f3b6b7ca1eb1.png,2,Grade 2: Moderate NPDR,train,3ce567d09b610363ebdb728ebff48ca88c9942715b7d84ad7c10382a48669b3c
07751b94a88a,APTOS-P0094,APTOS 2019 (Aravind Eye Hospital),train_images/07751b94a88a.png,0,Grade 0: No Apparent DR,test,3962bc2e4e215ef89e0c66250765a7820161de734d952bdb4d010d908d2d54d2
b6a0e348a01e,APTOS-P2549,APTOS 2019 (Aravind Eye Hospital),train_images/b6a0e348a01e.png,1,Grade 1: Mild NPDR,train,598f725269386f29e7bb390f93bd91b13207d62385249daa406b0ceb08308e37
7214fc7cbe03,APTOS-P1586,APTOS 2019 (Aravind Eye Hospital),train_images/7214fc7cbe03.png,0,Grade 0: No Apparent DR,train,312afa2bb3e01b640b39c5054a05798c6c4da230832c6d8f2ec6fcca98c57530
ec4649213ccf,APTOS-P3270,APTOS 2019 (Aravind Eye Hospital),train_images/ec4649213ccf.png,1,Grade 1: Mild NPDR,test,a33390e636a38faa78e7e1f77421f7110344e83550fd030918b344d7ea42b83d
b55d2ddb3e75,APTOS-P2529,APTOS 2019 (Aravind Eye Hospital),train_images/b55d2ddb3e75.png,4,Grade 4: Proliferative DR,train,6065d5176aa883d266b77f55d0433acca805d665b226ccce15e4ea5d4a8e813e
88e5051f65bd,APTOS-P1898,APTOS 2019 (Aravind Eye Hospital),train_images/88e5051f65bd.png,0,Grade 0: No Apparent DR,test,165ac8cfe320acdf933b22c71cff9353b84348289923280749c74b47426ebdad
50a2aef380c8,APTOS-P1129,APTOS 2019 (Aravind Eye Hospital),train_images/50a2aef380c8.png,3,Grade 3: Severe NPDR,val,4f4f548839a71832310bd75f4e3dbdf67ac95a40cb05d5e25896c346bd184ebc
0c7e82daf5a0,APTOS-P0165,APTOS 2019 (Aravind Eye Hospital),train_images/0c7e82daf5a0.png,2,Grade 2: Moderate NPDR,train,e2007baa415f45b533cd58dccda82d342864c9239f2fcf17a7f65ba12be53c11
901a3552fe26,APTOS-P1997,APTOS 2019 (Aravind Eye Hospital),train_images/901a3552fe26.png,0,Grade 0: No Apparent DR,val,cfa9679595ad65d2a4cb10bb55d1db2c04bc3e0617fe831850331a1744ffa41c
348598d01e18,APTOS-P0724,APTOS 2019 (Aravind Eye Hospital),train_images/348598d01e18.png,0,Grade 0: No Apparent DR,train,87f6a76d9c3f8d3ce34c20b0bae8cb7c9c906cbe7eeebada760ac40028378a24
4189d4e631ec,APTOS-P0890,APTOS 2019 (Aravind Eye Hospital),train_images/4189d4e631ec.png,2,Grade 2: Moderate NPDR,test,15db5a83007f0b2908150b7374a5fb75cf6023e7159c107a17962dec61c13705
b60dbf9f0744,APTOS-P2540,APTOS 2019 (Aravind Eye Hospital),train_images/b60dbf9f0744.png,2,Grade 2: Moderate NPDR,train,c049afd9410cc6cc6323647115098131a2778abc9e3b1553a734ec8e08b6803f
febfb20dc311,APTOS-P3490,APTOS 2019 (Aravind Eye Hospital),train_images/febfb20dc311.png,0,Grade 0: No Apparent DR,train,383cd2b191908964f0a2c6ef5bbef34e2c40ba4624b04a50636d3434f4f9aa39
1f543a86c4d4,APTOS-P0443,APTOS 2019 (Aravind Eye Hospital),train_images/1f543a86c4d4.png,2,Grade 2: Moderate NPDR,test,061001c0bf04d1dedbba27d194297715efc2c18502a521aabc868efcb057a1f1
b5834ee64541,APTOS-P2533,APTOS 2019 (Aravind Eye Hospital),train_images/b5834ee64541.png,3,Grade 3: Severe NPDR,test,f1e2282d0ea4e132074b750c29e1884d90c359edc14f3e494648ba5cc0641c54
3246f07e65b4,APTOS-P0696,APTOS 2019 (Aravind Eye Hospital),train_images/3246f07e65b4.png,2,Grade 2: Moderate NPDR,train,57d0b626b6bf87bacaac27cc267110044dd2d362abc1febd6fa0ff64b75c341b
f8fc411092c7,APTOS-P3427,APTOS 2019 (Aravind Eye Hospital),train_images/f8fc411092c7.png,2,Grade 2: Moderate NPDR,test,e0668da8a5dbdeac4b1f36ba4b16b7009394ed4c36fa1c9f6b3823dcce56de35
a419fcb2dfb5,APTOS-P2276,APTOS 2019 (Aravind Eye Hospital),train_images/a419fcb2dfb5.png,0,Grade 0: No Apparent DR,train,be971de51b21a49bfe6158b3eea952412fec5650dc23eebb0bdc6c2805c27d2b
0d9a9896f801,APTOS-P0181,APTOS 2019 (Aravind Eye Hospital),train_images/0d9a9896f801.png,0,Grade 0: No Apparent DR,train,9d0e260b4b370305747ac768c7f3e89ae9fec8361b04abdf63ed013cb378c154
248139c423c4,APTOS-P0508,APTOS 2019 (Aravind Eye Hospital),train_images/248139c423c4.png,1,Grade 1: Mild NPDR,test,ee244225ea4b48b63a9ea77dfa528c4db8d60e36b13634ce2a1a447a2520a62f
80c67efc8101,APTOS-P1783,APTOS 2019 (Aravind Eye Hospital),train_images/80c67efc8101.png,0,Grade 0: No Apparent DR,test,f93f18056d6b9de2d05248acf44c184dab1f83208d103285628775f1cf44492c
191a711852bd,APTOS-P0342,APTOS 2019 (Aravind Eye Hospital),train_images/191a711852bd.png,3,Grade 3: Severe NPDR,val,0c6ea27765af226a2c8d6f1403c13a651938831b9a302c198b780990fb031509
874f8c1929f6,APTOS-P1874,APTOS 2019 (Aravind Eye Hospital),train_images/874f8c1929f6.png,0,Grade 0: No Apparent DR,train,37e72b5f0947147b942ff5220309b4de2c80ef19f07b191a9585ce674fff2772
838c87c63422,APTOS-P1822,APTOS 2019 (Aravind Eye Hospital),train_images/838c87c63422.png,4,Grade 4: Proliferative DR,val,75786fe2785d5892a693861632a1fe917320a1b5752389b04321633d363b8b9e
d473f6fafba0,APTOS-P2949,APTOS 2019 (Aravind Eye Hospital),train_images/d473f6fafba0.png,2,Grade 2: Moderate NPDR,test,4aeff46e5ed763a89b805b6e992b343b94b63e619848d9bdd82d030672bfc970
63a03880939c,APTOS-P0073,APTOS 2019 (Aravind Eye Hospital),train_images/63a03880939c.png,1,Grade 1: Mild NPDR,train,bf91d31e7252c4e25392236d8d04601e3130ba943eaa76639d75e39ac53165ab
0790515cf5af,APTOS-P0095,APTOS 2019 (Aravind Eye Hospital),train_images/0790515cf5af.png,0,Grade 0: No Apparent DR,train,4c816ed7af7fd6e942baf258e7e870dd8879736730b7c0dfe4196d165d6ba9bc
c0e15e8e2b46,APTOS-P2699,APTOS 2019 (Aravind Eye Hospital),train_images/c0e15e8e2b46.png,1,Grade 1: Mild NPDR,train,2f25e1f61c2b3b8f5ceff6c3655c804f21765d521273d6ed19923744b10ed40f
5efa24b03d5e,APTOS-P1340,APTOS 2019 (Aravind Eye Hospital),train_images/5efa24b03d5e.png,1,Grade 1: Mild NPDR,test,c128d79d697bacf1ba05b102ccbbe3ee723aebba4492f66d670d511fd33e9723
929cd3867815,APTOS-P2035,APTOS 2019 (Aravind Eye Hospital),train_images/929cd3867815.png,2,Grade 2: Moderate NPDR,train,d7d4b04877633605012a9a110ed5dbc2c3d82c216881d953dd8b72ec1704f6ec
302bcdb635ff,APTOS-P0673,APTOS 2019 (Aravind Eye Hospital),train_images/302bcdb635ff.png,2,Grade 2: Moderate NPDR,val,56e8821a89da86438c6ee28a304f75b101d005135e0fe5383ad6f44b8575f317
d2c5fb82fe5f,APTOS-P2928,APTOS 2019 (Aravind Eye Hospital),train_images/d2c5fb82fe5f.png,0,Grade 0: No Apparent DR,train,08689f8a0c90549654b124acbf6e3e92ce929ec43fc3e981019c1c20bf21bc5a
586f5c56081e,APTOS-P1246,APTOS 2019 (Aravind Eye Hospital),train_images/586f5c56081e.png,0,Grade 0: No Apparent DR,train,df89a2d351224837859c46ae77de60f25a3c1bb45e86d72d14567712c34dd69f
d74ccc796517,APTOS-P2979,APTOS 2019 (Aravind Eye Hospital),train_images/d74ccc796517.png,0,Grade 0: No Apparent DR,val,af18e3cbe777f8eebe63765ba8093e0bbea5257d2baf5463b377a9e732906d32
aa9cfe639ef1,APTOS-P2380,APTOS 2019 (Aravind Eye Hospital),train_images/aa9cfe639ef1.png,2,Grade 2: Moderate NPDR,test,deed5f432144502afa75f6bd9dbd3533bb3d77a98687e1c37c1df30ec154b756
4f0866b90c27,APTOS-P1105,APTOS 2019 (Aravind Eye Hospital),train_images/4f0866b90c27.png,3,Grade 3: Severe NPDR,train,d748c21315bbd25ab105f0b5bdb9534ce20d0eb2c7cf2a8a1c0b2c0123a38a83
ed2c06fcc573,APTOS-P3277,APTOS 2019 (Aravind Eye Hospital),train_images/ed2c06fcc573.png,2,Grade 2: Moderate NPDR,train,2fa98f7a45c300e6975f39f5070879511edac8ff848dd9a67c5df6761132f86e
35aa7f5c2ec0,APTOS-P0383,APTOS 2019 (Aravind Eye Hospital),train_images/35aa7f5c2ec0.png,1,Grade 1: Mild NPDR,train,fd788f50e4505435be5e11f282aaf72040d730bff1386a176224e7389a358fb8
f1d719c97838,APTOS-P3338,APTOS 2019 (Aravind Eye Hospital),train_images/f1d719c97838.png,0,Grade 0: No Apparent DR,train,47e2677b1537f3021fc6fd49761669d4359aa948b033f1cdc8970fe183b1d92b
882a71de424e,APTOS-P1889,APTOS 2019 (Aravind Eye Hospital),train_images/882a71de424e.png,2,Grade 2: Moderate NPDR,test,24fafae20a1d37369cc850cf14af96534c352d88d1b384afe32b7a62e9a6ab7a
33596a635b53,APTOS-P0707,APTOS 2019 (Aravind Eye Hospital),train_images/33596a635b53.png,0,Grade 0: No Apparent DR,test,93f54e934a88da49bcc9031439187cdc2aefe71af10fc26922ed6346b07658cb
42b08dca9b2f,APTOS-P0906,APTOS 2019 (Aravind Eye Hospital),train_images/42b08dca9b2f.png,2,Grade 2: Moderate NPDR,train,210003381f4f32148766bfc953371d0a57236a769de088200da814df0216f396
44ecf3f4efa5,APTOS-P0947,APTOS 2019 (Aravind Eye Hospital),train_images/44ecf3f4efa5.png,4,Grade 4: Proliferative DR,train,cbb043fc9c61245661bcd23693f1ae5a25d40ee2418290971760700235d6da1b
a19507501b40,APTOS-P0797,APTOS 2019 (Aravind Eye Hospital),train_images/a19507501b40.png,2,Grade 2: Moderate NPDR,train,c5a80617181fc39fcc70282ff898e5f63e6f298ff4969cb11bdba2046a8802e7
370f575adb23,APTOS-P0758,APTOS 2019 (Aravind Eye Hospital),train_images/370f575adb23.png,0,Grade 0: No Apparent DR,train,a56dc246700a425ebd10611c996438eb0e7cad8646595762e56d5546cf49f71e
2cceb07ff706,APTOS-P0629,APTOS 2019 (Aravind Eye Hospital),train_images/2cceb07ff706.png,2,Grade 2: Moderate NPDR,train,685f06308eb492e85eedf4092cfbd8a9e2c36c7620579e3356ec65af0d09b939
fc898dfeb24f,APTOS-P3465,APTOS 2019 (Aravind Eye Hospital),train_images/fc898dfeb24f.png,0,Grade 0: No Apparent DR,train,31f2fd5ea4124e73962009efbeed2db8f6455a170e1793a8becf0a9295d7c162
52edbe29d655,APTOS-P1178,APTOS 2019 (Aravind Eye Hospital),train_images/52edbe29d655.png,0,Grade 0: No Apparent DR,train,499cc4fca9d1a834ebf60ccfd021f9fd313095ff4424b695307e587dfd557bb8
b2aaa81cc8f0,APTOS-P2499,APTOS 2019 (Aravind Eye Hospital),train_images/b2aaa81cc8f0.png,2,Grade 2: Moderate NPDR,train,583c8fcaf98a136d242b9a986e7e598c686579714e71dde008f5bd0f73c06880
c40976189f22,APTOS-P2735,APTOS 2019 (Aravind Eye Hospital),train_images/c40976189f22.png,1,Grade 1: Mild NPDR,train,fac9da4e8d6d37036cd082604b87b85446aea5bcc2ea61acfa37476cba979e48
28824d12d31d,APTOS-P0569,APTOS 2019 (Aravind Eye Hospital),train_images/28824d12d31d.png,2,Grade 2: Moderate NPDR,train,9017572c8b1d1584eedcecf2f25df50a05cac9dee2d82525c0539ba08ce00b2c
c52bb7343387,APTOS-P2741,APTOS 2019 (Aravind Eye Hospital),train_images/c52bb7343387.png,2,Grade 2: Moderate NPDR,train,22f7885559c45ade121e143e098be38ac9bff63ee966cd6b3b154ec12ad53d48
cec299c2a2d5,APTOS-P2874,APTOS 2019 (Aravind Eye Hospital),train_images/cec299c2a2d5.png,0,Grade 0: No Apparent DR,train,dabeb05d97dc200525744bacfb9a47a149c9a23a543ea6182b7d805ebd7ecd90
772af553b8b7,APTOS-P1356,APTOS 2019 (Aravind Eye Hospital),train_images/772af553b8b7.png,3,Grade 3: Severe NPDR,val,ef78f6e25c41fa73665dec23cfd409bca3e2734761fe130b07024e2596109b20
7c90ab025331,APTOS-P1725,APTOS 2019 (Aravind Eye Hospital),train_images/7c90ab025331.png,4,Grade 4: Proliferative DR,test,58562227c35a023800db20fe47c700fef6e0739593059a1afbae8f649eca9120
3b232b394e4f,APTOS-P0811,APTOS 2019 (Aravind Eye Hospital),train_images/3b232b394e4f.png,4,Grade 4: Proliferative DR,train,d173003047b58305982ff19b70019654e81ed9c91989718f25417411ab9b5a9f
aabd867043cf,APTOS-P2382,APTOS 2019 (Aravind Eye Hospital),train_images/aabd867043cf.png,0,Grade 0: No Apparent DR,train,92b241d80e5415d686a6520ddc61cf878cb299d1f65e5cb18e72c21eeea0ffe1
1cb6961d141c,APTOS-P0396,APTOS 2019 (Aravind Eye Hospital),train_images/1cb6961d141c.png,0,Grade 0: No Apparent DR,train,61396581975bc64fc23a86f3ac3662baa820249d30604e72bef0aeba31d15377
daeaa5d8cf70,APTOS-P3042,APTOS 2019 (Aravind Eye Hospital),train_images/daeaa5d8cf70.png,2,Grade 2: Moderate NPDR,test,4f748f13384fcb88c2d2a45f9ba039726977ecfa4c21d2302c5b341edea507ee
c3d12a23f451,APTOS-P2732,APTOS 2019 (Aravind Eye Hospital),train_images/c3d12a23f451.png,4,Grade 4: Proliferative DR,train,c7d2a2b82633242c9154e9539be8660335d8bce92e816a4c25feb7c863937b83
a85cda5f725d,APTOS-P2334,APTOS 2019 (Aravind Eye Hospital),train_images/a85cda5f725d.png,0,Grade 0: No Apparent DR,train,e36f453800710d39659cbd21b47fca3e8551bc0e78393923cf5f6cfaac9fcc47
8958a4d17b7e,APTOS-P1903,APTOS 2019 (Aravind Eye Hospital),train_images/8958a4d17b7e.png,3,Grade 3: Severe NPDR,test,542dd5477f0ad7803f31df963cbec61475de594a3c2bab119fc169181abca4e2
032d7b0b4bf6,APTOS-P0042,APTOS 2019 (Aravind Eye Hospital),train_images/032d7b0b4bf6.png,2,Grade 2: Moderate NPDR,train,a3da6b7633764500134e8a2b53923e0cf027b3b84005fb303d1831c9ccd29e68
1409ab48175a,APTOS-P0264,APTOS 2019 (Aravind Eye Hospital),train_images/1409ab48175a.png,0,Grade 0: No Apparent DR,train,58a551505f9cc02960031d974d69e744131593eee04a910b27e2cb9f1d70b8e9
7c2e852171c0,APTOS-P1719,APTOS 2019 (Aravind Eye Hospital),train_images/7c2e852171c0.png,0,Grade 0: No Apparent DR,val,4086f43acc13a89f0c9851ddf67a084e2f78c8cf41afe893818af363fc805af6
6531070bf03c,APTOS-P1412,APTOS 2019 (Aravind Eye Hospital),train_images/6531070bf03c.png,2,Grade 2: Moderate NPDR,train,4622d49dd5bffe1407a19e435889c24f72531f9fa4cc5aa878c86ae9be71e5e0
3d3e288d490e,APTOS-P0840,APTOS 2019 (Aravind Eye Hospital),train_images/3d3e288d490e.png,2,Grade 2: Moderate NPDR,train,ecd57aa03d02120a284fda96b1ccd05b84e4237885fd2d0c83cdbcb3fbf6d7e5
ec363f48867b,APTOS-P3269,APTOS 2019 (Aravind Eye Hospital),train_images/ec363f48867b.png,0,Grade 0: No Apparent DR,train,295491d8aa5164ccd3afa36647f2fa4f918f150cd4a744eaf6520b3f071a40c7
0fbbd665431f,APTOS-P0212,APTOS 2019 (Aravind Eye Hospital),train_images/0fbbd665431f.png,0,Grade 0: No Apparent DR,train,6ae0aca6bc5e3c8a13de12f8b9e7abcb11c0ad668bfcb9a09ed67d3da2b239c9
a07d571bf7ba,APTOS-P2218,APTOS 2019 (Aravind Eye Hospital),train_images/a07d571bf7ba.png,0,Grade 0: No Apparent DR,train,b9702ff4b620a53755b7a94781268d39c9ecd59498ed89522e83d92e10090a2d
4958bfcc9f38,APTOS-P1004,APTOS 2019 (Aravind Eye Hospital),train_images/4958bfcc9f38.png,0,Grade 0: No Apparent DR,test,8780b04148f6c5061b88c3e17455139f4256bc513ce99cd79c604594bcba8d26
2eba4279e503,APTOS-P0649,APTOS 2019 (Aravind Eye Hospital),train_images/2eba4279e503.png,0,Grade 0: No Apparent DR,train,84f24276a611afaba8b13d5fe7dbd6d21726289b41dd248954475fe9856f4be6
fcc32dffd24d,APTOS-P3469,APTOS 2019 (Aravind Eye Hospital),train_images/fcc32dffd24d.png,0,Grade 0: No Apparent DR,train,a862fcf6838d5fff2b09f06a62ac87dbd2ce76b51a91bbeb630ff8ed6b177b2f
a2811f512c1c,APTOS-P2253,APTOS 2019 (Aravind Eye Hospital),train_images/a2811f512c1c.png,0,Grade 0: No Apparent DR,val,bfa5166be571b174c84fbf436d70ed4d7d1d1d95f24d61071cb5b260906e2493
91f3c4c1e72b,APTOS-P2027,APTOS 2019 (Aravind Eye Hospital),train_images/91f3c4c1e72b.png,0,Grade 0: No Apparent DR,train,691d1ce20ac6fa4e6c5c2eec70c9c8ab4a15e6db3bff6a075727811eea3e31bf
8714d17bb6da,APTOS-P1870,APTOS 2019 (Aravind Eye Hospital),train_images/8714d17bb6da.png,1,Grade 1: Mild NPDR,val,c68ef78eb5226761e40347e85c6600a75ae94d9f50a72cd70aa954a5db92d7ae
388f12e8df0b,APTOS-P0781,APTOS 2019 (Aravind Eye Hospital),train_images/388f12e8df0b.png,2,Grade 2: Moderate NPDR,train,e178d3bea5ffab9e93b34b224a0a7c60f0499954d916fec99adb5543e07eae24
77a1f1398fdb,APTOS-P1655,APTOS 2019 (Aravind Eye Hospital),train_images/77a1f1398fdb.png,0,Grade 0: No Apparent DR,train,4acb44d9f8a28dc1986b956693ae38f71e45efcb7c35ef2ac3c5431678c3e5e4
0fffa73e2402,APTOS-P0217,APTOS 2019 (Aravind Eye Hospital),train_images/0fffa73e2402.png,2,Grade 2: Moderate NPDR,test,ff7722bccb7670a3ff91b4bbcbb4a7f0997eb6915ea2f4537aad23088b52ab2a
a1822dd8d05d,APTOS-P2238,APTOS 2019 (Aravind Eye Hospital),train_images/a1822dd8d05d.png,0,Grade 0: No Apparent DR,test,dbd877746876c1aa83dcffba15b8587d01a867aa9d382b1a083f1e32e4cb259d
08f8838d69bb,APTOS-P0118,APTOS 2019 (Aravind Eye Hospital),train_images/08f8838d69bb.png,0,Grade 0: No Apparent DR,train,0feea4d87ba6d9573aa224cb1df23397f5701aeeaf858d9f75a350416aa57591
cd314653a4d8,APTOS-P2853,APTOS 2019 (Aravind Eye Hospital),train_images/cd314653a4d8.png,0,Grade 0: No Apparent DR,train,c1e8a8c00f9947ae837ec100a97c0fad9e3e81ebfcb3445273a0eed785e33e14
6298468d7d75,APTOS-P1381,APTOS 2019 (Aravind Eye Hospital),train_images/6298468d7d75.png,1,Grade 1: Mild NPDR,train,d5939e96d340637ffc3ada7ac1e163c3cf8005faad6217ecd2f7cb5a40736262
40e9b5630438,APTOS-P0883,APTOS 2019 (Aravind Eye Hospital),train_images/40e9b5630438.png,1,Grade 1: Mild NPDR,train,d6c87972e5481feebfa0e3a085d7408a3bbec8f26949f9400876f9b9ff7a6c6f
4fecf87184e6,APTOS-P1115,APTOS 2019 (Aravind Eye Hospital),train_images/4fecf87184e6.png,3,Grade 3: Severe NPDR,train,c12e9e2a9f5670b84921f73f04653e7a376fe5a69c4a5035dc2828cda87027fe
b99afe7137fb,APTOS-P2601,APTOS 2019 (Aravind Eye Hospital),train_images/b99afe7137fb.png,4,Grade 4: Proliferative DR,train,c2f0d2fec34afc2c77eec787605fde42b914013d08b1f0adfe90d9b0d8bb0cef
7b8c78b41c0d,APTOS-P1711,APTOS 2019 (Aravind Eye Hospital),train_images/7b8c78b41c0d.png,2,Grade 2: Moderate NPDR,train,e27d903924f195c5319147b5ebe724072e84938aa96a9222b9fe86dddc860891
01eb826f6467,APTOS-P0026,APTOS 2019 (Aravind Eye Hospital),train_images/01eb826f6467.png,2,Grade 2: Moderate NPDR,val,20cccf87f180b9b46d830ca04060c1cb0d9f96480be539d41c5bf2ee68ee2011
437cbec4a3f8,APTOS-P0919,APTOS 2019 (Aravind Eye Hospital),train_images/437cbec4a3f8.png,2,Grade 2: Moderate NPDR,train,6a73f654d1a1169b279459275c4eb989c409006a77da03847b6b304504f3b7df
3c53198519f7,APTOS-P0387,APTOS 2019 (Aravind Eye Hospital),train_images/3c53198519f7.png,2,Grade 2: Moderate NPDR,val,e371ebacd0bc02e697b4c6d2456433122a64bf1c7e2614952c34265261bade0d
3d663a6a50a3,APTOS-P0841,APTOS 2019 (Aravind Eye Hospital),train_images/3d663a6a50a3.png,2,Grade 2: Moderate NPDR,train,691376d1da01aef05a0d8be282486b9e139c98b6a507642242c8d284abd8fd31
4a96c28f3f07,APTOS-P1026,APTOS 2019 (Aravind Eye Hospital),train_images/4a96c28f3f07.png,0,Grade 0: No Apparent DR,val,d4eb26aea00c0777aaefa8855569581392e1b2598b65fe8c9a6237ba8a1a175a
2bb3c492d6d3,APTOS-P0618,APTOS 2019 (Aravind Eye Hospital),train_images/2bb3c492d6d3.png,0,Grade 0: No Apparent DR,train,29a317b469ab0497ce3eb157ec33871607266dc7e776c973e0c4f154680fde65
ef48780f5d5f,APTOS-P3307,APTOS 2019 (Aravind Eye Hospital),train_images/ef48780f5d5f.png,0,Grade 0: No Apparent DR,train,ab297354fcae2cb49cb06d8769046b894683ff30cc2bd63b910db77f6304c9dc
099021fac3c9,APTOS-P0128,APTOS 2019 (Aravind Eye Hospital),train_images/099021fac3c9.png,0,Grade 0: No Apparent DR,train,f026639348aa8c03141c98aede1b0bd3759be840f6d144945e1667c42459f775
8f10e41a2f02,APTOS-P1985,APTOS 2019 (Aravind Eye Hospital),train_images/8f10e41a2f02.png,0,Grade 0: No Apparent DR,val,d7a59a69333a13d3cd806b7d2b96577dffe33fee2ddaad8f1ec0f86626201df1
b0eeae01b8ab,APTOS-P2481,APTOS 2019 (Aravind Eye Hospital),train_images/b0eeae01b8ab.png,2,Grade 2: Moderate NPDR,train,36f29f70b2857a978eb5113ca8e119b7c11c27e30112c045cd5f6f0320fd43ed
0c76fd494af6,APTOS-P0164,APTOS 2019 (Aravind Eye Hospital),train_images/0c76fd494af6.png,2,Grade 2: Moderate NPDR,train,0912dd4a774605509bb2731ebf4b11f4dfd97f7bdbff2c857ffe0e18568efa35
907aaff827e5,APTOS-P2005,APTOS 2019 (Aravind Eye Hospital),train_images/907aaff827e5.png,2,Grade 2: Moderate NPDR,train,9fe52a822f9b91892fc39343b3a6c818a70bf96c4b700333a0adda447caa62ea
191cf5668f33,APTOS-P0343,APTOS 2019 (Aravind Eye Hospital),train_images/191cf5668f33.png,0,Grade 0: No Apparent DR,test,0116482a5418e19045fe0001f8a58192a3cc0265ef7ef3bed8f34cec7eb24421
1a90fad9ffa2,APTOS-P0361,APTOS 2019 (Aravind Eye Hospital),train_images/1a90fad9ffa2.png,4,Grade 4: Proliferative DR,test,2e4a9d84c8cdd8b80151f532b6737edc11b082c447d4cadd868889cdb32d2272
7da558d92100,APTOS-P1741,APTOS 2019 (Aravind Eye Hospital),train_images/7da558d92100.png,0,Grade 0: No Apparent DR,train,4512817b97b5fe9cd0007a453f4a1e427bc53c8bc37c12a52ee07b20f42f4edc
247e98aba610,APTOS-P0507,APTOS 2019 (Aravind Eye Hospital),train_images/247e98aba610.png,4,Grade 4: Proliferative DR,test,6af8899abcfaa94fb47823b4d398c690950ac7cae9250f83b74a55e23928e745
81704925f759,APTOS-P1797,APTOS 2019 (Aravind Eye Hospital),train_images/81704925f759.png,0,Grade 0: No Apparent DR,test,a9cade0ca8abda0382d430a101394fce2807bf8521cc740862bf53b5d6a3c222
df84e7113003,APTOS-P3092,APTOS 2019 (Aravind Eye Hospital),train_images/df84e7113003.png,4,Grade 4: Proliferative DR,test,c8acd6bb81a7357d8f70fbbffafeeee78a7515a9c69c02ea64485da56a79dd15
1601c939412f,APTOS-P0294,APTOS 2019 (Aravind Eye Hospital),train_images/1601c939412f.png,0,Grade 0: No Apparent DR,train,b7cec5b41128d72d5bbb54cc09855c4e47be85260a21448593367b9344aed98a
26fc2358a38d,APTOS-P0546,APTOS 2019 (Aravind Eye Hospital),train_images/26fc2358a38d.png,0,Grade 0: No Apparent DR,train,7f1f1b07ca116d75841cd102fce2f171203ec4ddd35f5187758e3160a36ea184
e5f332efcbc7,APTOS-P3185,APTOS 2019 (Aravind Eye Hospital),train_images/e5f332efcbc7.png,0,Grade 0: No Apparent DR,train,336ca0de6190610234b80e882800fe69209842998d60855e859e721e387ac92a
6d6be4cfc73f,APTOS-P1528,APTOS 2019 (Aravind Eye Hospital),train_images/6d6be4cfc73f.png,0,Grade 0: No Apparent DR,train,dc892962e93bd00917a063a19d9e3524f50f7d181496966b1ae5220ba4f736e9
4dd7b322f342,APTOS-P1082,APTOS 2019 (Aravind Eye Hospital),train_images/4dd7b322f342.png,0,Grade 0: No Apparent DR,val,14d0625a7efd254d537da3da9c1636fb61b3e541513a55406828d2d2021520da
39aa3cd93c50,APTOS-P0792,APTOS 2019 (Aravind Eye Hospital),train_images/39aa3cd93c50.png,3,Grade 3: Severe NPDR,val,034d90a8265943898bb8aa07e8e823731babd0862a3c2d9e81a815c36806123e
306c841af3fc,APTOS-P0674,APTOS 2019 (Aravind Eye Hospital),train_images/306c841af3fc.png,0,Grade 0: No Apparent DR,train,57ed6d972998868b24de80405e1575ee5d1c3508a1e4538a0d2aad95d61c8c62
7b29e3783919,APTOS-P1707,APTOS 2019 (Aravind Eye Hospital),train_images/7b29e3783919.png,3,Grade 3: Severe NPDR,train,ca88df6e0304872beea68989c12f30ff9a06c5878c7251d74223d7be2a21c2ff
73e83a07a16d,APTOS-P1608,APTOS 2019 (Aravind Eye Hospital),train_images/73e83a07a16d.png,2,Grade 2: Moderate NPDR,train,02f84886f6b0e6665d280ff3d0a2d12800064e661b263d021c4c706088905684
f57cf3b6f48e,APTOS-P3383,APTOS 2019 (Aravind Eye Hospital),train_images/f57cf3b6f48e.png,0,Grade 0: No Apparent DR,train,38e539ac890998bf77723b586fa389671466e4b1eb6aaa807c7e4e6d26b1bc71
d95959798b57,APTOS-P3015,APTOS 2019 (Aravind Eye Hospital),train_images/d95959798b57.png,2,Grade 2: Moderate NPDR,train,ed67d7096c8c5f16b154182b3f1bba1bfc06716eb42591f865f1a3999b1fc355
aa841de1ee82,APTOS-P2376,APTOS 2019 (Aravind Eye Hospital),train_images/aa841de1ee82.png,2,Grade 2: Moderate NPDR,test,18f362886854c970b2ad122235671aa7a5ab855b13911117883a51690c16d444
f7fec8935126,APTOS-P3416,APTOS 2019 (Aravind Eye Hospital),train_images/f7fec8935126.png,1,Grade 1: Mild NPDR,train,36425e83de2237ec14ef2d94ff4efdcdbbbf297aa3644bf9bbf981665cfefb10
a96ff96bbae5,APTOS-P2358,APTOS 2019 (Aravind Eye Hospital),train_images/a96ff96bbae5.png,0,Grade 0: No Apparent DR,train,2ba5bd2bfc8c4ca7505d3ca8072af22444bbcd2faba9e460e6c60b0594fb0357
08a3875063c3,APTOS-P0112,APTOS 2019 (Aravind Eye Hospital),train_images/08a3875063c3.png,4,Grade 4: Proliferative DR,test,225dbab9740d32f27e8ed38a79e42237a72ed0a24ef18563a8f34336d7d32ca9
1120f6d08d95,APTOS-P0236,APTOS 2019 (Aravind Eye Hospital),train_images/1120f6d08d95.png,2,Grade 2: Moderate NPDR,train,c31722ee3b829f754a1458e0672d4df01b35f2f88f35dddbe6905f3b35b9a191
657859f893d9,APTOS-P1415,APTOS 2019 (Aravind Eye Hospital),train_images/657859f893d9.png,2,Grade 2: Moderate NPDR,val,93e3d753be8e98b867ccf7038370cb40997387b146191f49d0207bd887064ed5
9a4f370d341b,APTOS-P2137,APTOS 2019 (Aravind Eye Hospital),train_images/9a4f370d341b.png,2,Grade 2: Moderate NPDR,train,72b74b581c8453e5a33a11c3109558257452fae0c443527802eccd09fa42d49e
7ec1ffe8220b,APTOS-P1755,APTOS 2019 (Aravind Eye Hospital),train_images/7ec1ffe8220b.png,2,Grade 2: Moderate NPDR,train,34be48e84df0267c4e4aad19eaf33660edee1584baf879f3f802feaffda6abe9
e150935f66a6,APTOS-P3116,APTOS 2019 (Aravind Eye Hospital),train_images/e150935f66a6.png,2,Grade 2: Moderate NPDR,train,fc1f7e11d1f4bc7b3fca2e66006d7c5e1716b108c430638305c628c702a5d817
7743f4e04a6d,APTOS-P1653,APTOS 2019 (Aravind Eye Hospital),train_images/7743f4e04a6d.png,2,Grade 2: Moderate NPDR,train,fac981a94a0d0c323616a079040a9af7e53a9b0c83b0cf6d09f1c87c2fa57703
5ce5eeaf757a,APTOS-P1313,APTOS 2019 (Aravind Eye Hospital),train_images/5ce5eeaf757a.png,0,Grade 0: No Apparent DR,train,0496d7d5361081e66390be67ead4b6b6f21a85def0a3ebaa962aa4292a57805f
eae901557a84,APTOS-P3256,APTOS 2019 (Aravind Eye Hospital),train_images/eae901557a84.png,2,Grade 2: Moderate NPDR,train,36247e04377442385dc711955ae744b8e7c417a023a30aa9b5d72a62a76f78c2
58c12863f33d,APTOS-P1253,APTOS 2019 (Aravind Eye Hospital),train_images/58c12863f33d.png,0,Grade 0: No Apparent DR,train,183f09dc9fa80e0126222aaebd3c72ef9548c6e42e61c09c8cbe9998c860547d
1ab3f1c71a5f,APTOS-P0362,APTOS 2019 (Aravind Eye Hospital),train_images/1ab3f1c71a5f.png,3,Grade 3: Severe NPDR,test,b216e751ff581483b9f11e2c1e97deadc90d5dcb1da101e0735ea060aae0dc64
a62e995f167c,APTOS-P2299,APTOS 2019 (Aravind Eye Hospital),train_images/a62e995f167c.png,0,Grade 0: No Apparent DR,val,a715eebbdef90c2b6579edb91d6b4ceccb87986d3cfa9ed14e1388514debf825
b3819a805dca,APTOS-P2507,APTOS 2019 (Aravind Eye Hospital),train_images/b3819a805dca.png,4,Grade 4: Proliferative DR,train,63d18b5ef700f01d82043a3170130f6babb837ad1af057ed55f5c7968406e6ad
91e8af9ceee9,APTOS-P2026,APTOS 2019 (Aravind Eye Hospital),train_images/91e8af9ceee9.png,2,Grade 2: Moderate NPDR,train,b625bf8255503771dc40cb82532708091f659d1e8c437c40341c6bbd9467f4b1
1ae3c58759fb,APTOS-P0365,APTOS 2019 (Aravind Eye Hospital),train_images/1ae3c58759fb.png,0,Grade 0: No Apparent DR,train,5410ce622e2db2dd37911048a929303b838115d5f2106ad65b15aad24b6164b9
22098b1fe461,APTOS-P0473,APTOS 2019 (Aravind Eye Hospital),train_images/22098b1fe461.png,1,Grade 1: Mild NPDR,train,622f09384f6b5692f97e9fc376338a05cfad4148c2d76ada8c0c62989fcc8cf6
49419f8d5cb4,APTOS-P1000,APTOS 2019 (Aravind Eye Hospital),train_images/49419f8d5cb4.png,2,Grade 2: Moderate NPDR,train,ffa44a9002bafdbd8cafd1a483053671360ee20ffa3ed26c0f89744ce06e45df
58a9e0d7f7af,APTOS-P1250,APTOS 2019 (Aravind Eye Hospital),train_images/58a9e0d7f7af.png,0,Grade 0: No Apparent DR,train,d3903391d6194486bcb190383607ad95ec1ff1cae379511e16b693f8a7c1a1d3
606daaf0bfc7,APTOS-P1349,APTOS 2019 (Aravind Eye Hospital),train_images/606daaf0bfc7.png,0,Grade 0: No Apparent DR,train,80623d4aa3899af277b35f558bd42d0fe6961d253f4a2d6c09762677fed057fa
1df0a4c23c95,APTOS-P0418,APTOS 2019 (Aravind Eye Hospital),train_images/1df0a4c23c95.png,0,Grade 0: No Apparent DR,train,9aac7e5b5af59b650421f910e592baaa0bc1549413e1d24f4af1b96492051d31
4b6895d0cf8d,APTOS-P1038,APTOS 2019 (Aravind Eye Hospital),train_images/4b6895d0cf8d.png,0,Grade 0: No Apparent DR,train,06a93a9766f5a2542406a4667c96e3effdc32c0f947f55850cdae30db4df694d
857002ed4e49,APTOS-P1830,APTOS 2019 (Aravind Eye Hospital),train_images/857002ed4e49.png,2,Grade 2: Moderate NPDR,train,6b2231cb2bf88611b0c323fca5c3089d934a31cbdcf093b69d7fc589c83befc0
4982378d72f9,APTOS-P1006,APTOS 2019 (Aravind Eye Hospital),train_images/4982378d72f9.png,0,Grade 0: No Apparent DR,train,29de2ef1dfad8ccd3e231ddeb083d1732312c4d360cc93441b22bddfef1b6e3e
b640e3bdff75,APTOS-P2542,APTOS 2019 (Aravind Eye Hospital),train_images/b640e3bdff75.png,1,Grade 1: Mild NPDR,train,8792d818f2fb9cdf1245b341f882dcd2c15850440b075d40facea55e2a574b27
28751f290ba3,APTOS-P0568,APTOS 2019 (Aravind Eye Hospital),train_images/28751f290ba3.png,0,Grade 0: No Apparent DR,train,92a35bc9290d8e614364333fda968616dd924b9cb7c3d4b40b4e1d8ff159ddca
67f5d89da548,APTOS-P1454,APTOS 2019 (Aravind Eye Hospital),train_images/67f5d89da548.png,1,Grade 1: Mild NPDR,train,ef8ddc79d95fbe361dfc244e5c54ec2c0f9bf878a8c011a033426cd756b2e6db
4ad6109706e8,APTOS-P1031,APTOS 2019 (Aravind Eye Hospital),train_images/4ad6109706e8.png,2,Grade 2: Moderate NPDR,val,539c6841759a072e49f01ef88d3ce28661a1926fced6d6eca753d2f4172a10da
43823561c3f0,APTOS-P0920,APTOS 2019 (Aravind Eye Hospital),train_images/43823561c3f0.png,0,Grade 0: No Apparent DR,test,42196e927dcfaa81a30da06d4c636ea3533e6974824cc8144bb507f752f74429
7ea756985353,APTOS-P1753,APTOS 2019 (Aravind Eye Hospital),train_images/7ea756985353.png,1,Grade 1: Mild NPDR,val,9690badf36a7a021da4435487824880908ff381e9c0a0f2ed7b7ba0f7e54be95
bca2bdc15fc5,APTOS-P2639,APTOS 2019 (Aravind Eye Hospital),train_images/bca2bdc15fc5.png,2,Grade 2: Moderate NPDR,train,df90c71b6f0e2b54ddf4e1586903a13c6a23deb6534bca5d06fe0f362a3e6ed6
6f460f9968c7,APTOS-P1555,APTOS 2019 (Aravind Eye Hospital),train_images/6f460f9968c7.png,0,Grade 0: No Apparent DR,train,0b366331fb9d0cc966fe59a71db73884ad54fd3a571077c4a619a8170f93fff5
6de39b94f634,APTOS-P1536,APTOS 2019 (Aravind Eye Hospital),train_images/6de39b94f634.png,0,Grade 0: No Apparent DR,train,050a4e032967ec9ed458692459b08a0ed14a280964d367d78aaf017147455838
7f60f2a083d3,APTOS-P1768,APTOS 2019 (Aravind Eye Hospital),train_images/7f60f2a083d3.png,1,Grade 1: Mild NPDR,train,ccbb42f58a31a911ae9372c3bc7a31f7c558b583aca818728e71dde321fa1af7
ea1d045f9fea,APTOS-P3241,APTOS 2019 (Aravind Eye Hospital),train_images/ea1d045f9fea.png,2,Grade 2: Moderate NPDR,train,aba1c2ebc4e4eb7e4377042c128fb2f92b516e01c24436862c106041cd52c519
4145dcb25053,APTOS-P0886,APTOS 2019 (Aravind Eye Hospital),train_images/4145dcb25053.png,0,Grade 0: No Apparent DR,train,0a4acc792709346be82a5c25f8c9361cd25c84380c37ddfa704de0026abbeea2
e599151ca14b,APTOS-P3181,APTOS 2019 (Aravind Eye Hospital),train_images/e599151ca14b.png,2,Grade 2: Moderate NPDR,train,fefe0e35dd7bdea73fe8079ed50b053a3cdb0938b5ea59c7db4786e548a338bf
c102db7634d8,APTOS-P2701,APTOS 2019 (Aravind Eye Hospital),train_images/c102db7634d8.png,1,Grade 1: Mild NPDR,test,1c9965f5af95c521479b3856900db6d1736e19c28130d4205d49366873e3cbc9
aeed1f251ceb,APTOS-P2451,APTOS 2019 (Aravind Eye Hospital),train_images/aeed1f251ceb.png,4,Grade 4: Proliferative DR,train,96906756c8a66e25e7d97be71cad2a43a6fed3709b78f02717365c2bb84e5119
b963a11638f2,APTOS-P2597,APTOS 2019 (Aravind Eye Hospital),train_images/b963a11638f2.png,0,Grade 0: No Apparent DR,train,b7ccf747363b8d05d6e601b0fc36a04e256959985e791bd6a1c58503c9db0766
62e6f814c8f5,APTOS-P1386,APTOS 2019 (Aravind Eye Hospital),train_images/62e6f814c8f5.png,2,Grade 2: Moderate NPDR,train,825ba6c6c2ba9b24ead060fedeb6077d4bb4db25fc79aaca9b008c945494bccd
76095c338728,APTOS-P1633,APTOS 2019 (Aravind Eye Hospital),train_images/76095c338728.png,0,Grade 0: No Apparent DR,train,927319fc193c02c36e4c33fea8c681270ea9d3bae6ff3aa29d665fdea0be9427
4c635a01593d,APTOS-P1054,APTOS 2019 (Aravind Eye Hospital),train_images/4c635a01593d.png,0,Grade 0: No Apparent DR,train,0ea017f0028a3b92cec80220fc155145afb3ee7e069ef3f2583135ae438addf3
a45c30da0c72,APTOS-P2280,APTOS 2019 (Aravind Eye Hospital),train_images/a45c30da0c72.png,0,Grade 0: No Apparent DR,train,12a5416141564f96fabb939754881154a973800b74df91063a15caa405fb63a9
5cde55f745af,APTOS-P1312,APTOS 2019 (Aravind Eye Hospital),train_images/5cde55f745af.png,2,Grade 2: Moderate NPDR,train,a23572adde3479acdd04596f63b06b2fac33f896f99149e92f2bf55c43dcf0fa
07122e268a1d,APTOS-P0089,APTOS 2019 (Aravind Eye Hospital),train_images/07122e268a1d.png,4,Grade 4: Proliferative DR,train,f8ca9a80d3fe3a636f8d767fbad2ed882b7ffe708ac2443c43c143c43b9abd3f
9c52b87d01f1,APTOS-P1549,APTOS 2019 (Aravind Eye Hospital),train_images/9c52b87d01f1.png,3,Grade 3: Severe NPDR,train,09ed4b082f806416392acd3459c03e435be9ae0387d58a13984493c3254e97bc
bb733062f494,APTOS-P2625,APTOS 2019 (Aravind Eye Hospital),train_images/bb733062f494.png,2,Grade 2: Moderate NPDR,train,82324db796cd1084fe8799b76c9b11f1cfa0e3357257208b879c68ce14ebe808
b46b09a45f39,APTOS-P2518,APTOS 2019 (Aravind Eye Hospital),train_images/b46b09a45f39.png,0,Grade 0: No Apparent DR,val,201c3cbf80fee2f7f01914962ecd9637b00f4a3af50dd25defaf544168f08087
f025f33b2c9b,APTOS-P3319,APTOS 2019 (Aravind Eye Hospital),train_images/f025f33b2c9b.png,4,Grade 4: Proliferative DR,val,151f0e77f9104223583cf2e53b28538223793d00bc035c45cfb65f49c0992ecf
47536db39f00,APTOS-P0978,APTOS 2019 (Aravind Eye Hospital),train_images/47536db39f00.png,0,Grade 0: No Apparent DR,train,1cee9cbe2f4a6bde4e086b3b7a6af892eca32effa4c9f4f9aff187ee0402e3f7
bf1b7e21e774,APTOS-P2674,APTOS 2019 (Aravind Eye Hospital),train_images/bf1b7e21e774.png,2,Grade 2: Moderate NPDR,train,86921d3b01b5723923e1c21f55982ca19ad148a1fe7ab33ef7a4af096c54f9dd
1f4bf8e28b41,APTOS-P0441,APTOS 2019 (Aravind Eye Hospital),train_images/1f4bf8e28b41.png,2,Grade 2: Moderate NPDR,test,0efe8c3beb3502ebc4ffbef1cf00df3ab368ab71b1a92dea1236a1d11a3d397e
4c6c5a1bf5ab,APTOS-P1055,APTOS 2019 (Aravind Eye Hospital),train_images/4c6c5a1bf5ab.png,0,Grade 0: No Apparent DR,val,a7c897d440cbee6f9c067a51dc5d937c8504ca79e7ff94d3ebf9b9e07d7df369
881ec6186e68,APTOS-P1888,APTOS 2019 (Aravind Eye Hospital),train_images/881ec6186e68.png,0,Grade 0: No Apparent DR,train,db641801262b6d0eb6afab1e17cecc67c7c649ae0fe5497f573df1cc57d168e4
6fbaaf8eb67a,APTOS-P1561,APTOS 2019 (Aravind Eye Hospital),train_images/6fbaaf8eb67a.png,0,Grade 0: No Apparent DR,test,849406180508717331309d0c2f82c5c3888d5e4ba1d34eadebba3e2cbaa1f41b
6a244e855d0e,APTOS-P1479,APTOS 2019 (Aravind Eye Hospital),train_images/6a244e855d0e.png,3,Grade 3: Severe NPDR,train,6ad55d8b4ae3b5cb115bae205e5966f1ee1249ea07c4ded0c039afcd043d48aa
fe06dad6851c,APTOS-P3483,APTOS 2019 (Aravind Eye Hospital),train_images/fe06dad6851c.png,0,Grade 0: No Apparent DR,test,51016dbcb69b57ef2a3761e7e98f224cbc58d32860425228eafffed1f7f20925
1bf30c84bbad,APTOS-P0377,APTOS 2019 (Aravind Eye Hospital),train_images/1bf30c84bbad.png,4,Grade 4: Proliferative DR,val,571fafbcc9b3fb7ddafcdcef116682bdffa2a96944039947b9a46f8b4cbca777
4dd71fc7f22b,APTOS-P1081,APTOS 2019 (Aravind Eye Hospital),train_images/4dd71fc7f22b.png,4,Grade 4: Proliferative DR,train,952039e119c2da4d9ce7508b4f8c590341028f817396a65011ee5b5531f5a435
2628305cbb29,APTOS-P0531,APTOS 2019 (Aravind Eye Hospital),train_images/2628305cbb29.png,4,Grade 4: Proliferative DR,train,11a02fc5e75e94cd556af0bbcb566a3be464e1824b5278031d3707549df68478
bfefa7344e7d,APTOS-P1861,APTOS 2019 (Aravind Eye Hospital),train_images/bfefa7344e7d.png,4,Grade 4: Proliferative DR,train,a04ffb32f263f066dbc084c8c3ba8698386af98a10e4b61486bcc18eae6a1738
36677b70b1ef,APTOS-P0750,APTOS 2019 (Aravind Eye Hospital),train_images/36677b70b1ef.png,1,Grade 1: Mild NPDR,test,0301a22cc3522a29b5e333265ae396cbd3ce91fa3c65f4e25e2a7ca2a029e7f2
3486f7096276,APTOS-P0725,APTOS 2019 (Aravind Eye Hospital),train_images/3486f7096276.png,0,Grade 0: No Apparent DR,train,f56c136e1ad64feaace2472f99e62852ab71299d9695dfc8541b89cee376dcc9
d9a475dfe59a,APTOS-P3021,APTOS 2019 (Aravind Eye Hospital),train_images/d9a475dfe59a.png,2,Grade 2: Moderate NPDR,train,79e32912845829f9882488937c1facc0e0fc1df812af904c54bea470f3d90196
060e00d1e2ab,APTOS-P0078,APTOS 2019 (Aravind Eye Hospital),train_images/060e00d1e2ab.png,0,Grade 0: No Apparent DR,train,3462185b3c25c195a89ce39a3c06d513c267a739e3a7f6bc5459a3b268321bef
0afdfe5f422c,APTOS-P0152,APTOS 2019 (Aravind Eye Hospital),train_images/0afdfe5f422c.png,2,Grade 2: Moderate NPDR,val,2dd67743ba45928c86fb3da8ae24d5c1a570e5ca84be6c6309276d7717b2127e
7d1b40fdbd86,APTOS-P1732,APTOS 2019 (Aravind Eye Hospital),train_images/7d1b40fdbd86.png,2,Grade 2: Moderate NPDR,val,cb08884cd2beae332c2825ff15f669d7f87b91fa8ae50f677f583d447803061b
e4730ddde408,APTOS-P3161,APTOS 2019 (Aravind Eye Hospital),train_images/e4730ddde408.png,4,Grade 4: Proliferative DR,train,469d138dd3a84e32b91043e2368b29fb7e8eb2faa41a3a4edecd74405fcd1945
cd93a472e5cd,APTOS-P2862,APTOS 2019 (Aravind Eye Hospital),train_images/cd93a472e5cd.png,4,Grade 4: Proliferative DR,train,7b6bf886f3a4266b5d64bacb08a5242f2c0216016b93c990b9b2ec3bab9a0363
a88365134c3c,APTOS-P2340,APTOS 2019 (Aravind Eye Hospital),train_images/a88365134c3c.png,0,Grade 0: No Apparent DR,test,8dd8858ef063e9892df5061761caf8395c6c783e757d80aee4eb278ded9d9492
3402124408ea,APTOS-P0717,APTOS 2019 (Aravind Eye Hospital),train_images/3402124408ea.png,2,Grade 2: Moderate NPDR,train,85fdae8dc561b18405f890819cd7873148bac94c6073a3c956a6c825766b5e41
7b87b0015282,APTOS-P1710,APTOS 2019 (Aravind Eye Hospital),train_images/7b87b0015282.png,0,Grade 0: No Apparent DR,test,d0520477dc972734d7926fea5b76b85aa4a05a938d54ff0b5280da2d8c1e1c63
de55ed25e0e8,APTOS-P1633,APTOS 2019 (Aravind Eye Hospital),train_images/de55ed25e0e8.png,0,Grade 0: No Apparent DR,train,4f13fe30c9fdbb27993cd66a1dc90e1154eb0dc60ae7e3f802dbbbfa7cfd4d13
01b3aed3ed4c,APTOS-P0023,APTOS 2019 (Aravind Eye Hospital),train_images/01b3aed3ed4c.png,1,Grade 1: Mild NPDR,train,a414edd7b21517357a2525afb2c4b19158ad394e8058d5e71b09541a7d239145
e4210e7fe587,APTOS-P3159,APTOS 2019 (Aravind Eye Hospital),train_images/e4210e7fe587.png,3,Grade 3: Severe NPDR,train,3d84a12855f31d52e3f8cc0e064d5975b653b79d07a45f6d732c56ef5afe6f21
51d780864365,APTOS-P1154,APTOS 2019 (Aravind Eye Hospital),train_images/51d780864365.png,2,Grade 2: Moderate NPDR,train,27830ac0858e22b9b595c34925c8243ace8ecb7817ded4635fc6de55d612611a
069f43616fab,APTOS-P0082,APTOS 2019 (Aravind Eye Hospital),train_images/069f43616fab.png,3,Grade 3: Severe NPDR,train,afc729444cf50d0c9be9aee008c72f45ac2e8b1d97544b0116833decafdf35ec
18af532e7e1e,APTOS-P0331,APTOS 2019 (Aravind Eye Hospital),train_images/18af532e7e1e.png,2,Grade 2: Moderate NPDR,train,a9a74111b1ad7099091e0fde51a768673fdbc16926f745d183fba83b9207d272
b7983cb3f270,APTOS-P2567,APTOS 2019 (Aravind Eye Hospital),train_images/b7983cb3f270.png,0,Grade 0: No Apparent DR,train,49b96097844bde11d22a7368ab64df382fc052599b740ffc485f85e7c181512d
b6d9974443ce,APTOS-P2552,APTOS 2019 (Aravind Eye Hospital),train_images/b6d9974443ce.png,0,Grade 0: No Apparent DR,train,d6302618006ffe53c48782ecd992423f8c1558278a6cfb6f6abe3838cd7a9730
30941b65348b,APTOS-P0677,APTOS 2019 (Aravind Eye Hospital),train_images/30941b65348b.png,1,Grade 1: Mild NPDR,train,530295c5d659114d79ab44a296177a2f6bc8e338da41d97ccde5ab69664f4c09
7a46cfa69bae,APTOS-P1695,APTOS 2019 (Aravind Eye Hospital),train_images/7a46cfa69bae.png,0,Grade 0: No Apparent DR,train,2a79d70df4fa92f0d359531677a6793bd72bfd76be5ec06fb8b28ebbfbb0057d
9fab29e69a6b,APTOS-P2204,APTOS 2019 (Aravind Eye Hospital),train_images/9fab29e69a6b.png,4,Grade 4: Proliferative DR,train,222f9638a3667e6515fcae115cc6db4b200bbf2885d7c3c5f2826a5a4b0b4b46
6cb98da77e3e,APTOS-P0993,APTOS 2019 (Aravind Eye Hospital),train_images/6cb98da77e3e.png,2,Grade 2: Moderate NPDR,val,609725489d3c7ccd1b08ba03d1eec9983cd92dd534a9cc4e13c1ccec7ad04e0b
b21abe5d9722,APTOS-P2494,APTOS 2019 (Aravind Eye Hospital),train_images/b21abe5d9722.png,0,Grade 0: No Apparent DR,val,c2738234304482319d4e09dd8b9816d481ad2ff5cef732c0e6415debdc77fa1a
ec57cc20d776,APTOS-P3271,APTOS 2019 (Aravind Eye Hospital),train_images/ec57cc20d776.png,0,Grade 0: No Apparent DR,train,9de89b622ef6ce6309f039c668b02853eeffc2ae58569071358f2351c611be61
6ba5ed791444,APTOS-P1495,APTOS 2019 (Aravind Eye Hospital),train_images/6ba5ed791444.png,2,Grade 2: Moderate NPDR,train,164887593c96797905faf069b403df23ed0b56b9c58b842cb3542329597e39e0
870fbe6eaa68,APTOS-P1869,APTOS 2019 (Aravind Eye Hospital),train_images/870fbe6eaa68.png,0,Grade 0: No Apparent DR,train,d5394339c0a761d70f0dc4fe7f6acf18c5aeec6a96050b0b2cd38b990f8c4ac5
4b5ffea77373,APTOS-P1036,APTOS 2019 (Aravind Eye Hospital),train_images/4b5ffea77373.png,2,Grade 2: Moderate NPDR,test,b6894cade221b1f167bd09e88227cc4a0cc8ec431626140ef07c43aa0d8184e5
9f285b3e57ed,APTOS-P2196,APTOS 2019 (Aravind Eye Hospital),train_images/9f285b3e57ed.png,0,Grade 0: No Apparent DR,test,ebcd4d5c5475e67364291264daee5f146a5847d89fd4fafe4ddefe448e75325d
28f73575e1f2,APTOS-P0573,APTOS 2019 (Aravind Eye Hospital),train_images/28f73575e1f2.png,0,Grade 0: No Apparent DR,train,24c3d00cc2fd27e5c3c2439ec4e8453a3090ca51aa7c711478f8dadbba490cc6
d1b279cc02ae,APTOS-P2909,APTOS 2019 (Aravind Eye Hospital),train_images/d1b279cc02ae.png,0,Grade 0: No Apparent DR,train,01eed955fdcd7ca5f3fb4c4eb2677c508e6ee1c10f51bd8b45788fd339aa7e33
76516f828d88,APTOS-P1638,APTOS 2019 (Aravind Eye Hospital),train_images/76516f828d88.png,0,Grade 0: No Apparent DR,train,9615bf2149d9a486feb77f956822ba81bd4e582e848df5486e94546cfde9c74c
d51c2153d151,APTOS-P1709,APTOS 2019 (Aravind Eye Hospital),train_images/d51c2153d151.png,0,Grade 0: No Apparent DR,train,88231e71e4055590ba6a01335ba326045fb1424913ba1ef9f7e7e87812d75b43
15c24478ac72,APTOS-P0287,APTOS 2019 (Aravind Eye Hospital),train_images/15c24478ac72.png,0,Grade 0: No Apparent DR,train,626f476dfb85cb2c86dd5ed30fc37dcf5866a4ebb344f91a37a33e1ccf12e978
25002fe43f92,APTOS-P0515,APTOS 2019 (Aravind Eye Hospital),train_images/25002fe43f92.png,2,Grade 2: Moderate NPDR,train,93c2d51c823cf6e395497b8b9657675f31c260fce6692e05609a8505dd6197e8
eb050765b323,APTOS-P3257,APTOS 2019 (Aravind Eye Hospital),train_images/eb050765b323.png,0,Grade 0: No Apparent DR,train,d40343b6dd9cfcb45a3087e5dd8f594b35a656eb6338beb66e1558cb2f50e95a
6b30767595d8,APTOS-P1488,APTOS 2019 (Aravind Eye Hospital),train_images/6b30767595d8.png,0,Grade 0: No Apparent DR,train,c8ead0f472aabfae09257168dfd884994336a61b692166ebc5c63c9f74c76885
262ad704319c,APTOS-P0532,APTOS 2019 (Aravind Eye Hospital),train_images/262ad704319c.png,4,Grade 4: Proliferative DR,train,f76b106c3ac7619853ed06410e4a4c205e57f4ca46d585359d62625c07ce6acc
35362d43e753,APTOS-P0731,APTOS 2019 (Aravind Eye Hospital),train_images/35362d43e753.png,0,Grade 0: No Apparent DR,val,700caa5eb351629df53ac4f9927611c6a65a83bcf8e9cc3fb87c3194d18a2a38
8c0d05233238,APTOS-P1947,APTOS 2019 (Aravind Eye Hospital),train_images/8c0d05233238.png,3,Grade 3: Severe NPDR,train,4401897ad56c2cb967da3670830abfc76eb4695f4801b0c778cdb3d4707e6cce
7e9458de5707,APTOS-P1751,APTOS 2019 (Aravind Eye Hospital),train_images/7e9458de5707.png,2,Grade 2: Moderate NPDR,train,6b337228ec7142df13116ab03778848194f96be72d8f76664cebee3d0b02630b
c76664770c07,APTOS-P2779,APTOS 2019 (Aravind Eye Hospital),train_images/c76664770c07.png,3,Grade 3: Severe NPDR,train,c1c19fb71327a14d368008af9f46e508235a3269561c84d627eab594e0a502f8
75ed83dbccce,APTOS-P1632,APTOS 2019 (Aravind Eye Hospital),train_images/75ed83dbccce.png,0,Grade 0: No Apparent DR,test,40e195ab3366ea359b270cb2ec1e2a56ae406b42f4a0400102d765c36f769d7d
38c7153457e2,APTOS-P0784,APTOS 2019 (Aravind Eye Hospital),train_images/38c7153457e2.png,0,Grade 0: No Apparent DR,train,3af8023f2db836b16b1d931afeb7518591c949f84333706bd3533cf1b12fa392
ccd6dcb2f568,APTOS-P2847,APTOS 2019 (Aravind Eye Hospital),train_images/ccd6dcb2f568.png,0,Grade 0: No Apparent DR,test,8ee6b1e6f973dafa878ec6474e164f63ce75b04e7cbba8c41ffb7b7b4da880c2
26e231747848,APTOS-P0545,APTOS 2019 (Aravind Eye Hospital),train_images/26e231747848.png,2,Grade 2: Moderate NPDR,test,165a19e299796531207f42f0fa9bac640e50e889dbc331b569a1beb11df3f6f6
e34fa07bd64d,APTOS-P3150,APTOS 2019 (Aravind Eye Hospital),train_images/e34fa07bd64d.png,2,Grade 2: Moderate NPDR,test,3b0946b50ee950667f35d83e029d2dd6453aa83b4635272186393a521f782b1a
bc23f74e14dd,APTOS-P2632,APTOS 2019 (Aravind Eye Hospital),train_images/bc23f74e14dd.png,2,Grade 2: Moderate NPDR,train,fdfd96a2bec77bb2065f9a6baa0599245f6d2fbbb46c1c81ba774b89de81c6b4
4134b290f5f3,APTOS-P0885,APTOS 2019 (Aravind Eye Hospital),train_images/4134b290f5f3.png,0,Grade 0: No Apparent DR,train,f149c679d4bb8c756d98a1abe0656b5f46ffd557e83223f5c3fe4f08a5742d63
b960142a8de7,APTOS-P2596,APTOS 2019 (Aravind Eye Hospital),train_images/b960142a8de7.png,3,Grade 3: Severe NPDR,train,e5531cad25f39030504c5b37d17379cb3b1164c82d02a78d58779acb4dec5d24
b0cc9f8d06e4,APTOS-P2478,APTOS 2019 (Aravind Eye Hospital),train_images/b0cc9f8d06e4.png,2,Grade 2: Moderate NPDR,train,08b76b20a37acec5ee6589cccd17263c8a1e79157940f3939b2779b12ef55cc6
23175b7ef453,APTOS-P0489,APTOS 2019 (Aravind Eye Hospital),train_images/23175b7ef453.png,2,Grade 2: Moderate NPDR,val,1c2de732c001f7ca6149304925cad4d1cfa55f296404557b9c19bfa04382137e
331b87d1b9d1,APTOS-P0704,APTOS 2019 (Aravind Eye Hospital),train_images/331b87d1b9d1.png,2,Grade 2: Moderate NPDR,train,4602d45fe0dbb4453e98cfd228854ff5fa72a5467607c278fbab1a6998499b8e
6b869f37cdf3,APTOS-P1493,APTOS 2019 (Aravind Eye Hospital),train_images/6b869f37cdf3.png,2,Grade 2: Moderate NPDR,train,309d065a81e30ca81149f967924bf064d38acf847a906603627261c1ba6d2825
bf7047dc683c,APTOS-P2676,APTOS 2019 (Aravind Eye Hospital),train_images/bf7047dc683c.png,2,Grade 2: Moderate NPDR,train,2cb53fbc9acfe408596d4241329af2bb5df35043344162f46ebc17885b1c0eee
5f70ad48a525,APTOS-P1345,APTOS 2019 (Aravind Eye Hospital),train_images/5f70ad48a525.png,2,Grade 2: Moderate NPDR,train,00f9e8641772764c1cd43f5625a989ee587b13312ec1ee53b7979a74cf47b348
b92eacd1392a,APTOS-P2592,APTOS 2019 (Aravind Eye Hospital),train_images/b92eacd1392a.png,0,Grade 0: No Apparent DR,test,6d093abeeedfd8d8d062803a3dc3c8f98937242c7aac2eafaaf0d2b678366a4d
996f57c86ba5,APTOS-P2121,APTOS 2019 (Aravind Eye Hospital),train_images/996f57c86ba5.png,3,Grade 3: Severe NPDR,train,8bb40e93903f05090df6a53b5d8e0ae7217697d3ec227f7f298e8b228cc84879
bda91b76095b,APTOS-P2651,APTOS 2019 (Aravind Eye Hospital),train_images/bda91b76095b.png,0,Grade 0: No Apparent DR,train,042d14ccc74d3ac03dd684d2aee35f957e17998e90460da2bc99bcc218eddaa4
b70cb31b9abb,APTOS-P2554,APTOS 2019 (Aravind Eye Hospital),train_images/b70cb31b9abb.png,4,Grade 4: Proliferative DR,train,8610d9bf6c79ca6f45b5ab99f4f87184863c1a5b393e9903cf55f493de6fb926
fda39982a810,APTOS-P0146,APTOS 2019 (Aravind Eye Hospital),train_images/fda39982a810.png,3,Grade 3: Severe NPDR,val,73d83f64aa971dbea776819ae8dd5500363be6c50e66331a2ba55af4ca99667a
ac5b5dddf91b,APTOS-P2408,APTOS 2019 (Aravind Eye Hospital),train_images/ac5b5dddf91b.png,2,Grade 2: Moderate NPDR,train,9d3db3f434a5affb52cc0f9348b0d2467ad3d84fa0c9978a7870c64b20f604ac
06b71823f9cd,APTOS-P0083,APTOS 2019 (Aravind Eye Hospital),train_images/06b71823f9cd.png,1,Grade 1: Mild NPDR,train,6bfc1cb52d3fa1b14b102e1505e6bc1aa9f9e9bb7375f75f41862b311ce54332
1633f8291a80,APTOS-P0299,APTOS 2019 (Aravind Eye Hospital),train_images/1633f8291a80.png,0,Grade 0: No Apparent DR,val,f4509d2b5bde1c2689ba01278f87415ecef28309ea5d2e5143e52bfbd40f680e
880edb2cdb69,APTOS-P1887,APTOS 2019 (Aravind Eye Hospital),train_images/880edb2cdb69.png,0,Grade 0: No Apparent DR,train,07f87ce1c36c985ffec020260192065ff8f2483ad4786f4e665be41f69328b2d
91b7a4179ecf,APTOS-P2022,APTOS 2019 (Aravind Eye Hospital),train_images/91b7a4179ecf.png,0,Grade 0: No Apparent DR,train,50e61f337e81eb83c0914e386f82cfae82ffd070113ef10b218061a0d1780588
c6f5b5b5be41,APTOS-P2773,APTOS 2019 (Aravind Eye Hospital),train_images/c6f5b5b5be41.png,0,Grade 0: No Apparent DR,val,fcac719ff6ba752a0017377f6b3adb4bcba306510205966619125dd5d4db2533
a8263d248523,APTOS-P2332,APTOS 2019 (Aravind Eye Hospital),train_images/a8263d248523.png,0,Grade 0: No Apparent DR,train,3f5a700f75181f89d40bbe9e73df28cee1085ed9c37390eec3b23ff51f31b083
94076a9fb9b5,APTOS-P2051,APTOS 2019 (Aravind Eye Hospital),train_images/94076a9fb9b5.png,0,Grade 0: No Apparent DR,test,9acfc9211e2acf3e7002f402ad2b9083eac623938356bc4d4ed5980c919ace8c
91b6ebaa3678,APTOS-P1745,APTOS 2019 (Aravind Eye Hospital),train_images/91b6ebaa3678.png,3,Grade 3: Severe NPDR,train,84d89ff8b27483241fa317fef1a87013aa311cf69a04b987037c34dc2ebb946a
3b73a3a4a734,APTOS-P0816,APTOS 2019 (Aravind Eye Hospital),train_images/3b73a3a4a734.png,1,Grade 1: Mild NPDR,test,67a2bbc7460dce721f1fedc50dca1124db18d08f7724b774c650105291577b4b
c5a9ebef1517,APTOS-P2753,APTOS 2019 (Aravind Eye Hospital),train_images/c5a9ebef1517.png,3,Grade 3: Severe NPDR,test,2019b45e4581f553cbba1c166e63073ab708ab5a51eeb0c92687cc0e14fa3e50
059bc89df7f4,APTOS-P0072,APTOS 2019 (Aravind Eye Hospital),train_images/059bc89df7f4.png,1,Grade 1: Mild NPDR,val,0ba347896e2a3c213650d89913587d92466c93ab72d1c8a20b79022fc71c502f
7e6e90a93aa5,APTOS-P0592,APTOS 2019 (Aravind Eye Hospital),train_images/7e6e90a93aa5.png,2,Grade 2: Moderate NPDR,train,f512f1a79e2aa6485be0f4c0f4904f910eb4929427a305ab14ee4bf06fe050d7
a0267206d51e,APTOS-P2210,APTOS 2019 (Aravind Eye Hospital),train_images/a0267206d51e.png,2,Grade 2: Moderate NPDR,train,6406a5cd31513f9e2a0878afb0b93fb33cddc50878aa59f0cbb2ca8c3cc3da54
1b862fb6f65d,APTOS-P0139,APTOS 2019 (Aravind Eye Hospital),train_images/1b862fb6f65d.png,0,Grade 0: No Apparent DR,train,fac3773ce2eb4aafab3e51ae81fb13fa0b62e05814d5d8849729fd1f8838f834
e7578d8dba72,APTOS-P3206,APTOS 2019 (Aravind Eye Hospital),train_images/e7578d8dba72.png,0,Grade 0: No Apparent DR,train,00f98287deff552138abd96362de40c2ee75def687aa9fcbccb4bb845cfd7869
33e8e26a75d4,APTOS-P0715,APTOS 2019 (Aravind Eye Hospital),train_images/33e8e26a75d4.png,2,Grade 2: Moderate NPDR,train,f3d0098bbcc21a514965bf5e63f590c1b418ba066860df0273a430a91c01031e
83038ca49b6d,APTOS-P1814,APTOS 2019 (Aravind Eye Hospital),train_images/83038ca49b6d.png,0,Grade 0: No Apparent DR,train,62ed6bc4f3c07225b8054f2533109122d26f3ad7e9d3621a785f49ec9e8a81bb
3461dc601cc2,APTOS-P0722,APTOS 2019 (Aravind Eye Hospital),train_images/3461dc601cc2.png,1,Grade 1: Mild NPDR,train,0559aff3279da157a3c0a205165d719e88f4ae66183ffa025c50d40f0772b9de
e16fc934069f,APTOS-P3119,APTOS 2019 (Aravind Eye Hospital),train_images/e16fc934069f.png,2,Grade 2: Moderate NPDR,train,ede1e0b0bf47df2d1a1cade118c9cada8cae3209ed95e81367ff4f7e7dcda5aa
3c72f580d4ba,APTOS-P0827,APTOS 2019 (Aravind Eye Hospital),train_images/3c72f580d4ba.png,1,Grade 1: Mild NPDR,train,15168df90d8fceee3aee9312a4cf6e74818d1e753b6319fcf79388878a65d317
2c8101f14723,APTOS-P0624,APTOS 2019 (Aravind Eye Hospital),train_images/2c8101f14723.png,0,Grade 0: No Apparent DR,train,c4a76995005f574564591e8768da6b502ec4ef9898061e595960a4b0f4c0f248
f9aa35187bf3,APTOS-P3435,APTOS 2019 (Aravind Eye Hospital),train_images/f9aa35187bf3.png,2,Grade 2: Moderate NPDR,train,c8c96ff428b01aa724751be19ae85010821ae5d020e83ccd0fc7df3b5e3a8f27
71a39c660432,APTOS-P1578,APTOS 2019 (Aravind Eye Hospital),train_images/71a39c660432.png,3,Grade 3: Severe NPDR,train,661a1ec25a577b59a68adc1294fba86c8a0e058c790b339a6b2995b265a03f4d
0d744aed4d64,APTOS-P0179,APTOS 2019 (Aravind Eye Hospital),train_images/0d744aed4d64.png,0,Grade 0: No Apparent DR,val,302b4900356a219c43eda8707200f2a3b1e7a7d641b13c2a8ebfa99997a69216
014508ccb9cb,APTOS-P0018,APTOS 2019 (Aravind Eye Hospital),train_images/014508ccb9cb.png,0,Grade 0: No Apparent DR,test,eba97e08fb82e91713cbfc52c1002819a4e0cb0f6edabd98c53b068ca90d2de5
e135d7ba9a0e,APTOS-P2803,APTOS 2019 (Aravind Eye Hospital),train_images/e135d7ba9a0e.png,0,Grade 0: No Apparent DR,test,8af36eba8a26c4a7bcec4a2dcacc94964178c6a1f4a7a95039e96ff715f0bf9a
bdf47b9f10c4,APTOS-P2655,APTOS 2019 (Aravind Eye Hospital),train_images/bdf47b9f10c4.png,0,Grade 0: No Apparent DR,val,73f30ca2577fbc135df8801bcf168e46196c7c5dbffb697259a6c4f5c959bc15
e499434242cc,APTOS-P3164,APTOS 2019 (Aravind Eye Hospital),train_images/e499434242cc.png,2,Grade 2: Moderate NPDR,train,0b127e14829f7ac64e65702bcc1910a114ba30342abcd3198da9a83fbfe10bc1
af828dab3ffc,APTOS-P2460,APTOS 2019 (Aravind Eye Hospital),train_images/af828dab3ffc.png,2,Grade 2: Moderate NPDR,train,a3c5b49d99058b01bd9b74ae285553b3adaa30a7cc28597c4cfcdd9230093edf
196e6a186452,APTOS-P0349,APTOS 2019 (Aravind Eye Hospital),train_images/196e6a186452.png,2,Grade 2: Moderate NPDR,train,09435015f054d79bc90ec379366a6aacb6e53ab773ab727d4478f73f2a306c82
d69698f838db,APTOS-P2972,APTOS 2019 (Aravind Eye Hospital),train_images/d69698f838db.png,0,Grade 0: No Apparent DR,train,8f8381fb25603b951fd709b21e0e404d41465f6c9909c3e41821aa110de79627
1d46f1326394,APTOS-P0406,APTOS 2019 (Aravind Eye Hospital),train_images/1d46f1326394.png,0,Grade 0: No Apparent DR,train,cb1b130a71520fdc15b923c9f91b8b48ad0cbf9562f4d8863b32ccf9b1dc986c
1ffaa51a6245,APTOS-P0451,APTOS 2019 (Aravind Eye Hospital),train_images/1ffaa51a6245.png,2,Grade 2: Moderate NPDR,train,bb7506b91f09949b4554326bb1cc0719de3db2dadff4242bc85a6924f7a559bc
4ec7796df40e,APTOS-P1098,APTOS 2019 (Aravind Eye Hospital),train_images/4ec7796df40e.png,0,Grade 0: No Apparent DR,train,1f26c371a895b5990b416fc64e3b78905db7853938967f8246ea6ecb22883d22
cb68fce07789,APTOS-P2832,APTOS 2019 (Aravind Eye Hospital),train_images/cb68fce07789.png,0,Grade 0: No Apparent DR,train,352c9a61b47419c94977119487e20a0dbedc48e2c150cd5ceb25211c765fce46
38373431d996,APTOS-P0773,APTOS 2019 (Aravind Eye Hospital),train_images/38373431d996.png,0,Grade 0: No Apparent DR,val,1e9b1b8f434e31111e488ade2bdb084a3c97f935d634c34e3316597820a372ad
190a309f2cc5,APTOS-P0339,APTOS 2019 (Aravind Eye Hospital),train_images/190a309f2cc5.png,0,Grade 0: No Apparent DR,train,12dd16a92bfd96dc0dc86ec637bbf3f31fc8831e94c116065e526d675b3e17ce
72c31aa48e2c,APTOS-P1594,APTOS 2019 (Aravind Eye Hospital),train_images/72c31aa48e2c.png,0,Grade 0: No Apparent DR,train,c9200cbaad7406d9b7cf432ab4ccc4d85d4bac4441e48840a4f73ed0f1ed513d
565f3404f9b2,APTOS-P1220,APTOS 2019 (Aravind Eye Hospital),train_images/565f3404f9b2.png,0,Grade 0: No Apparent DR,train,f025d39d207ba4b4e0a3ed338e1eb956acc0fc26a4525b45693a437b481b3b8b
633fe9dbaf39,APTOS-P1390,APTOS 2019 (Aravind Eye Hospital),train_images/633fe9dbaf39.png,0,Grade 0: No Apparent DR,train,8ece85ddd2a9d519592abae9ac09cccac8963f54a40241ccb785aba501ee3761
6b664ed2a938,APTOS-P1490,APTOS 2019 (Aravind Eye Hospital),train_images/6b664ed2a938.png,0,Grade 0: No Apparent DR,train,1f79dce03625046e0557b58426be462663d861810f46dca74ac4326d722b1f80
436e1793d240,APTOS-P0915,APTOS 2019 (Aravind Eye Hospital),train_images/436e1793d240.png,2,Grade 2: Moderate NPDR,train,99cad0f249de5a98b826b7026ea52eaba6a62bf0c4996f5474ddb3fb01bb2c4b
ba735b286d62,APTOS-P2615,APTOS 2019 (Aravind Eye Hospital),train_images/ba735b286d62.png,4,Grade 4: Proliferative DR,train,6f81a31034474a8426ae9f02099c3f6d454d64a07720590a0488a3b4a086eca8
51af8c112682,APTOS-P1149,APTOS 2019 (Aravind Eye Hospital),train_images/51af8c112682.png,4,Grade 4: Proliferative DR,train,e217e785c637fae16e916b0853311de74705c8857477ce396cf6b5d1c689c3db
d1f7ea924a01,APTOS-P2913,APTOS 2019 (Aravind Eye Hospital),train_images/d1f7ea924a01.png,0,Grade 0: No Apparent DR,val,73ee760aa8618adce629dd30b9c2e02e501e1d4febf185469d8c6b47992efabf
47b756014447,APTOS-P0981,APTOS 2019 (Aravind Eye Hospital),train_images/47b756014447.png,2,Grade 2: Moderate NPDR,val,d4fdba34e436a3d67f34d01ac3c300508378e123887567ef21aadef8d3bf7544
29a13e666266,APTOS-P0588,APTOS 2019 (Aravind Eye Hospital),train_images/29a13e666266.png,0,Grade 0: No Apparent DR,train,aba91dace81597ce2805989b3ec66b263ab119955d8032d3cb0f7a1cacdfd44d
48fda42bd5d4,APTOS-P0995,APTOS 2019 (Aravind Eye Hospital),train_images/48fda42bd5d4.png,2,Grade 2: Moderate NPDR,train,8db85b7cd09b5cd590d7431f628b2fcabcd2d294b7f18778616c5cddb1e41896
b0619ca93a5f,APTOS-P2469,APTOS 2019 (Aravind Eye Hospital),train_images/b0619ca93a5f.png,0,Grade 0: No Apparent DR,train,ffc564daf185f286ebc007bce79a24e4410b1bed1cc875894ef2fa65c3980cc1
677f087cd697,APTOS-P1449,APTOS 2019 (Aravind Eye Hospital),train_images/677f087cd697.png,1,Grade 1: Mild NPDR,train,4abfcb132c68f70739b2a38aaaf3fa0e394b208a4a101d65e385c70921b6d7a1
a9d0c900b6a9,APTOS-P2365,APTOS 2019 (Aravind Eye Hospital),train_images/a9d0c900b6a9.png,2,Grade 2: Moderate NPDR,test,f7c89ba06031d7fa7d00761c1a6a95dfa67bc0fb0be77c35efa1f50fabf0ef4f
5b1c4cefeb24,APTOS-P1283,APTOS 2019 (Aravind Eye Hospital),train_images/5b1c4cefeb24.png,0,Grade 0: No Apparent DR,train,6e68f6d652faf51a888f22307fca58af83c1204b4a17b555d3e352b26724289d
14515b8f19b6,APTOS-P0272,APTOS 2019 (Aravind Eye Hospital),train_images/14515b8f19b6.png,2,Grade 2: Moderate NPDR,train,361ac05f76a03ef23644add2b9dcf1ba4fe743744ffd9ab4865c9fecab72865b
f6f433f3306f,APTOS-P3403,APTOS 2019 (Aravind Eye Hospital),train_images/f6f433f3306f.png,3,Grade 3: Severe NPDR,train,e15bfb25e465262da49f12c3b8e4d8b65ad5cd8e387bd1694a8735caddcd015f
68ddb15a74de,APTOS-P1466,APTOS 2019 (Aravind Eye Hospital),train_images/68ddb15a74de.png,0,Grade 0: No Apparent DR,test,02e277fb431b185fcf8f7c43abdff4b76f681ab43ad0f1884c9b689d61a548bd
ad029ba7fa8b,APTOS-P2416,APTOS 2019 (Aravind Eye Hospital),train_images/ad029ba7fa8b.png,0,Grade 0: No Apparent DR,test,480c713afd7a09246944b88009f9e3076d13bf93a76a855e1f3b8dc99861d512
65dda202653d,APTOS-P1420,APTOS 2019 (Aravind Eye Hospital),train_images/65dda202653d.png,0,Grade 0: No Apparent DR,train,b0d780099138281a70f74825d028ec1b89b7be19aba28ac6b61cb21b009b9d8e
da6bbb76d562,APTOS-P3034,APTOS 2019 (Aravind Eye Hospital),train_images/da6bbb76d562.png,0,Grade 0: No Apparent DR,train,97a40e18d95d856a46ea0f8987e46a1882692757972bc9ea0bd94138e03da283
4cfd22ae43d4,APTOS-P1064,APTOS 2019 (Aravind Eye Hospital),train_images/4cfd22ae43d4.png,0,Grade 0: No Apparent DR,train,316905a9855d0f4ad4d7b35b243306bec675aa1462e9d043b5635c9895d62a7f
d6b109c82067,APTOS-P0370,APTOS 2019 (Aravind Eye Hospital),train_images/d6b109c82067.png,0,Grade 0: No Apparent DR,train,0e70324c27f6449902edb367472958c2315c123cd71249fa62623dc948d90fa6
62b826899151,APTOS-P1384,APTOS 2019 (Aravind Eye Hospital),train_images/62b826899151.png,0,Grade 0: No Apparent DR,train,f1ff1b701303bfd2d8a876a33f332fca8329025af819494d1235a73923cff65b
8b079e79035f,APTOS-P1933,APTOS 2019 (Aravind Eye Hospital),train_images/8b079e79035f.png,0,Grade 0: No Apparent DR,val,93971d2fcf8340588f0518ffac9972672d31054d1eeace99cc16ecf432270edc
63d217b059b6,APTOS-P1399,APTOS 2019 (Aravind Eye Hospital),train_images/63d217b059b6.png,2,Grade 2: Moderate NPDR,val,dc29071c189bc2163d047892439cd0d1028ce4276afd2b4731b298546ef57a18
3f5b4c2948e8,APTOS-P0858,APTOS 2019 (Aravind Eye Hospital),train_images/3f5b4c2948e8.png,2,Grade 2: Moderate NPDR,train,500ef0807626df72f4d0fc46bb7f7af906025b29be78380a708547d945375d11
3e3a3955b9c5,APTOS-P0848,APTOS 2019 (Aravind Eye Hospital),train_images/3e3a3955b9c5.png,3,Grade 3: Severe NPDR,train,c214987542b4159ff9040f2e42b2217b01297e5490dd24fa33bd69173aa84c0b
a8582e346df0,APTOS-P1693,APTOS 2019 (Aravind Eye Hospital),train_images/a8582e346df0.png,1,Grade 1: Mild NPDR,val,ddbaba56a1a12fa26e008da9f4d79ebb421ecdb3e17d426380e7b2bd8e59e02f
1f63d44d9e3c,APTOS-P0445,APTOS 2019 (Aravind Eye Hospital),train_images/1f63d44d9e3c.png,2,Grade 2: Moderate NPDR,train,35448f17439793e8d87989119ed3c8ee20a5ef383d3a24e6bcb1f6025ced3a71
44878f34e31f,APTOS-P0939,APTOS 2019 (Aravind Eye Hospital),train_images/44878f34e31f.png,0,Grade 0: No Apparent DR,train,01389f48ad446c653873dc5c58c896cf561ff82478e3930d6df8189fe4555053
d868acdccb5b,APTOS-P3001,APTOS 2019 (Aravind Eye Hospital),train_images/d868acdccb5b.png,3,Grade 3: Severe NPDR,test,a9bf0c6ab8a7420d7d110ba613c70b2c33e01cc3dfd1561f094608cbd6e14ed4
efff2f1a35f5,APTOS-P3315,APTOS 2019 (Aravind Eye Hospital),train_images/efff2f1a35f5.png,2,Grade 2: Moderate NPDR,val,f11f2ba9f788a68e75f2cc7d13e76acd2f2f2e3ee9579f404e82fde9a8778899
6c9c902a97de,APTOS-P1511,APTOS 2019 (Aravind Eye Hospital),train_images/6c9c902a97de.png,0,Grade 0: No Apparent DR,train,1b0878620220ee36b2e37d09e185f955d1a75be49aa75eb2024c1b2721d93030
73a07e2ea23e,APTOS-P1605,APTOS 2019 (Aravind Eye Hospital),train_images/73a07e2ea23e.png,0,Grade 0: No Apparent DR,train,074a8b7dc35a8c77ff17c45cef8e4a1b65d8111cfe35937fd52a1122484d8ae0
a9b3177f01c0,APTOS-P2362,APTOS 2019 (Aravind Eye Hospital),train_images/a9b3177f01c0.png,0,Grade 0: No Apparent DR,train,ad665c06cf04925758e1003b1507d19a82a1717113cd06765140592cb7333736
96d48b073f18,APTOS-P2083,APTOS 2019 (Aravind Eye Hospital),train_images/96d48b073f18.png,2,Grade 2: Moderate NPDR,train,f2c332c8b56a1e0152ddaaec575f8edf82fa1b739b1e33b0d8af838a29003563
ebe0175e530c,APTOS-P3265,APTOS 2019 (Aravind Eye Hospital),train_images/ebe0175e530c.png,4,Grade 4: Proliferative DR,train,c1ea8a56b90ecb498bf4aff1643cb597108fa7f562fd5705be13fa5783f662c5
9f935fb38440,APTOS-P2201,APTOS 2019 (Aravind Eye Hospital),train_images/9f935fb38440.png,0,Grade 0: No Apparent DR,train,f174c21e1ed35b135c57810e488c1a5c54bcb5decd0b31b0ddb5645ebb7c2a59
5bf3357a2823,APTOS-P1300,APTOS 2019 (Aravind Eye Hospital),train_images/5bf3357a2823.png,0,Grade 0: No Apparent DR,val,11166ab202455f7c530c36a40763cdc4a43d6d0295fcfb32a04b99cca28b1ecf
5c6194562ed2,APTOS-P1302,APTOS 2019 (Aravind Eye Hospital),train_images/5c6194562ed2.png,2,Grade 2: Moderate NPDR,train,e069b8620fccb162a000c0c7a5aba6630c05be2ac608a3a659badaa6445a7588
934104859e68,APTOS-P2043,APTOS 2019 (Aravind Eye Hospital),train_images/934104859e68.png,0,Grade 0: No Apparent DR,train,aae9abdacbad500cf5dfdcab7b2360c13cc35452f7ca580ac0f89e75bfcead7a
c4e8b1ec8893,APTOS-P2740,APTOS 2019 (Aravind Eye Hospital),train_images/c4e8b1ec8893.png,2,Grade 2: Moderate NPDR,val,ea5a73a93699d2103a1709062b60b0f53c892b372e691c148b1aa6cb2be8a9b4
6987804eb464,APTOS-P1472,APTOS 2019 (Aravind Eye Hospital),train_images/6987804eb464.png,2,Grade 2: Moderate NPDR,train,5dcf286689f574205f508af015c2c9d2a108ffde25fb790ad2498894d4605e1b
0dbaa09a458c,APTOS-P0187,APTOS 2019 (Aravind Eye Hospital),train_images/0dbaa09a458c.png,2,Grade 2: Moderate NPDR,val,9ef1e18c6ac29ab8b980096b7cb6e033949fbf696894740f256a82446c511fb6
753b14c27c83,APTOS-P1622,APTOS 2019 (Aravind Eye Hospital),train_images/753b14c27c83.png,4,Grade 4: Proliferative DR,train,1974f1911695e5ef4c11865729e640acd234938d3d931c559905a7990a033b03
76e589911303,APTOS-P1648,APTOS 2019 (Aravind Eye Hospital),train_images/76e589911303.png,1,Grade 1: Mild NPDR,train,402c830f4f33c3d4a08f502f2e3249fc869e468b1aa908c2131bf2a5bcdeeb88
fdc685055659,APTOS-P3480,APTOS 2019 (Aravind Eye Hospital),train_images/fdc685055659.png,0,Grade 0: No Apparent DR,test,4d601e853e0c97edde66883ca7468a60c6e2194ce848199db78dfdbb80d52117
51da6aebba8f,APTOS-P1155,APTOS 2019 (Aravind Eye Hospital),train_images/51da6aebba8f.png,3,Grade 3: Severe NPDR,train,79b777d5504053254b52cf12067a990f9e78e929551cacc44975750cc5ab82a9
164cd5a3a6cd,APTOS-P0301,APTOS 2019 (Aravind Eye Hospital),train_images/164cd5a3a6cd.png,0,Grade 0: No Apparent DR,test,7e543f28460e043027ae436a5c04a7e4646507f4927ad203651708c49d183eb0
73ba798fee25,APTOS-P1606,APTOS 2019 (Aravind Eye Hospital),train_images/73ba798fee25.png,0,Grade 0: No Apparent DR,train,1f2c544fd3704597d9317ecef46ed0c06870e29565eba40bd8ddf63cb48686dc
e6a58edc5b42,APTOS-P3199,APTOS 2019 (Aravind Eye Hospital),train_images/e6a58edc5b42.png,2,Grade 2: Moderate NPDR,val,c63ad8a52dd58b2eace96bc166c3fbee5f67ed91775503662ef3539865947c13
d4bc001f7224,APTOS-P2951,APTOS 2019 (Aravind Eye Hospital),train_images/d4bc001f7224.png,0,Grade 0: No Apparent DR,train,0376db9353137fb674916adb843752c29a12ca9cf3aa5f565da2c9ebfa835402
c0f15fe3b4b7,APTOS-P2700,APTOS 2019 (Aravind Eye Hospital),train_images/c0f15fe3b4b7.png,1,Grade 1: Mild NPDR,train,a5aac8973dc7745b5c673f3ec4744be040a5b0ddec0a98b47cbdde4438735137
1f9ccda4ddf2,APTOS-P0446,APTOS 2019 (Aravind Eye Hospital),train_images/1f9ccda4ddf2.png,0,Grade 0: No Apparent DR,train,e507f136fea8507a5a8bc4fe10908e25afffb54662ebcf249bf00f48cfb03a99
9ae54843c69a,APTOS-P2146,APTOS 2019 (Aravind Eye Hospital),train_images/9ae54843c69a.png,0,Grade 0: No Apparent DR,train,f066bb66a531976c1073a889f5dd2eb3a97edce319205bd32c9bdd175973fab7
ad1aa75d5630,APTOS-P2418,APTOS 2019 (Aravind Eye Hospital),train_images/ad1aa75d5630.png,0,Grade 0: No Apparent DR,test,f302011aeace733084493bfb1cb80d5792e62bfeccf432189520644b49f0561b
2994f17f58a5,APTOS-P0587,APTOS 2019 (Aravind Eye Hospital),train_images/2994f17f58a5.png,1,Grade 1: Mild NPDR,train,0dbea9cbbdb96c0c5554792942139f21875ce793008e054302b2e83abee1fbd4
aa10a4b2e709,APTOS-P2369,APTOS 2019 (Aravind Eye Hospital),train_images/aa10a4b2e709.png,0,Grade 0: No Apparent DR,train,5cf68ffd75dc8bcac6003cf7f216d21686c1d48ecbfc932507502308257410dc
2ef4a04aed1b,APTOS-P0652,APTOS 2019 (Aravind Eye Hospital),train_images/2ef4a04aed1b.png,0,Grade 0: No Apparent DR,train,c651e128212170955dacbdb28ed3d3952d76b7ae6820a3da3508900abbeee7e1
f71333204618,APTOS-P3406,APTOS 2019 (Aravind Eye Hospital),train_images/f71333204618.png,0,Grade 0: No Apparent DR,train,91efc14b173444949fecd90434e7dd482d271d828c1b15534b48b9740997d993
b05922e7abd3,APTOS-P2468,APTOS 2019 (Aravind Eye Hospital),train_images/b05922e7abd3.png,0,Grade 0: No Apparent DR,train,f1c605559806fba230c14bb1be1ae17f2943e73a6f488ea3e3d1394443ff7f6d
ca891d37a43c,APTOS-P2815,APTOS 2019 (Aravind Eye Hospital),train_images/ca891d37a43c.png,2,Grade 2: Moderate NPDR,train,29f774adb637637862b4d748b27ad610cde4c6c42077529118b792eb84bc649f
42af7282349b,APTOS-P0905,APTOS 2019 (Aravind Eye Hospital),train_images/42af7282349b.png,0,Grade 0: No Apparent DR,train,14ea27aa606dafc0bf7e2f4957ce5371b41137145a70b216219f89ce48059936
2cf18033da31,APTOS-P0632,APTOS 2019 (Aravind Eye Hospital),train_images/2cf18033da31.png,0,Grade 0: No Apparent DR,train,5ac21c24d74ddffa924dbc626f0d3a4bb2873b88d2634f3c21c3ebbc1a21c6a7
1db0393cdbc1,APTOS-P0412,APTOS 2019 (Aravind Eye Hospital),train_images/1db0393cdbc1.png,0,Grade 0: No Apparent DR,val,36fd417d527e99b1afd82cc8e2e57ebf4c6e3119467522e44825be1a64534a26
b16dd4483ca5,APTOS-P2487,APTOS 2019 (Aravind Eye Hospital),train_images/b16dd4483ca5.png,0,Grade 0: No Apparent DR,val,734d692079d74f5a2810070b396814f53dbea0d6f23b3dd9f9b2d879f2a5f73a
3a1ecf5e2839,APTOS-P0798,APTOS 2019 (Aravind Eye Hospital),train_images/3a1ecf5e2839.png,4,Grade 4: Proliferative DR,train,d639ec4732a33f62597ccc156c5bf5410a6a905bfca20105bcc5b4a4cdf29544
86b3a7929bec,APTOS-P0371,APTOS 2019 (Aravind Eye Hospital),train_images/86b3a7929bec.png,2,Grade 2: Moderate NPDR,train,4e4b1602c7ff8b8a2efed9e2df5bf3ddb7a2178ba69f93ce90d30e5eae30cb75
720b5f62ce80,APTOS-P1584,APTOS 2019 (Aravind Eye Hospital),train_images/720b5f62ce80.png,0,Grade 0: No Apparent DR,train,ff291bfba007276d25c5b5bcabefdcf19d8c109db8841522cf55b6f4707cf49c
d144144a2f3f,APTOS-P2470,APTOS 2019 (Aravind Eye Hospital),train_images/d144144a2f3f.png,2,Grade 2: Moderate NPDR,train,551e4aee4dc7f787a4323eb055a6405f6d29ba8e7c2cb0585e27a771f0b45d9d
4ccfa0b4e96c,APTOS-P0708,APTOS 2019 (Aravind Eye Hospital),train_images/4ccfa0b4e96c.png,4,Grade 4: Proliferative DR,train,63d05abb6d2197302771f78db7b91bf76519c4293a51b022b356860dfaaa77ee
17eb5d4ad740,APTOS-P0316,APTOS 2019 (Aravind Eye Hospital),train_images/17eb5d4ad740.png,2,Grade 2: Moderate NPDR,test,4f3e5f009466b7d9a6a41fb60146e2dfa026241772615709c8ae4a5b8fa94a88
62ab144d5cee,APTOS-P1382,APTOS 2019 (Aravind Eye Hospital),train_images/62ab144d5cee.png,2,Grade 2: Moderate NPDR,train,46d201bf8c754a828e81b91d749e34d33fa40a96853c2163095f951c759acc76
2ba0b0d9bda2,APTOS-P0616,APTOS 2019 (Aravind Eye Hospital),train_images/2ba0b0d9bda2.png,2,Grade 2: Moderate NPDR,train,56e7b4c7b5ce85be72a4b87e6790bf781264b432e20efd0984011816eb1d783d
e83d315d8f98,APTOS-P3218,APTOS 2019 (Aravind Eye Hospital),train_images/e83d315d8f98.png,2,Grade 2: Moderate NPDR,train,b46316302bdc0e36c8944750e98287908d4ac553dc65794ff997a53fe8705d76
2b3a4a81d748,APTOS-P0611,APTOS 2019 (Aravind Eye Hospital),train_images/2b3a4a81d748.png,0,Grade 0: No Apparent DR,train,1819bdaeb4e4948e32fc5523418a30d0b0f480832e01a497ebf8253784db94d9
f2094a20b275,APTOS-P3340,APTOS 2019 (Aravind Eye Hospital),train_images/f2094a20b275.png,2,Grade 2: Moderate NPDR,train,fa7e3d5f80739de17b1cf31ca9bee7fa56d666ec78d0c4b791632b13789e7795
e229aca862c7,APTOS-P3130,APTOS 2019 (Aravind Eye Hospital),train_images/e229aca862c7.png,2,Grade 2: Moderate NPDR,train,99a9d6208cb9aa2672d1aa77b4f38f2a210dc4d7bd41bf03c514e5f1486eb40e
4c52922f3bfd,APTOS-P1048,APTOS 2019 (Aravind Eye Hospital),train_images/4c52922f3bfd.png,2,Grade 2: Moderate NPDR,test,90c801b820d7622a4c35d526b5004c6547e2f10900e4dd1ad2de2a38b1973ce7
959bb2d01091,APTOS-P2068,APTOS 2019 (Aravind Eye Hospital),train_images/959bb2d01091.png,0,Grade 0: No Apparent DR,train,3bfc455e0f7b157166ec9b4e9cba81d6d5feafa17fed316f0917808dad85ca88
a0adbe677508,APTOS-P2223,APTOS 2019 (Aravind Eye Hospital),train_images/a0adbe677508.png,0,Grade 0: No Apparent DR,test,84545552ed91895b6de0241be0c6b5c123f47a933202360e85e05531344ddee1
0afbeeef0ff7,APTOS-P0151,APTOS 2019 (Aravind Eye Hospital),train_images/0afbeeef0ff7.png,0,Grade 0: No Apparent DR,train,6353d3ded7eafda62f4d6afe4cb40772ac563cfc2a017e511471654685e32920
5ca73d28f17f,APTOS-P1307,APTOS 2019 (Aravind Eye Hospital),train_images/5ca73d28f17f.png,0,Grade 0: No Apparent DR,train,bef9d06867347a242a68544ad2c7712b048b7a152cb9453fa3c6d882c4be591c
2d9d97a6e713,APTOS-P0641,APTOS 2019 (Aravind Eye Hospital),train_images/2d9d97a6e713.png,1,Grade 1: Mild NPDR,train,261128d6834a1ab3d64233dde7c1e48eae5d82cb3de240a332556ab11487bf60
1ca91751be4d,APTOS-P0394,APTOS 2019 (Aravind Eye Hospital),train_images/1ca91751be4d.png,0,Grade 0: No Apparent DR,train,1229410861e70c0780c0bc70c2633eda7d5b2336f9218fe090dbc25ac109eb8c
abdb365cacbc,APTOS-P2400,APTOS 2019 (Aravind Eye Hospital),train_images/abdb365cacbc.png,1,Grade 1: Mild NPDR,val,6dd5c85a8b9e3a153e5411e0eb7b31d466cea7f907a3edc15a6e186378b2a2c1
59bd19c1c5bb,APTOS-P0546,APTOS 2019 (Aravind Eye Hospital),train_images/59bd19c1c5bb.png,0,Grade 0: No Apparent DR,train,8000e7a852b4423854797270a9355dfec39deb5f2a495e273569e1eaddafe081
e4b0df29b96f,APTOS-P3167,APTOS 2019 (Aravind Eye Hospital),train_images/e4b0df29b96f.png,0,Grade 0: No Apparent DR,train,dfacc6321cef53de6de83971b3c3d213f9c1d9bc77c53af7c7517d15d28c772a
cb39761f0712,APTOS-P2829,APTOS 2019 (Aravind Eye Hospital),train_images/cb39761f0712.png,0,Grade 0: No Apparent DR,train,b68951f5059a6c7b101ec787da021ab37a6373c46f7243d42e18cd63e83501fe
4fa26d065ad3,APTOS-P1112,APTOS 2019 (Aravind Eye Hospital),train_images/4fa26d065ad3.png,1,Grade 1: Mild NPDR,test,94ef1dcd987a8cd096c775a1070fa36719b55d1adc456a653fe9b5158fc7af0e
a3475dc3ac80,APTOS-P2265,APTOS 2019 (Aravind Eye Hospital),train_images/a3475dc3ac80.png,2,Grade 2: Moderate NPDR,train,108bd1018766b65090797bc863136e2d9ed187f786595c205fc84ba64d9011ed
4cae247d9909,APTOS-P1058,APTOS 2019 (Aravind Eye Hospital),train_images/4cae247d9909.png,1,Grade 1: Mild NPDR,train,f53ebfaad4699b3bde3be981e23ce2bea8d758bffdc44abb6a5614a91d84a387
3178559fbf57,APTOS-P0689,APTOS 2019 (Aravind Eye Hospital),train_images/3178559fbf57.png,0,Grade 0: No Apparent DR,val,540fe5443e0def45b122f51dcf8e2e26f2bf7239a8ce1d5d4890cb06602c45b1
90a9a41eec6d,APTOS-P2009,APTOS 2019 (Aravind Eye Hospital),train_images/90a9a41eec6d.png,0,Grade 0: No Apparent DR,val,c7a0ffb2f6fabb27c2ef609ca7a0a5bcdfbdccaa4af200f43bfe28e4c8e04a19
07419eddd6be,APTOS-P0091,APTOS 2019 (Aravind Eye Hospital),train_images/07419eddd6be.png,2,Grade 2: Moderate NPDR,val,46971682ca5ac06fcc317061a023d08a53a2770931be24e522290d3a39c731fb
85f99e7e4052,APTOS-P1854,APTOS 2019 (Aravind Eye Hospital),train_images/85f99e7e4052.png,0,Grade 0: No Apparent DR,train,8f16d00762d8a109239fbf472d97695d0b7983103d6b0283bf75fc90332c79c3
215d2b7c3fde,APTOS-P0468,APTOS 2019 (Aravind Eye Hospital),train_images/215d2b7c3fde.png,0,Grade 0: No Apparent DR,val,79ab94b2ffe930a7e2d7e8c8079a28b8eb10f17a49f9519ab6d2cca5b0e4e79a
d1fa0f744620,APTOS-P2914,APTOS 2019 (Aravind Eye Hospital),train_images/d1fa0f744620.png,0,Grade 0: No Apparent DR,train,18c2b7cb5d336342de224090af323d37828aaed88942b65a4236c7b7208226f1
ae8472f8d310,APTOS-P2441,APTOS 2019 (Aravind Eye Hospital),train_images/ae8472f8d310.png,1,Grade 1: Mild NPDR,train,38e53f544d9886368c90334e94a699ae710023fec54f2c6c69442bb7a0a81724
1b329a127307,APTOS-P0367,APTOS 2019 (Aravind Eye Hospital),train_images/1b329a127307.png,1,Grade 1: Mild NPDR,test,7f0288799cbca9d4c9409a0bf74fdc75f13b84d50190f58b3e7f6d8be5a421de
63e041a757eb,APTOS-P1400,APTOS 2019 (Aravind Eye Hospital),train_images/63e041a757eb.png,0,Grade 0: No Apparent DR,train,823d8e8fa6d246f52cccac124636106ed4ff129f0c81dcb1d2232de45101f527
91e82fe4e434,APTOS-P2025,APTOS 2019 (Aravind Eye Hospital),train_images/91e82fe4e434.png,0,Grade 0: No Apparent DR,train,bf14f9c8d3dd239e7a5771a7af21b3c6df8c6c2b70a01da7eeb083101b290921
3f73c91b7e32,APTOS-P0861,APTOS 2019 (Aravind Eye Hospital),train_images/3f73c91b7e32.png,1,Grade 1: Mild NPDR,train,9f4d391b72add4054ec07162e601a64da805082213229b6e6dae677efc7f574a
d6df4fe492ec,APTOS-P2974,APTOS 2019 (Aravind Eye Hospital),train_images/d6df4fe492ec.png,0,Grade 0: No Apparent DR,train,a797e993644d530200c58972a805cadc31b284c4ce1683ba876721d9991cc9fc
40c24aded50c,APTOS-P0881,APTOS 2019 (Aravind Eye Hospital),train_images/40c24aded50c.png,0,Grade 0: No Apparent DR,test,cc7a21ab72eddd09164dd9ffb0975c46011f9e38cbf2b07d4a02ae3fa3a4a0fa
ad93d88c87ea,APTOS-P2426,APTOS 2019 (Aravind Eye Hospital),train_images/ad93d88c87ea.png,0,Grade 0: No Apparent DR,train,ee7279b0714db34fd6fdf8cb0f00ca0b9d325e4109e59619f90e1225b0f5e3db
a8e88d4891c4,APTOS-P0660,APTOS 2019 (Aravind Eye Hospital),train_images/a8e88d4891c4.png,3,Grade 3: Severe NPDR,val,5ed0aa402a41a0ed30900e3ec1fa273ddedab23827ce97d965ed543f2293bc7a
d2dc86021c67,APTOS-P2932,APTOS 2019 (Aravind Eye Hospital),train_images/d2dc86021c67.png,0,Grade 0: No Apparent DR,val,8f4d50d8f139744b181d970d9546d19f9134fe98e0743eebc5b22e78e01e1e40
ae57c8630249,APTOS-P2436,APTOS 2019 (Aravind Eye Hospital),train_images/ae57c8630249.png,0,Grade 0: No Apparent DR,train,c7e54dcf280b1848b8e1a37ea4f60e4f4f6b40e31cafdbb943f6e24d2d4919ac
6194e0fff071,APTOS-P1365,APTOS 2019 (Aravind Eye Hospital),train_images/6194e0fff071.png,4,Grade 4: Proliferative DR,train,6e8272840322f862cbf70e145e3fe9e69a8507d4c4267998561c52be54dcf87c
9ed666e982cd,APTOS-P2193,APTOS 2019 (Aravind Eye Hospital),train_images/9ed666e982cd.png,1,Grade 1: Mild NPDR,train,531e0233c7f7054a4125a3b0f3d7a433e1a57840425c4aebc96b6cf2bf66a108
5c7ab966a3ee,APTOS-P1303,APTOS 2019 (Aravind Eye Hospital),train_images/5c7ab966a3ee.png,4,Grade 4: Proliferative DR,train,38444d69d64d33fc9d68c644be42cf8a9adba0cb598875fd21c86a1a2963ecd8
ad312ca98202,APTOS-P2422,APTOS 2019 (Aravind Eye Hospital),train_images/ad312ca98202.png,0,Grade 0: No Apparent DR,train,51124b0bb075be99746c685e744b6514d08d34eb386ea588ed96d635e2a58f42
2db0cd3e30da,APTOS-P0643,APTOS 2019 (Aravind Eye Hospital),train_images/2db0cd3e30da.png,0,Grade 0: No Apparent DR,train,2ebe01d626a11a3c85194d79ae890ffbc05e5b2187e6637a532e3cc070d46ca5
9f37c98b8187,APTOS-P2197,APTOS 2019 (Aravind Eye Hospital),train_images/9f37c98b8187.png,3,Grade 3: Severe NPDR,train,ec59afb5b5822ab3931903c6e209b86c54c148e6fd0f63857799151ffeb2bc69
20c883d3bd38,APTOS-P0461,APTOS 2019 (Aravind Eye Hospital),train_images/20c883d3bd38.png,2,Grade 2: Moderate NPDR,train,90b0d24cb1e6459c8f1c0aaa238311a15390d0a31ed697be1501b4717fd86f7a
4360a112db10,APTOS-P0914,APTOS 2019 (Aravind Eye Hospital),train_images/4360a112db10.png,3,Grade 3: Severe NPDR,train,2299f419e391fe46b76570e9137f05461af14bd350bba09c891e5dedc69f9af2
10f36b0239fb,APTOS-P0231,APTOS 2019 (Aravind Eye Hospital),train_images/10f36b0239fb.png,1,Grade 1: Mild NPDR,val,88f95fc129d6787744db0adbffeef8b9515b6127ec7fcc40ccac11390f16632c
6e092caa065f,APTOS-P1541,APTOS 2019 (Aravind Eye Hospital),train_images/6e092caa065f.png,0,Grade 0: No Apparent DR,train,707bff3c1d3e461a3a4462c3b845880e04c21dd700099a419f8fa0b982e139c2
41345cec5957,APTOS-P0884,APTOS 2019 (Aravind Eye Hospital),train_images/41345cec5957.png,0,Grade 0: No Apparent DR,train,0f552f90c57eb6c65661c3b3514e2e1ebb564a68c5db2a4d91ea295ed78304e0
ef247f28004f,APTOS-P3303,APTOS 2019 (Aravind Eye Hospital),train_images/ef247f28004f.png,0,Grade 0: No Apparent DR,train,246b72c142f49bf542b59fc3e92a7d8f50a6ed8d0a3e1c8343e6aefceb3fcccd
b9bc81fcb075,APTOS-P2605,APTOS 2019 (Aravind Eye Hospital),train_images/b9bc81fcb075.png,0,Grade 0: No Apparent DR,train,fd8fb8553c6c7a3555178dded198b75f38cce10f838577c168df9ed6238fefb5
8af6a4e5396f,APTOS-P1932,APTOS 2019 (Aravind Eye Hospital),train_images/8af6a4e5396f.png,4,Grade 4: Proliferative DR,test,9ead1caf1e98085214600171e2a720d5dd02b245471a85a4328a725c0cb78025
3f82631e9080,APTOS-P0863,APTOS 2019 (Aravind Eye Hospital),train_images/3f82631e9080.png,0,Grade 0: No Apparent DR,train,11ebabfb1ea5123573e08d865e66f4eb0f8265daafd243f66db481aad40a35fe
d8404680bba6,APTOS-P2994,APTOS 2019 (Aravind Eye Hospital),train_images/d8404680bba6.png,2,Grade 2: Moderate NPDR,train,b67f1719ca0cd4bdf887c4b691e7d37797062a25c8ecb8f54541bab279d0ce75
cd1c98ec48b1,APTOS-P2851,APTOS 2019 (Aravind Eye Hospital),train_images/cd1c98ec48b1.png,0,Grade 0: No Apparent DR,train,344121b6db1531d424fa2abbc704c702675e3c64995e6f32da87f069a2fec813
bb5083fae98f,APTOS-P0655,APTOS 2019 (Aravind Eye Hospital),train_images/bb5083fae98f.png,3,Grade 3: Severe NPDR,train,bacfde8dedf4df2d9e695c5d9aa0e133ae3b07613a6180e496a0a7c3a8e8d86f
aec51513cf45,APTOS-P2448,APTOS 2019 (Aravind Eye Hospital),train_images/aec51513cf45.png,0,Grade 0: No Apparent DR,val,01ab8b0baa6daabd1a2bce6e20454cf30498bb47a5256f5d57e14e8799eae0a9
b0f8613305a3,APTOS-P2483,APTOS 2019 (Aravind Eye Hospital),train_images/b0f8613305a3.png,0,Grade 0: No Apparent DR,test,ca0e573da0423669b008c3ad3f52a585fd4209f373ac04f028db750cdc4d26d6
358d2224de73,APTOS-P0737,APTOS 2019 (Aravind Eye Hospital),train_images/358d2224de73.png,1,Grade 1: Mild NPDR,train,9ece38b0e1a67584de6839f5ff02c91c37588c9e742e59efa5cbece031713a8f
3ddb86eb530e,APTOS-P0033,APTOS 2019 (Aravind Eye Hospital),train_images/3ddb86eb530e.png,2,Grade 2: Moderate NPDR,train,92001b346a30e84a5c0ffe02f71be87c83bc2f60c699321a8b53e255b5d51b19
b35cad8fe2d7,APTOS-P2505,APTOS 2019 (Aravind Eye Hospital),train_images/b35cad8fe2d7.png,0,Grade 0: No Apparent DR,test,92cd2b984ba72ed4a9b07d18d9571bcaabc8b6255700e270eee8dffb884360f0
b6bfe9db60e5,APTOS-P2551,APTOS 2019 (Aravind Eye Hospital),train_images/b6bfe9db60e5.png,3,Grade 3: Severe NPDR,train,2473e50e93d26758f2647118b04e85f22640b516c211f44ed6f2da2dffaecedd
e724866f5084,APTOS-P3203,APTOS 2019 (Aravind Eye Hospital),train_images/e724866f5084.png,2,Grade 2: Moderate NPDR,val,3e38211d7635599842856e9efe09777bdb87a00195807544db71e58c1c40ddd7
7526cf435753,APTOS-P1620,APTOS 2019 (Aravind Eye Hospital),train_images/7526cf435753.png,0,Grade 0: No Apparent DR,train,7563c6ef04eaf96b4c8f402bb975c197135c215cdc9a35ec5a6662247b94e7a5
12ce6a1a1f31,APTOS-P0252,APTOS 2019 (Aravind Eye Hospital),train_images/12ce6a1a1f31.png,1,Grade 1: Mild NPDR,train,20420b7df871b1d0400c79dc8071b9d91c6e7ae61db9a29127f850fcc188f897
e6a5e4718873,APTOS-P3200,APTOS 2019 (Aravind Eye Hospital),train_images/e6a5e4718873.png,0,Grade 0: No Apparent DR,val,cce21d2982a42d5aecfd2deff2c67c674c208682e9e625f93e966496a8367b33
98f7136d2e7a,APTOS-P2112,APTOS 2019 (Aravind Eye Hospital),train_images/98f7136d2e7a.png,2,Grade 2: Moderate NPDR,train,89f1c385d861bc75d4d5af61418ab04f2c8b5fad042dc6e9a9df7c72c975182e
b70e7c26f51e,APTOS-P2555,APTOS 2019 (Aravind Eye Hospital),train_images/b70e7c26f51e.png,0,Grade 0: No Apparent DR,val,49aebabe731b850125cdc59d2efd7fd63415f581af7897fe486c0ed402c996ed
37de05ef12a5,APTOS-P0768,APTOS 2019 (Aravind Eye Hospital),train_images/37de05ef12a5.png,2,Grade 2: Moderate NPDR,train,59f4e851771a862e142ebbe79541bffdffae5e3032fb7dd3ade600187c2242b8
367c7049929c,APTOS-P0751,APTOS 2019 (Aravind Eye Hospital),train_images/367c7049929c.png,2,Grade 2: Moderate NPDR,val,88edc7089d63ee95ab26fbdf52ce85526a700bc44fe45e769310c1730c602bed
de2eb5c8aa83,APTOS-P3072,APTOS 2019 (Aravind Eye Hospital),train_images/de2eb5c8aa83.png,0,Grade 0: No Apparent DR,test,c7d69fba78f6515fdc6feb832253860c22ef4050f6fa6ca962d971c57fea9dfd
c56293f53191,APTOS-P2744,APTOS 2019 (Aravind Eye Hospital),train_images/c56293f53191.png,0,Grade 0: No Apparent DR,train,b656a941929ec33ba5c64b8dfef6c1de27d93e810217031f1c4cc365af7b1b69
2a8a9e957a6c,APTOS-P0604,APTOS 2019 (Aravind Eye Hospital),train_images/2a8a9e957a6c.png,1,Grade 1: Mild NPDR,train,67e25190739484d2c00314342c89bbcf231d9f29312f11134b3ca108b75297be
3206171db5be,APTOS-P0693,APTOS 2019 (Aravind Eye Hospital),train_images/3206171db5be.png,4,Grade 4: Proliferative DR,test,517322c5a314c0bca484c0f03ef9fda489cae39a6278f7a83d266bf6f14ef064
0fb1053285cf,APTOS-P0210,APTOS 2019 (Aravind Eye Hospital),train_images/0fb1053285cf.png,1,Grade 1: Mild NPDR,train,8a0b7b6ac13ad2a4d7765a3e6a0226d39ec33bb9cbc3f0883582a7153bb1932c
3601dac9bed7,APTOS-P0745,APTOS 2019 (Aravind Eye Hospital),train_images/3601dac9bed7.png,0,Grade 0: No Apparent DR,train,113efe097356097a4b24892fb59f567d5c5e674b4dacde40df03102224d7f226
d881c04f01fe,APTOS-P3003,APTOS 2019 (Aravind Eye Hospital),train_images/d881c04f01fe.png,0,Grade 0: No Apparent DR,test,45b3a162051817d49867d804583b8686147a12253b0f78aa14897ec3273409dd
55034b1dbff2,APTOS-P1209,APTOS 2019 (Aravind Eye Hospital),train_images/55034b1dbff2.png,2,Grade 2: Moderate NPDR,train,54a57d662b043feab7e30448cf303a90ea778231ef2103bda6e7e062b3442a92
4bcee3cbe232,APTOS-P1040,APTOS 2019 (Aravind Eye Hospital),train_images/4bcee3cbe232.png,0,Grade 0: No Apparent DR,val,ffa143b3ce8d4beb2b2248196134ec7a104b8a5799201cc12b357fdcd76e18c4
5cab3ef4b31c,APTOS-P1309,APTOS 2019 (Aravind Eye Hospital),train_images/5cab3ef4b31c.png,1,Grade 1: Mild NPDR,val,df274112c7a009a4e7c4e914f705f80718c744f742aecad5fe036f980d21f233
c6c2bad91f23,APTOS-P2770,APTOS 2019 (Aravind Eye Hospital),train_images/c6c2bad91f23.png,2,Grade 2: Moderate NPDR,train,c8115309ae2fd83e738171d8f0d1faa343b56b6d2c8049cff37ee8dc18fc99d0
7c3747c0b2c3,APTOS-P1721,APTOS 2019 (Aravind Eye Hospital),train_images/7c3747c0b2c3.png,0,Grade 0: No Apparent DR,train,7baf4985495e1dfc7c8825e42c4bf7a675b4a59cef92124243426670ac91befa
5b068765e846,APTOS-P1281,APTOS 2019 (Aravind Eye Hospital),train_images/5b068765e846.png,1,Grade 1: Mild NPDR,train,ec761b1422298d5340f005e4962fb0b6f541593723e926c759b9e6968dfecb8f
d28bd830c171,APTOS-P2922,APTOS 2019 (Aravind Eye Hospital),train_images/d28bd830c171.png,2,Grade 2: Moderate NPDR,train,72204d62f2c25de9c05ffeab7e72bafd9f38fd0d3dab3f27acd277796f899393
58af2c054ced,APTOS-P1251,APTOS 2019 (Aravind Eye Hospital),train_images/58af2c054ced.png,0,Grade 0: No Apparent DR,train,ab0303562bb70d398ef6bd6ecb3049ba41d419a89b132d0e96b054405524d973
dd90c321d7bc,APTOS-P3067,APTOS 2019 (Aravind Eye Hospital),train_images/dd90c321d7bc.png,0,Grade 0: No Apparent DR,train,ff333fdecbce5d39bb7ec3617baf627baa4679592ffbbe6fa3ccb8570193a8a7
bc8c6a778cde,APTOS-P2637,APTOS 2019 (Aravind Eye Hospital),train_images/bc8c6a778cde.png,0,Grade 0: No Apparent DR,test,4e6c374320177eac132a44d3bfedd09c57250a82fb355329e3731fbcf06528aa
5327f88a1919,APTOS-P1183,APTOS 2019 (Aravind Eye Hospital),train_images/5327f88a1919.png,2,Grade 2: Moderate NPDR,test,b0c00839e27ca5b1e465d633f711197155a3b73f9f04f3f49b79b53fb741875d
0b00f8a77510,APTOS-P0153,APTOS 2019 (Aravind Eye Hospital),train_images/0b00f8a77510.png,0,Grade 0: No Apparent DR,train,0395cdd5023dbde666397b474abbf4507c7605f827601ef8e6635ed4e87b5e63
e06cccc08c59,APTOS-P3103,APTOS 2019 (Aravind Eye Hospital),train_images/e06cccc08c59.png,0,Grade 0: No Apparent DR,test,a57aaf245391974f1b952c62f7e5ef4e68f1e93b0e60bb4e3ffb57412339cb06
174db0854291,APTOS-P0309,APTOS 2019 (Aravind Eye Hospital),train_images/174db0854291.png,0,Grade 0: No Apparent DR,train,24d9578119a8385e48a00044c453b5a54ce9697eba5510fd642fbde2bcee75b2
db690e2d02f8,APTOS-P3049,APTOS 2019 (Aravind Eye Hospital),train_images/db690e2d02f8.png,1,Grade 1: Mild NPDR,train,7a7b0e8102dab3e5f992773e3da213e6369e826b0ee3cec64ff5b8985bc6d6ee
501c319f7a9f,APTOS-P1119,APTOS 2019 (Aravind Eye Hospital),train_images/501c319f7a9f.png,0,Grade 0: No Apparent DR,train,5f76fcc7db874b490df440fc0ce114c59a9c750ed4911bb28a672ea1623496e0
7d8f67cadc29,APTOS-P1739,APTOS 2019 (Aravind Eye Hospital),train_images/7d8f67cadc29.png,2,Grade 2: Moderate NPDR,val,7376dd86c488f6db6ac6e43687ec3c438ca8217eb8401e7cc424cbb23a2e776e
83e529e95b0e,APTOS-P1828,APTOS 2019 (Aravind Eye Hospital),train_images/83e529e95b0e.png,1,Grade 1: Mild NPDR,train,e7d5be71bab8e6df33bbdc9192d4f40cbd045117a422bee509a94c5d4516a1e6
0f364b7d4384,APTOS-P0205,APTOS 2019 (Aravind Eye Hospital),train_images/0f364b7d4384.png,0,Grade 0: No Apparent DR,train,7c0fcbdfa7c4e81ca0e6c7254ad43d34f4b96bbbfa5881082226b8992b294ace
06586082a24d,APTOS-P0080,APTOS 2019 (Aravind Eye Hospital),train_images/06586082a24d.png,0,Grade 0: No Apparent DR,train,dfecb4040a2597304d48dd5d5dbf7505b73a238af41540ed5a86d6b76d51dbe9
6966abf40b8c,APTOS-P1470,APTOS 2019 (Aravind Eye Hospital),train_images/6966abf40b8c.png,0,Grade 0: No Apparent DR,test,5be7974e35bfe8310f9d2f2f81333336537ba58d97a9eeccd2bf54f92e066541
34acae864963,APTOS-P0728,APTOS 2019 (Aravind Eye Hospital),train_images/34acae864963.png,0,Grade 0: No Apparent DR,test,d5b53776435480be66f7695f52cf3aa44dfd23e3de009eef4a1eb03103781ec2
281d7b7c7676,APTOS-P0562,APTOS 2019 (Aravind Eye Hospital),train_images/281d7b7c7676.png,4,Grade 4: Proliferative DR,test,83887c279fb98fa87e11a9a38da4b2e03b05e9aee937330e82f217fd0ea6a1ae
4289af3afbd2,APTOS-P0900,APTOS 2019 (Aravind Eye Hospital),train_images/4289af3afbd2.png,2,Grade 2: Moderate NPDR,train,a80b396beb7fdc4b763f91fcb7a30b3c06bf8c969057698ddd1b569989756eff
f9ecf1795804,APTOS-P2922,APTOS 2019 (Aravind Eye Hospital),train_images/f9ecf1795804.png,2,Grade 2: Moderate NPDR,train,46bedf4b3c82204f8bf617ac2d9681cf1c3beff6a0f4006402da569731a7433d
aa4407aab872,APTOS-P2371,APTOS 2019 (Aravind Eye Hospital),train_images/aa4407aab872.png,0,Grade 0: No Apparent DR,train,4ecf99017f2d7081d13fb9fa7c0ba5d6895dcc36849ecc1b7a6f11b14d7a47b8
2d04cead4d3a,APTOS-P0634,APTOS 2019 (Aravind Eye Hospital),train_images/2d04cead4d3a.png,0,Grade 0: No Apparent DR,train,493d36cb05cfd76debe488bc8d31f9b570a4d1eea437b940ac2be334370a3912
e9ab8413e771,APTOS-P3235,APTOS 2019 (Aravind Eye Hospital),train_images/e9ab8413e771.png,4,Grade 4: Proliferative DR,train,292e79f362021a905503234af2c0b7997010bfd391ce13cd19eb7c662964791e
ff4cd992667b,APTOS-P3499,APTOS 2019 (Aravind Eye Hospital),train_images/ff4cd992667b.png,0,Grade 0: No Apparent DR,train,cb44e9e9743fa10a05f4c65cc96c13732a7e238e55a53e32b63135cdacbb2891
8af50c9d0a86,APTOS-P1931,APTOS 2019 (Aravind Eye Hospital),train_images/8af50c9d0a86.png,0,Grade 0: No Apparent DR,train,d0c25fcdda2c606c9b303076de90d01c314d52de2a60ca83ea914cc840bc44b2
65f69234c8a7,APTOS-P1426,APTOS 2019 (Aravind Eye Hospital),train_images/65f69234c8a7.png,0,Grade 0: No Apparent DR,train,ac78905204cfdeabe62d0cc5a1ae8442119448bf37d01045e497dcbafdef620d
93a1b984de84,APTOS-P2048,APTOS 2019 (Aravind Eye Hospital),train_images/93a1b984de84.png,0,Grade 0: No Apparent DR,train,bd691d9b35ef1e30b6a99fdd35536c480a1b29ce685c99680b6b31e2f40ce24a
b95d4dd8e5e2,APTOS-P2595,APTOS 2019 (Aravind Eye Hospital),train_images/b95d4dd8e5e2.png,2,Grade 2: Moderate NPDR,train,a23127ea242c5a4f3d81acf110f5e0bbfd30a9993c02e937aa4b7bb4c93bb0a4
fb6b8200b7f8,APTOS-P3452,APTOS 2019 (Aravind Eye Hospital),train_images/fb6b8200b7f8.png,1,Grade 1: Mild NPDR,test,f0c0df3796dbd1468a3a8485b5378057b8ecf5ab4ff9b528ff7f9a9f3035ea76
e97ecf4355cb,APTOS-P3234,APTOS 2019 (Aravind Eye Hospital),train_images/e97ecf4355cb.png,0,Grade 0: No Apparent DR,train,6eeb90a7bf86f5d4d60bb58d960d81627343ae33daa5cf9bd4589c4aab0b0f77
8000a6b97a84,APTOS-P1775,APTOS 2019 (Aravind Eye Hospital),train_images/8000a6b97a84.png,2,Grade 2: Moderate NPDR,train,aaaa4e46cf7ce34581b11b17e252a8b519ce406cbbf4a3eb6753373fd1bc6af7
1c6d119c3d70,APTOS-P0388,APTOS 2019 (Aravind Eye Hospital),train_images/1c6d119c3d70.png,2,Grade 2: Moderate NPDR,train,133ecfd8b53dd4a73e0a85943ef0e197ca793f14c43fafdba044edbc6a6d3638
ad6b07d5c338,APTOS-P2425,APTOS 2019 (Aravind Eye Hospital),train_images/ad6b07d5c338.png,0,Grade 0: No Apparent DR,train,7ad7aa0d6aa0209ab0964e455395a2d25e8f84ee26e6f33dfbfdc6de11156d97
6735931000ec,APTOS-P1445,APTOS 2019 (Aravind Eye Hospital),train_images/6735931000ec.png,3,Grade 3: Severe NPDR,train,8a0dff7f430d9b42e24fa569d51e7ec0c9cbf5ce68f60e67e856d0b6feff85cf
1cc58b15f466,APTOS-P0398,APTOS 2019 (Aravind Eye Hospital),train_images/1cc58b15f466.png,0,Grade 0: No Apparent DR,train,035dd8449963e7030b29abb5f565cb543568d94ce0a49606efb2277693ba3fff
f0f89314e860,APTOS-P0274,APTOS 2019 (Aravind Eye Hospital),train_images/f0f89314e860.png,4,Grade 4: Proliferative DR,train,37187b00a68a59755711bdb4c0382ebfeff5a79b583da260c3a29e967a8dcbf1
ff1e940105f9,APTOS-P3495,APTOS 2019 (Aravind Eye Hospital),train_images/ff1e940105f9.png,0,Grade 0: No Apparent DR,test,0e5be5655051cb80e237c5026bbcd4576e27d952bedcaf3451328ca6619f8c38
cae51154e1ce,APTOS-P2822,APTOS 2019 (Aravind Eye Hospital),train_images/cae51154e1ce.png,1,Grade 1: Mild NPDR,train,6ac5bec5f3e68b9924ad26917929ae6cb97ba6befc7fb3897194721d45e17185
cfd1bd0fcbb4,APTOS-P2883,APTOS 2019 (Aravind Eye Hospital),train_images/cfd1bd0fcbb4.png,1,Grade 1: Mild NPDR,val,d1b61eb44db82ac6ca0cf078f3e286589312c47ebc19fa4ab316ae965a2dde51
c1e6fa1ad314,APTOS-P2708,APTOS 2019 (Aravind Eye Hospital),train_images/c1e6fa1ad314.png,1,Grade 1: Mild NPDR,val,2870a9b7d270908181028a2ad27d5fada11b0cc3dfb341df61c20b42e6816135
3286073a976e,APTOS-P0698,APTOS 2019 (Aravind Eye Hospital),train_images/3286073a976e.png,0,Grade 0: No Apparent DR,train,9c3fd5eb4da9c7c49614f3f8bba87be7efbf38ed60ad603345c96f3991274999
fd0a70082e7c,APTOS-P3474,APTOS 2019 (Aravind Eye Hospital),train_images/fd0a70082e7c.png,0,Grade 0: No Apparent DR,test,42201a32f67a236b56123e072e02df6fce8c02e13dd5a8812977e227e1202261
9a3109657ac1,APTOS-P2133,APTOS 2019 (Aravind Eye Hospital),train_images/9a3109657ac1.png,1,Grade 1: Mild NPDR,train,e5a9fe8a2f0c6b0c31fe648369ca1d758b61c6500d134e79a1fed8f1cea5adf3
ca6842bfcbc9,APTOS-P1693,APTOS 2019 (Aravind Eye Hospital),train_images/ca6842bfcbc9.png,1,Grade 1: Mild NPDR,val,938fa80c223e7e7cf47cf1dd1c814e6d522cdd58cd17ea882141d2e20e1db8a8
8ceff4c4c860,APTOS-P1955,APTOS 2019 (Aravind Eye Hospital),train_images/8ceff4c4c860.png,0,Grade 0: No Apparent DR,test,80083c3982cee57316e0a8d96db121424bf5b839696dd018b2bf27430195781d
2c77bf969079,APTOS-P0623,APTOS 2019 (Aravind Eye Hospital),train_images/2c77bf969079.png,0,Grade 0: No Apparent DR,test,003ac302af79266c383f911ddee6be39757e957cd57111b3d30a7083a9306a1c
3ac3fbfca7d4,APTOS-P0805,APTOS 2019 (Aravind Eye Hospital),train_images/3ac3fbfca7d4.png,4,Grade 4: Proliferative DR,train,789b41c56e37690b9b64d109cef2114fc99693e8570319b65d50357e3fe7eb5e
0e43c8298fc0,APTOS-P0195,APTOS 2019 (Aravind Eye Hospital),train_images/0e43c8298fc0.png,0,Grade 0: No Apparent DR,train,f70f59a422f6e037881fd566fa0f9c1a74090d803b121cc8e7157a7981c6c6c4
a4ee03ecff60,APTOS-P2289,APTOS 2019 (Aravind Eye Hospital),train_images/a4ee03ecff60.png,0,Grade 0: No Apparent DR,train,964c9e36a1b593c3377a7fb3cf9a744259b70803c4ab5626e409101893b99e1d
999ad827ed35,APTOS-P2125,APTOS 2019 (Aravind Eye Hospital),train_images/999ad827ed35.png,0,Grade 0: No Apparent DR,train,082073b9338f2e3cc285ceac5b12debbd784631e855dede90555a92af9b49ecd
f481f76a6b75,APTOS-P3367,APTOS 2019 (Aravind Eye Hospital),train_images/f481f76a6b75.png,1,Grade 1: Mild NPDR,train,4de6b346ab4ec10d0a9d2e17c61208760faffccdba93bde0e9fba6ca086c9311
2df07eb5779f,APTOS-P0646,APTOS 2019 (Aravind Eye Hospital),train_images/2df07eb5779f.png,4,Grade 4: Proliferative DR,val,604a138bdabbe7f8a90a3534e46108c8c127793b8e6c0042c44d6b87e507828b
df4aec4a0eaf,APTOS-P3087,APTOS 2019 (Aravind Eye Hospital),train_images/df4aec4a0eaf.png,4,Grade 4: Proliferative DR,train,8c6039d6cbf2cac0110bc5b4aaef4c654d1f577bd0353924bd0a77cd3dfb7d1e
bde1063a5dd7,APTOS-P2654,APTOS 2019 (Aravind Eye Hospital),train_images/bde1063a5dd7.png,0,Grade 0: No Apparent DR,train,6863a7b6e8391f732063c789480457f70db048ad91af76c5cc27be27ecc3e034
b9d0b83d70c3,APTOS-P2607,APTOS 2019 (Aravind Eye Hospital),train_images/b9d0b83d70c3.png,0,Grade 0: No Apparent DR,train,90cbb177e621d7c328eeb9ead591431ddb0a3763c30c113164e3ef2783e8a171
51d574513bcb,APTOS-P1153,APTOS 2019 (Aravind Eye Hospital),train_images/51d574513bcb.png,2,Grade 2: Moderate NPDR,val,23d931c9a5f6794240388b630a80de73c2d57c9b361c3c7b3d49bdd849c4bcb6
78d53c82a23e,APTOS-P1679,APTOS 2019 (Aravind Eye Hospital),train_images/78d53c82a23e.png,2,Grade 2: Moderate NPDR,train,ff8598e213782c355e3b79fcc6d60e0bbcde6e87c708ac3cccdff0624eb0272a
692e946b1f85,APTOS-P1468,APTOS 2019 (Aravind Eye Hospital),train_images/692e946b1f85.png,0,Grade 0: No Apparent DR,train,be8d8d3856c12fedcd2c35931dbf7f26b83722f0938cc82778d3dec36f27693a
9033f1493da1,APTOS-P1999,APTOS 2019 (Aravind Eye Hospital),train_images/9033f1493da1.png,2,Grade 2: Moderate NPDR,test,bcb72c141c6a72be9cf4983473b433a0d4a51cb21b61636ee561d7c9a621e02b
cd563556cb57,APTOS-P2858,APTOS 2019 (Aravind Eye Hospital),train_images/cd563556cb57.png,0,Grade 0: No Apparent DR,val,dca4735e252210c25457c784051bb229d67e8048b08f5842548147d05703cd10
482088e6be44,APTOS-P0985,APTOS 2019 (Aravind Eye Hospital),train_images/482088e6be44.png,0,Grade 0: No Apparent DR,train,db2f66c3fee6bfd57345447707fb8bd90372de6d643b904316d34f47585f21fa
851e40a21f81,APTOS-P1846,APTOS 2019 (Aravind Eye Hospital),train_images/851e40a21f81.png,0,Grade 0: No Apparent DR,train,998f2c2be13d98ebb1e2c045824005dda00c4c416ac12e6db6b3a7bf8a7c27d5
895fe2bfc5b6,APTOS-P1904,APTOS 2019 (Aravind Eye Hospital),train_images/895fe2bfc5b6.png,0,Grade 0: No Apparent DR,train,e1e0399cabdfc335655c0446be3f1d70cc43c54fa8e8e6fdff8b57e2a6116479
73d40ce06a67,APTOS-P1607,APTOS 2019 (Aravind Eye Hospital),train_images/73d40ce06a67.png,0,Grade 0: No Apparent DR,train,30d71b67f835cd96dce7718b4753683236f9fdcfdc76015534b7c87895407c71
c1896142a20a,APTOS-P2706,APTOS 2019 (Aravind Eye Hospital),train_images/c1896142a20a.png,4,Grade 4: Proliferative DR,train,d96261de30a3b673e2a8d1df39ebdc725148958a2abe0035172e1ef4ae931c0a
ca63fe4f4b52,APTOS-P2811,APTOS 2019 (Aravind Eye Hospital),train_images/ca63fe4f4b52.png,1,Grade 1: Mild NPDR,train,29596fd27978603810933a44d0fe50287ea348d41e22b843bc55dd78f74d2fc5
82f2784ead76,APTOS-P1813,APTOS 2019 (Aravind Eye Hospital),train_images/82f2784ead76.png,2,Grade 2: Moderate NPDR,train,2848f5170f10d590a961fa8e56e6ba1f3ec921875d415b173be02e5035d671a0
bebfbd907cac,APTOS-P2669,APTOS 2019 (Aravind Eye Hospital),train_images/bebfbd907cac.png,0,Grade 0: No Apparent DR,test,405ca26182af52972f9a552d5b39c90d3421d4766be93c075ddcdbb9045eda62
2cdcc910778d,APTOS-P0630,APTOS 2019 (Aravind Eye Hospital),train_images/2cdcc910778d.png,0,Grade 0: No Apparent DR,train,91519fd73d722bd50d83bc7a29252a6fa946bd80edf3e3eed5ff41a11f773ceb
eb6b1f1c09db,APTOS-P3262,APTOS 2019 (Aravind Eye Hospital),train_images/eb6b1f1c09db.png,0,Grade 0: No Apparent DR,train,e85d732406df27d351edb7e0815b32556db8f5ac90d099904bd642c1d190d953
48afe8c47454,APTOS-P0992,APTOS 2019 (Aravind Eye Hospital),train_images/48afe8c47454.png,2,Grade 2: Moderate NPDR,test,ddff5b4bc1720f1450098315bf98bf76070741ee89a68388ed587fb34d0cef72
aeab0a63bcaf,APTOS-P2445,APTOS 2019 (Aravind Eye Hospital),train_images/aeab0a63bcaf.png,0,Grade 0: No Apparent DR,train,fb2cf8dd3073f1fc33cccb27b41efc495acf509fc481843b4bd1607131ee1bea
4462fba1d2a1,APTOS-P0935,APTOS 2019 (Aravind Eye Hospital),train_images/4462fba1d2a1.png,4,Grade 4: Proliferative DR,train,3513f3b246087ce74f7681c5fc8f63125c3642078954e36615607a9767a3da18
665ce639a331,APTOS-P1435,APTOS 2019 (Aravind Eye Hospital),train_images/665ce639a331.png,1,Grade 1: Mild NPDR,train,7c5f9e8df9ab8ca4c551ac965701a2b6635f2450d51d5351d54e917be1294942
8d4d14a4ab07,APTOS-P1958,APTOS 2019 (Aravind Eye Hospital),train_images/8d4d14a4ab07.png,0,Grade 0: No Apparent DR,train,f9a4e7a3f5f4ff0b1813373604326c2be6fb0a1e0604da4ce5202a6975c5b914
e4c799738a19,APTOS-P3168,APTOS 2019 (Aravind Eye Hospital),train_images/e4c799738a19.png,0,Grade 0: No Apparent DR,train,7545d1c2443efaff99c030818124cb0f6e0291a45c1f256a1d2927e1f56f574c
f1979147aad4,APTOS-P3336,APTOS 2019 (Aravind Eye Hospital),train_images/f1979147aad4.png,0,Grade 0: No Apparent DR,train,a8f89b60e035d01a3754c98725bce3ba64f2499ad5b5f5cd8050c35375003ea9
9837048b85dc,APTOS-P2102,APTOS 2019 (Aravind Eye Hospital),train_images/9837048b85dc.png,2,Grade 2: Moderate NPDR,train,12138a653b31d09a530fb152c08b88e7fb97a96acbb33067f529e747cc4ad206
89d9c071a56f,APTOS-P1910,APTOS 2019 (Aravind Eye Hospital),train_images/89d9c071a56f.png,1,Grade 1: Mild NPDR,train,732236a3a97cc2a47045f60a88e9fb63dcd661dbc57bc836467f72476162447d
00e4ddff966a,APTOS-P0012,APTOS 2019 (Aravind Eye Hospital),train_images/00e4ddff966a.png,2,Grade 2: Moderate NPDR,train,afa5aa9e3aacfd6c777cd3a8bc5ef8f28f578a07b044d8a5650e963b532532a5
687759336b0d,APTOS-P1463,APTOS 2019 (Aravind Eye Hospital),train_images/687759336b0d.png,3,Grade 3: Severe NPDR,train,be64719b7505317921cdcbe520323253e76dcf4893d9f92342ea0915031593cb
5879285f9d8d,APTOS-P1248,APTOS 2019 (Aravind Eye Hospital),train_images/5879285f9d8d.png,1,Grade 1: Mild NPDR,train,6fd1d58efa56b47ea16db11ccaee1e71f13b7485c9cb56dae061b10de75770bb
a15470303941,APTOS-P2236,APTOS 2019 (Aravind Eye Hospital),train_images/a15470303941.png,2,Grade 2: Moderate NPDR,train,a906212acd0fb8be0782b7d369fa3d80e8bc08db0d183aa75d208e1aa26560c0
36865bbc64d6,APTOS-P0752,APTOS 2019 (Aravind Eye Hospital),train_images/36865bbc64d6.png,3,Grade 3: Severe NPDR,train,09ea7ac18bc3befa2e5dbb28016622f932a2d78bfd5fdb454a97d7cf211657b7
6e68e742f5bc,APTOS-P1546,APTOS 2019 (Aravind Eye Hospital),train_images/6e68e742f5bc.png,2,Grade 2: Moderate NPDR,train,772c756e993f3a1747a60ea2a2c0fd0c84d42a3eb28dccb9fa4dffe23b73d7a1
58ccba7eec9c,APTOS-P1254,APTOS 2019 (Aravind Eye Hospital),train_images/58ccba7eec9c.png,1,Grade 1: Mild NPDR,train,c7885c52c42548223008b6646ed49bb1667a611bcc0a680c842a62e8c2f9eaa2
527bea76116c,APTOS-P1169,APTOS 2019 (Aravind Eye Hospital),train_images/527bea76116c.png,2,Grade 2: Moderate NPDR,val,0b199cbddce4f9c210b4198015fe87700e109e77d399dd65d4ab0f6fd249fa9d
0180bfa26c0b,APTOS-P0021,APTOS 2019 (Aravind Eye Hospital),train_images/0180bfa26c0b.png,2,Grade 2: Moderate NPDR,train,1097d8d099b21e7bf3cea3ac2e2f1ca3500990172e0ee55c2663ecf9c33f45ea
09c8323c612e,APTOS-P0131,APTOS 2019 (Aravind Eye Hospital),train_images/09c8323c612e.png,0,Grade 0: No Apparent DR,train,dd2e91f00d65420b392a316b346a8f9ab0b10eb4f87ee24407f8f93463e74bdf
788ddb0b70b7,APTOS-P1671,APTOS 2019 (Aravind Eye Hospital),train_images/788ddb0b70b7.png,3,Grade 3: Severe NPDR,train,8bcf588ab566a128609a61e11a9384fdde8dee694927afefaf576537386e382a
6653ad026901,APTOS-P1434,APTOS 2019 (Aravind Eye Hospital),train_images/6653ad026901.png,0,Grade 0: No Apparent DR,val,689293173d60a8d5b3e89ae408f92f1f8cf8ba94e6d0c4c0482e246c55eb472f
7f2cce721e19,APTOS-P1765,APTOS 2019 (Aravind Eye Hospital),train_images/7f2cce721e19.png,0,Grade 0: No Apparent DR,train,ecca45ed6a8ef2b4b6920b446721db196f3c693338388d4df4edd68ca7ab923e
23d7ca170bdb,APTOS-P0499,APTOS 2019 (Aravind Eye Hospital),train_images/23d7ca170bdb.png,2,Grade 2: Moderate NPDR,train,d758d40236ecf47ce0404546f81c6b71344a08a11cf22f2122648effee473db7
2f143453bb71,APTOS-P0654,APTOS 2019 (Aravind Eye Hospital),train_images/2f143453bb71.png,0,Grade 0: No Apparent DR,val,ab9c511f25c4a18a5a6508a113a08d88b097692a2aadc8446b1536de7548a9a5
252305189b3a,APTOS-P0516,APTOS 2019 (Aravind Eye Hospital),train_images/252305189b3a.png,0,Grade 0: No Apparent DR,train,806ce1342226f1339dd4243652f010a1150633958458c0b06357c81524c27996
ed648b9bcd95,APTOS-P3281,APTOS 2019 (Aravind Eye Hospital),train_images/ed648b9bcd95.png,0,Grade 0: No Apparent DR,test,ec817941418cea456bb54b504456c48ffb74c4f9a9760e2f51fb0ce396907f8b
b50b30aa6e6c,APTOS-P2524,APTOS 2019 (Aravind Eye Hospital),train_images/b50b30aa6e6c.png,1,Grade 1: Mild NPDR,test,b66cd901294db60a6418d6da583f47dee9f5c639ea59eacf0e91a1b1dfc84a80
fe3f62695b2d,APTOS-P3488,APTOS 2019 (Aravind Eye Hospital),train_images/fe3f62695b2d.png,0,Grade 0: No Apparent DR,test,240c243bc9758af9e0513304585bb9a6e6c589015fae3f53752498b444beed0b
d9ad2a0ec026,APTOS-P3022,APTOS 2019 (Aravind Eye Hospital),train_images/d9ad2a0ec026.png,0,Grade 0: No Apparent DR,train,b12fe63ef25958a70aa1a8ce5cf8d45deca07252f2c68fbd9960aeab1e45c7ad
201f6e10c108,APTOS-P0454,APTOS 2019 (Aravind Eye Hospital),train_images/201f6e10c108.png,0,Grade 0: No Apparent DR,train,f55d87018de5929db17519855f692a3b0125033f13b60cd46f3d965ec6128051
0d8f60ed9280,APTOS-P0180,APTOS 2019 (Aravind Eye Hospital),train_images/0d8f60ed9280.png,0,Grade 0: No Apparent DR,train,8c6c76c69735d40498d383a95f9e5ba0ccfbd237349c3eb06e02cb75c773e2cb
1b4625877527,APTOS-P0371,APTOS 2019 (Aravind Eye Hospital),train_images/1b4625877527.png,2,Grade 2: Moderate NPDR,train,4756012e409bfdac3df0ca03b20a8c0abdce4030c311ae4c65a0f360bcb10dd2
f576e45d1da2,APTOS-P3382,APTOS 2019 (Aravind Eye Hospital),train_images/f576e45d1da2.png,3,Grade 3: Severe NPDR,train,c8d8e5adfc83fdabb890f301afe48214fe4b9cb989ef1fdb72c336be9bb55cc1
cca626a0e19a,APTOS-P2845,APTOS 2019 (Aravind Eye Hospital),train_images/cca626a0e19a.png,2,Grade 2: Moderate NPDR,train,3e21b561633399c2a87e844cc06e031a705d4a836f75fca98798ff65c560f16e
82910bba4753,APTOS-P1807,APTOS 2019 (Aravind Eye Hospital),train_images/82910bba4753.png,2,Grade 2: Moderate NPDR,train,45097c4d8fbcb119be1fb9260d7287133fe029f5eea5ef144100ebc99693332b
e4ae1ee6aada,APTOS-P3166,APTOS 2019 (Aravind Eye Hospital),train_images/e4ae1ee6aada.png,0,Grade 0: No Apparent DR,train,7f0497aec59f54bf4dc822a9930df092c15689412b4ce08c40ede588257b2ecb
0151781fe50b,APTOS-P0019,APTOS 2019 (Aravind Eye Hospital),train_images/0151781fe50b.png,0,Grade 0: No Apparent DR,val,460c6bc0c6c81bdca2bcfb7f399eb84a2ddeeb129d1b27065747adda99e0946f
0551676cc2aa,APTOS-P0071,APTOS 2019 (Aravind Eye Hospital),train_images/0551676cc2aa.png,0,Grade 0: No Apparent DR,train,4f0fb9557ebb378349e86e11b43b881437222ae6984d072916b5fe706d3c6d6a
ba08cee68c71,APTOS-P2610,APTOS 2019 (Aravind Eye Hospital),train_images/ba08cee68c71.png,4,Grade 4: Proliferative DR,train,897a1ed62c0967eeedb4193ee3a44d69fb178ea6187124bc5a42a78767ca44a1
70d657f8f503,APTOS-P1569,APTOS 2019 (Aravind Eye Hospital),train_images/70d657f8f503.png,4,Grade 4: Proliferative DR,train,0aa4d82332eab8a0e4f89e1287e9df7b840a2be4b355eb2a147343819d46aa07
0ada12c0e78f,APTOS-P0148,APTOS 2019 (Aravind Eye Hospital),train_images/0ada12c0e78f.png,4,Grade 4: Proliferative DR,train,2e2595cd8d3a15552f95ff25705667004db80eb109fba456ee8b3a159541699a
4fd5ec0dca09,APTOS-P1114,APTOS 2019 (Aravind Eye Hospital),train_images/4fd5ec0dca09.png,0,Grade 0: No Apparent DR,train,08f884506a400cb8d0d3d2ef2203600f9a003ec6728cbd964ec8a6bcc98b5006
a76132e79688,APTOS-P2317,APTOS 2019 (Aravind Eye Hospital),train_images/a76132e79688.png,0,Grade 0: No Apparent DR,train,bc29f5737eea8c5bed5445107680fb0b2ede9edfb03caaf85192f10e313af7a5
b762c29cf2f3,APTOS-P2564,APTOS 2019 (Aravind Eye Hospital),train_images/b762c29cf2f3.png,2,Grade 2: Moderate NPDR,train,c5eee26e8fec1d17b5137710f34f9da0bc5f15772821670d6a080fbc1db714e9
493d99f030e2,APTOS-P0999,APTOS 2019 (Aravind Eye Hospital),train_images/493d99f030e2.png,0,Grade 0: No Apparent DR,test,7c932c13cbc6570a6d1f94cb485ffe12f1fdcd7b432fcd2d064055ce8430c036
022f820027b8,APTOS-P0029,APTOS 2019 (Aravind Eye Hospital),train_images/022f820027b8.png,0,Grade 0: No Apparent DR,train,1d5a1d09349fcdf3e480da8829826e5adf6db0614409d19cf83f3a3d1f3f65d2
ecad6845f630,APTOS-P3274,APTOS 2019 (Aravind Eye Hospital),train_images/ecad6845f630.png,0,Grade 0: No Apparent DR,train,82ae30a6323f801c6001620d66f4feb5c0c24cee0bbf53aa876ca5377305c112
ee77763a6afb,APTOS-P3296,APTOS 2019 (Aravind Eye Hospital),train_images/ee77763a6afb.png,0,Grade 0: No Apparent DR,train,4c5beea53c80d3d4d1bcf465fac2069844c57d1f454a650eb4b0ee6817ad8fae
582115961a3d,APTOS-P1243,APTOS 2019 (Aravind Eye Hospital),train_images/582115961a3d.png,1,Grade 1: Mild NPDR,train,6de9cfc449e94686748bd334d71086c07bbf763f28b0411bbdfda1bb121dd535
07d8db76b301,APTOS-P0102,APTOS 2019 (Aravind Eye Hospital),train_images/07d8db76b301.png,2,Grade 2: Moderate NPDR,test,01d80c9f872002eaa3b09df7735397f64a1b1e22f034fd528d1d5bc83f335661
4b1001050f1d,APTOS-P1033,APTOS 2019 (Aravind Eye Hospital),train_images/4b1001050f1d.png,2,Grade 2: Moderate NPDR,train,a4e2df53c68b990389f5e6b016275b495f90266993922e6c1ab1bff03e326642
69c4cbb630de,APTOS-P1475,APTOS 2019 (Aravind Eye Hospital),train_images/69c4cbb630de.png,0,Grade 0: No Apparent DR,val,1efebb439230102742be2b562fb7471c400215dd9f67448ac7a23b0a0617df1d
d0079cc188e9,APTOS-P0843,APTOS 2019 (Aravind Eye Hospital),train_images/d0079cc188e9.png,3,Grade 3: Severe NPDR,test,a3bde1a0628844df9dfbd4e8cea615d64b6026ebbf6158304056b5e50d1e975e
0f495d87656a,APTOS-P0206,APTOS 2019 (Aravind Eye Hospital),train_images/0f495d87656a.png,1,Grade 1: Mild NPDR,test,3acdcd2064602b382a7bf03ff8f189b31e8a50c99f4ddf2742e2b8f6fb1e0ef0
da9574d35b82,APTOS-P3038,APTOS 2019 (Aravind Eye Hospital),train_images/da9574d35b82.png,0,Grade 0: No Apparent DR,test,baa2280650283c7bbccb06967dfdfa298f8b22e841433ffe813582742e22c9ff
417f408ee8e0,APTOS-P0889,APTOS 2019 (Aravind Eye Hospital),train_images/417f408ee8e0.png,2,Grade 2: Moderate NPDR,train,365748c63b591a471b70d64eada3c1b89262be62756b76f63c78248a1c6861b7
61c2fbd16e38,APTOS-P1370,APTOS 2019 (Aravind Eye Hospital),train_images/61c2fbd16e38.png,2,Grade 2: Moderate NPDR,val,f5c97f8dfa8ec270c3c57ccd3afc7fa5b304e7884a0eca4bd32f7b5e4a2ed358
1632c4311fc9,APTOS-P0298,APTOS 2019 (Aravind Eye Hospital),train_images/1632c4311fc9.png,2,Grade 2: Moderate NPDR,train,a452c12a64262bbb07d60697c753be0c6f150e9fce581732df2c155b6ba797cb
810ed108f5b7,APTOS-P1793,APTOS 2019 (Aravind Eye Hospital),train_images/810ed108f5b7.png,0,Grade 0: No Apparent DR,test,e28e3b0d1409086747697a90a3f71bd3490151a94af6581b2dfbc30e79b21106
d29b37d110f3,APTOS-P2925,APTOS 2019 (Aravind Eye Hospital),train_images/d29b37d110f3.png,0,Grade 0: No Apparent DR,train,09914d15eb85c0eedda3e49275cf98491624a3d04f41f99fe8c344ea2140f3b0
beeca5f14618,APTOS-P2672,APTOS 2019 (Aravind Eye Hospital),train_images/beeca5f14618.png,0,Grade 0: No Apparent DR,train,d176362093c4d9cb426ab6ebf5b86bf403bdc363ea1d2820b730ca27ffa3987f
349f3c0ac83e,APTOS-P0726,APTOS 2019 (Aravind Eye Hospital),train_images/349f3c0ac83e.png,2,Grade 2: Moderate NPDR,train,d73e05f012506540f48f36fc50e641a5ff7685956c68202167c7eab71c8e6312
3bf2deaa5ef0,APTOS-P0819,APTOS 2019 (Aravind Eye Hospital),train_images/3bf2deaa5ef0.png,0,Grade 0: No Apparent DR,train,2a6fe6741a3642ade4d6bb5f26e80166b9e493b43cbf3612aa830e6d55db57d1
529906ff9dfa,APTOS-P1173,APTOS 2019 (Aravind Eye Hospital),train_images/529906ff9dfa.png,0,Grade 0: No Apparent DR,train,0bb90a60db31b1ff1c17ab76105cdac0697802dce771681826d2713c113aafac
b71428739d4e,APTOS-P2556,APTOS 2019 (Aravind Eye Hospital),train_images/b71428739d4e.png,1,Grade 1: Mild NPDR,train,f2723f58399004d55cca6775831d39fca41243960f187aac62b09f195d466716
c18a006f7f1d,APTOS-P2707,APTOS 2019 (Aravind Eye Hospital),train_images/c18a006f7f1d.png,0,Grade 0: No Apparent DR,train,fa60b63bc615407fd65e4891d701ea64da318a3f0a99837d7a28e87d64fcbc14
5a0fe0ee4301,APTOS-P1271,APTOS 2019 (Aravind Eye Hospital),train_images/5a0fe0ee4301.png,0,Grade 0: No Apparent DR,train,e08e73b1efde3b62e27f6a3398fe4e6fba2be44050fb24f61270cb4b9cd89f21
89b044cbaf85,APTOS-P1907,APTOS 2019 (Aravind Eye Hospital),train_images/89b044cbaf85.png,2,Grade 2: Moderate NPDR,train,cb2e8f9694ad010ff47f10fe3dd4fad8bb818b8462b6569d5b6887b46df08814
87295c5fa1cc,APTOS-P1871,APTOS 2019 (Aravind Eye Hospital),train_images/87295c5fa1cc.png,0,Grade 0: No Apparent DR,val,5f52ae83a9711247dafb8414b1cf1d664ab3f4306a95ac4578c2fd59df9a05a8
eeaea2c5ff34,APTOS-P3298,APTOS 2019 (Aravind Eye Hospital),train_images/eeaea2c5ff34.png,0,Grade 0: No Apparent DR,train,977eb082291b61e599e72f32e68ddf3037b6e173284215d7a355f0eee0c53f41
63c7b0265775,APTOS-P1398,APTOS 2019 (Aravind Eye Hospital),train_images/63c7b0265775.png,0,Grade 0: No Apparent DR,train,c196e92b6685eadfc0747c266692def282024ac9f9faf495d33d3e568340b374
650104ede84c,APTOS-P1409,APTOS 2019 (Aravind Eye Hospital),train_images/650104ede84c.png,0,Grade 0: No Apparent DR,train,2f970de291c7fbf281e75445a21aa581bdbfef2aacf64d3eb41abb49fd6c8772
3b2b91590590,APTOS-P0812,APTOS 2019 (Aravind Eye Hospital),train_images/3b2b91590590.png,0,Grade 0: No Apparent DR,train,e62923a7a59bfa3902ebe1e01aed67fb8d78af02944fbb089e4227b9904dc4d6
b86fb2d5be1a,APTOS-P2580,APTOS 2019 (Aravind Eye Hospital),train_images/b86fb2d5be1a.png,0,Grade 0: No Apparent DR,train,1e4775a65a5588a2014351288304d686756b25535b2ed3802bea4899d7d29235
f58d37d48e42,APTOS-P3387,APTOS 2019 (Aravind Eye Hospital),train_images/f58d37d48e42.png,4,Grade 4: Proliferative DR,train,e103732bab1e71512577e49b6ba0da7c83ff0a9de44c73b899d40ef089390765
64fedbf97473,APTOS-P1408,APTOS 2019 (Aravind Eye Hospital),train_images/64fedbf97473.png,4,Grade 4: Proliferative DR,train,8e91b6e546e3c8d772ef77658d73ea3d80dc2bcc73ee4a7a3f6c89d7e7290e09
6e861bc3bd7b,APTOS-P1548,APTOS 2019 (Aravind Eye Hospital),train_images/6e861bc3bd7b.png,0,Grade 0: No Apparent DR,train,d3b43e8797831004db5af821ade6acaef6d496a3bf85fe56e02a9ba7e831db94
f999c6921e6d,APTOS-P3434,APTOS 2019 (Aravind Eye Hospital),train_images/f999c6921e6d.png,2,Grade 2: Moderate NPDR,test,2b152a0d8b7e6d2a15c7c20a380bececa8aeeeee69bbe97d4f81e7ac2e4b994e
d18f6431ebce,APTOS-P2905,APTOS 2019 (Aravind Eye Hospital),train_images/d18f6431ebce.png,0,Grade 0: No Apparent DR,val,268ff1db5410ae74740dd44043062c47b2c1493b3098ec26d830025cd8bae86c
83a63c4a3e4a,APTOS-P1823,APTOS 2019 (Aravind Eye Hospital),train_images/83a63c4a3e4a.png,0,Grade 0: No Apparent DR,val,077eb1807a62de2c74be3f03945f95f81dcf32c1bd27bc440ec7ad47465a8b17
e9f82b5bbaf4,APTOS-P3238,APTOS 2019 (Aravind Eye Hospital),train_images/e9f82b5bbaf4.png,2,Grade 2: Moderate NPDR,train,178b29deb790889d835ecd1929f89ad94975833e9c3e4ca6263e7ae884604a6a
b498b84d383f,APTOS-P2519,APTOS 2019 (Aravind Eye Hospital),train_images/b498b84d383f.png,2,Grade 2: Moderate NPDR,train,0c192f24b78ac49124b523aff8f3587f7dc2369e51bc47be64cf3867710f65d7
a627eb8c08c5,APTOS-P2298,APTOS 2019 (Aravind Eye Hospital),train_images/a627eb8c08c5.png,0,Grade 0: No Apparent DR,train,968d75346b833a8bd5dcc2786bab276227176e80dd0e6b78dc36d72742fc106b
a1e236fbc863,APTOS-P2244,APTOS 2019 (Aravind Eye Hospital),train_images/a1e236fbc863.png,0,Grade 0: No Apparent DR,test,35570221356e3a3110a58b9c2323ad248817941444d639a483b5221d9f37a137
2b4c7b5f1f1e,APTOS-P0613,APTOS 2019 (Aravind Eye Hospital),train_images/2b4c7b5f1f1e.png,0,Grade 0: No Apparent DR,train,b2169289fe626e63112226c8cdc5db7ef780af031662634485ce8a45e00af821
f02956bd7c50,APTOS-P3321,APTOS 2019 (Aravind Eye Hospital),train_images/f02956bd7c50.png,0,Grade 0: No Apparent DR,train,644571ee657f8a9f17216de74bba5997db445f4142cce613942c9de9b102851c
4276b82e4489,APTOS-P0899,APTOS 2019 (Aravind Eye Hospital),train_images/4276b82e4489.png,0,Grade 0: No Apparent DR,train,7675e274bfd8dadbd6f96b5ce689f4ed32be5cf757b3a7db4c1941211cd81c0b
cd941e5bc659,APTOS-P2863,APTOS 2019 (Aravind Eye Hospital),train_images/cd941e5bc659.png,0,Grade 0: No Apparent DR,train,7ca8b3ef0705982f3a48398d8517f8911f19860fa82c47995a5785aa01cc4000
203275daf46d,APTOS-P0456,APTOS 2019 (Aravind Eye Hospital),train_images/203275daf46d.png,2,Grade 2: Moderate NPDR,test,c3f293f2e67ddeb0947f9830cce626f7b07266b06b2a0cb919409d5979315e02
e933923aab15,APTOS-P3228,APTOS 2019 (Aravind Eye Hospital),train_images/e933923aab15.png,0,Grade 0: No Apparent DR,train,be6ba1ca5c815d94eb789df681f58be2a6747fbcf2981f21207b5a968b1d7a55
c5431b81cbc9,APTOS-P2742,APTOS 2019 (Aravind Eye Hospital),train_images/c5431b81cbc9.png,2,Grade 2: Moderate NPDR,train,46c4c4d51644016d211ccb97e19b194818ae13e33a6396e8d4040fce57782f3e
9e2a8135f471,APTOS-P2184,APTOS 2019 (Aravind Eye Hospital),train_images/9e2a8135f471.png,0,Grade 0: No Apparent DR,train,0838027f8d6abfbb124eb7b1d61369170920b925a581a216b2d1cf23ce9c18b4
82d364726a58,APTOS-P1810,APTOS 2019 (Aravind Eye Hospital),train_images/82d364726a58.png,0,Grade 0: No Apparent DR,train,bd9898e10eace63ee9bc4545875d0e83418dcb591cb4ba89accf15ab1829ae8e
42cc993f23a9,APTOS-P0910,APTOS 2019 (Aravind Eye Hospital),train_images/42cc993f23a9.png,3,Grade 3: Severe NPDR,train,cd22c9a46d7167cf1a77f6822d035dd28807f698e78e07bb4fa60f842c45bc37
c3acf47700ea,APTOS-P2728,APTOS 2019 (Aravind Eye Hospital),train_images/c3acf47700ea.png,2,Grade 2: Moderate NPDR,test,5782da495e12f8c92c276faef6aa9e0e206912774ad8049fd11eda0257398d9f
269b44e628eb,APTOS-P0540,APTOS 2019 (Aravind Eye Hospital),train_images/269b44e628eb.png,3,Grade 3: Severe NPDR,train,8ece503ca95bd08fcbe92f49b2540c33987f61f3fe393f91c65b63fd416f6b25
239f2c348ea4,APTOS-P0498,APTOS 2019 (Aravind Eye Hospital),train_images/239f2c348ea4.png,2,Grade 2: Moderate NPDR,train,a6ea6b8fbe7ef6ff3c8f6812d2822344216032e9b16f4527205e40b5ab637044
03676c71ed1b,APTOS-P0045,APTOS 2019 (Aravind Eye Hospital),train_images/03676c71ed1b.png,2,Grade 2: Moderate NPDR,train,73e75ef80eeb6404a327587c866df4ed23aad19c0cbd8d33aa1cf1852eb751eb
6c3589d7ed8d,APTOS-P1506,APTOS 2019 (Aravind Eye Hospital),train_images/6c3589d7ed8d.png,0,Grade 0: No Apparent DR,train,88a8050faf21a80c7ccb09503479ada99bceff231303acff73130e3d83ceb619
dee1031a76ae,APTOS-P3082,APTOS 2019 (Aravind Eye Hospital),train_images/dee1031a76ae.png,0,Grade 0: No Apparent DR,train,aaaaac1b752d2c7921fb8689c3eba08e4bdd7dfc6994b0c2adaa168e959626bf
726dff37edc0,APTOS-P1591,APTOS 2019 (Aravind Eye Hospital),train_images/726dff37edc0.png,0,Grade 0: No Apparent DR,train,ae95d262a1eddc3416a6c299797bc660341e73e323c37d5777318a75540106ac
beb00fa6e7c9,APTOS-P2666,APTOS 2019 (Aravind Eye Hospital),train_images/beb00fa6e7c9.png,0,Grade 0: No Apparent DR,train,9db2e80ee1dcfcc56fc503641d0b7a2a6eb1c2eb46b182642b913a62522c64f0
9785805af1b8,APTOS-P2092,APTOS 2019 (Aravind Eye Hospital),train_images/9785805af1b8.png,2,Grade 2: Moderate NPDR,test,1d4ebb18e0c962b5e7a4bb77862f055976afb0e53b0294e59cb246008db4e560
1fb455685328,APTOS-P0448,APTOS 2019 (Aravind Eye Hospital),train_images/1fb455685328.png,0,Grade 0: No Apparent DR,train,edce94fdff16d5667a044a8aa40c9b50e9751ef8dd77f45d6a5966609ecbafa4
0a1076183736,APTOS-P0136,APTOS 2019 (Aravind Eye Hospital),train_images/0a1076183736.png,2,Grade 2: Moderate NPDR,train,68afbaa97602c31830c458ef28a71dde9746334b6e0118bfbb34dd4bc1793bb7
22895c89792f,APTOS-P0484,APTOS 2019 (Aravind Eye Hospital),train_images/22895c89792f.png,4,Grade 4: Proliferative DR,test,1818f96752559d3f6ebf02e8ac12f1d8d81eff60193a86d8b8038eea46eceb15
4029d70e9d8a,APTOS-P0874,APTOS 2019 (Aravind Eye Hospital),train_images/4029d70e9d8a.png,1,Grade 1: Mild NPDR,train,ae21dc7fb02231c3d4a4b1d269da169f958306d21abe0eb488ba0bcce0648821
81371b0c01ad,APTOS-P1796,APTOS 2019 (Aravind Eye Hospital),train_images/81371b0c01ad.png,0,Grade 0: No Apparent DR,test,6e90374a67283e84bead8af75857c921a28d39904e93c2980fb5d741cc2dbd5d
fa3e544a7401,APTOS-P3440,APTOS 2019 (Aravind Eye Hospital),train_images/fa3e544a7401.png,2,Grade 2: Moderate NPDR,val,3a4386f611af3ee76c211e637efe3d33cb804cb74ff4e23ff4b53f69ebc75bf4
26463a5fb949,APTOS-P0535,APTOS 2019 (Aravind Eye Hospital),train_images/26463a5fb949.png,4,Grade 4: Proliferative DR,test,252424a3c5801b474ce072aa29e92dbde47f7e1ad5748886cd0872c99fe7de96
5321ab64f9ea,APTOS-P1181,APTOS 2019 (Aravind Eye Hospital),train_images/5321ab64f9ea.png,0,Grade 0: No Apparent DR,train,1ca41d3c5e0ed91a962b1947634b814bf28589ec964e4e9bfbc78c6d409f257f
d06ccd0cf4b8,APTOS-P2889,APTOS 2019 (Aravind Eye Hospital),train_images/d06ccd0cf4b8.png,1,Grade 1: Mild NPDR,train,70d63d863b6bec9cecc37eef324a2f5577b31ea6871650cddaabde0161f1eed7
58eb3809f456,APTOS-P1255,APTOS 2019 (Aravind Eye Hospital),train_images/58eb3809f456.png,0,Grade 0: No Apparent DR,train,7bd4b119bc0d108bc36703c295007a9e8fede0a77b5ee3cdff2f4b55f72d69e8
a8c9fcdbc0be,APTOS-P2349,APTOS 2019 (Aravind Eye Hospital),train_images/a8c9fcdbc0be.png,0,Grade 0: No Apparent DR,train,c4d5a4639d6b7a13114eb07f71d7c97c9233e7199f8ebcb3ade32758400fe9bc
8f318a978844,APTOS-P1989,APTOS 2019 (Aravind Eye Hospital),train_images/8f318a978844.png,4,Grade 4: Proliferative DR,train,707dae5b3679a7fa3be9e5efabaf1b77ac5b6c078f98d9a01496d986d7e369a9
7a3ea1779b13,APTOS-P1693,APTOS 2019 (Aravind Eye Hospital),train_images/7a3ea1779b13.png,1,Grade 1: Mild NPDR,val,a41f0947abd8adf7267f2141aa595c3f8354e3cb622afc8d90bcffdbd9f5c4ea
a95858e052d6,APTOS-P2355,APTOS 2019 (Aravind Eye Hospital),train_images/a95858e052d6.png,1,Grade 1: Mild NPDR,val,f55e5d0262d252503a4130dfbd06ea12965e1aba6a54080fa51ceb6a68cbacaf
7ddcfcea7369,APTOS-P1742,APTOS 2019 (Aravind Eye Hospital),train_images/7ddcfcea7369.png,0,Grade 0: No Apparent DR,train,58bb461adcbbfe4fe140cbe4a6450a3bfa1884f67e96905e05720c3c721393bf
6d9effbcde78,APTOS-P1531,APTOS 2019 (Aravind Eye Hospital),train_images/6d9effbcde78.png,0,Grade 0: No Apparent DR,val,910b9751696bb335cfbf48b0089a3d92feece3c91b6e02f76f28ca52c71dda69
d866c26d76f0,APTOS-P3000,APTOS 2019 (Aravind Eye Hospital),train_images/d866c26d76f0.png,0,Grade 0: No Apparent DR,train,c2ccc92d0c491d8d4d4f5488112c045d30ad739886eea7d898b3f0081ade61f3
0abf0c485f66,APTOS-P0145,APTOS 2019 (Aravind Eye Hospital),train_images/0abf0c485f66.png,0,Grade 0: No Apparent DR,train,8f125a3e8b9977a34244a87b3090c95a35daad298d2458abeb89a6dcc7e571fb
1d29cb2f4296,APTOS-P0403,APTOS 2019 (Aravind Eye Hospital),train_images/1d29cb2f4296.png,0,Grade 0: No Apparent DR,train,319982d2e0b484d5d02dfea4babc9311c62b8842f4595b5383a1602f2f241e89
ea6a53e54d0f,APTOS-P3247,APTOS 2019 (Aravind Eye Hospital),train_images/ea6a53e54d0f.png,0,Grade 0: No Apparent DR,train,e61077d4ed4e36ee9c188264f7367ba7404613bea67e40c6b63ebd201472db9c
12025b34deb8,APTOS-P0244,APTOS 2019 (Aravind Eye Hospital),train_images/12025b34deb8.png,2,Grade 2: Moderate NPDR,train,f2f85cb5bd5d203f1b3495dc27fc0d0c90938f371e4d26270e33ab59d2bff646
4f6abc40c72d,APTOS-P1110,APTOS 2019 (Aravind Eye Hospital),train_images/4f6abc40c72d.png,0,Grade 0: No Apparent DR,train,a16edeafc56f0cbd475f4b4d9050dbdf8d686531eff55398b77187ce1d7678ab
51405d042000,APTOS-P1139,APTOS 2019 (Aravind Eye Hospital),train_images/51405d042000.png,2,Grade 2: Moderate NPDR,train,f91ddb3963eb325cb41e3938109dcbce95d52873dd27ac437f1f094de1a159b7
cf6551521a35,APTOS-P2879,APTOS 2019 (Aravind Eye Hospital),train_images/cf6551521a35.png,0,Grade 0: No Apparent DR,train,64f8eaeb9f5904ef01b0d6e2793934918c0a56b6352d71b61e3ebaad0e6542be
e265c870f9b3,APTOS-P3135,APTOS 2019 (Aravind Eye Hospital),train_images/e265c870f9b3.png,2,Grade 2: Moderate NPDR,test,ce26beec1fdc802b711738016be6b68a0102b1e09701f5ae893fdfaabfcf4061
68332fdcaa70,APTOS-P1459,APTOS 2019 (Aravind Eye Hospital),train_images/68332fdcaa70.png,1,Grade 1: Mild NPDR,train,c08b41c6f91b44693c31a3c316336a703951aa5124cb73cbc38d8f6b2307f587
22ce8ef69357,APTOS-P0486,APTOS 2019 (Aravind Eye Hospital),train_images/22ce8ef69357.png,2,Grade 2: Moderate NPDR,train,0484ba75ee019bf969b622a555f96759f308fa1e2d99fa8e8f2661eef4798f54
a0445785e2f7,APTOS-P2212,APTOS 2019 (Aravind Eye Hospital),train_images/a0445785e2f7.png,0,Grade 0: No Apparent DR,train,f2f7bc9d6251eb583aa2cedee7c76c15799c730f50ac7025269b793c22c0cd03
26453eb7e989,APTOS-P0534,APTOS 2019 (Aravind Eye Hospital),train_images/26453eb7e989.png,2,Grade 2: Moderate NPDR,train,fb8be741ae6332d243e74045a12671fc701a77e576f3c6c2381a6e6eecc21c4d
eeb231c3ef1f,APTOS-P3299,APTOS 2019 (Aravind Eye Hospital),train_images/eeb231c3ef1f.png,1,Grade 1: Mild NPDR,train,6336c1b68980c96383dc116edfa68518aca1112a8818f731db8a5501632bc3dd
891392c9683c,APTOS-P1901,APTOS 2019 (Aravind Eye Hospital),train_images/891392c9683c.png,2,Grade 2: Moderate NPDR,train,13643be9f83658293335229a87c80c0d16ab94cc5ac50a4422ecbe49e07a0b68
d1fb4efb117c,APTOS-P2915,APTOS 2019 (Aravind Eye Hospital),train_images/d1fb4efb117c.png,2,Grade 2: Moderate NPDR,train,f123c3a2cbdf418e20efaac4bbb3ca44decaa4558babfcaf086cc7492524de69
af87d48ffe01,APTOS-P2462,APTOS 2019 (Aravind Eye Hospital),train_images/af87d48ffe01.png,0,Grade 0: No Apparent DR,train,de123bb920196c3629e484e2f8e1831b51b0e380301d352505281a3633690fa1
98277aeb96a7,APTOS-P2101,APTOS 2019 (Aravind Eye Hospital),train_images/98277aeb96a7.png,0,Grade 0: No Apparent DR,train,6852b9245d6d3f94a61e3ceca90cb703ca01ee68399ab1ae8c729055d8778ef3
80feb1f7ca5e,APTOS-P1791,APTOS 2019 (Aravind Eye Hospital),train_images/80feb1f7ca5e.png,2,Grade 2: Moderate NPDR,test,67a8ea6352995a9c552740859a321f64b8c8ad78c82b528d57c1d7e57f60f6bd
6af071b0ac6e,APTOS-P1485,APTOS 2019 (Aravind Eye Hospital),train_images/6af071b0ac6e.png,0,Grade 0: No Apparent DR,train,95d7d13eea0af56df98ee72d40860268c2d0dc867e8b47cf939092c1288f2042
df4913ca3712,APTOS-P2955,APTOS 2019 (Aravind Eye Hospital),train_images/df4913ca3712.png,4,Grade 4: Proliferative DR,train,a4e9608e756f82525c8e1d8b99a919e7a1c06a054ae93d806650b724634316a8
a53d6d2472a6,APTOS-P2292,APTOS 2019 (Aravind Eye Hospital),train_images/a53d6d2472a6.png,0,Grade 0: No Apparent DR,test,59a7ce0f1a017e23e6cc62c882540ec565eb50a675d9a3c9fb52a21d240b5cb5
97a235367f9d,APTOS-P2093,APTOS 2019 (Aravind Eye Hospital),train_images/97a235367f9d.png,0,Grade 0: No Apparent DR,test,6b3efc792cbeeb7444f834e8481f3690c73484aaada469e24c814df6fc4e10d1
878e356c8fc9,APTOS-P1881,APTOS 2019 (Aravind Eye Hospital),train_images/878e356c8fc9.png,0,Grade 0: No Apparent DR,train,3b0806100c35d42ecac2aad2252fe32cc6a812247846ae797121891aa52a29d2
fa7fa797c650,APTOS-P3445,APTOS 2019 (Aravind Eye Hospital),train_images/fa7fa797c650.png,0,Grade 0: No Apparent DR,train,100089024f8a52af8b124232451b25ca1eb5dc5d7e80441717b5784a93ebabfc
7a06ea127e02,APTOS-P1688,APTOS 2019 (Aravind Eye Hospital),train_images/7a06ea127e02.png,0,Grade 0: No Apparent DR,train,e8b4073ae8c374b994373a1c59a1aa22b5deaab6f33ef2c09d404b2cfd6b5861
b5a3ca5c0a80,APTOS-P2535,APTOS 2019 (Aravind Eye Hospital),train_images/b5a3ca5c0a80.png,0,Grade 0: No Apparent DR,train,5998de4061fe436ca78b7e75986bd725da458ab8bd327459e088277c956fdf03
780be525036d,APTOS-P1663,APTOS 2019 (Aravind Eye Hospital),train_images/780be525036d.png,0,Grade 0: No Apparent DR,train,d087448cb9933ae8a959e28e3f84ec8a0be2602a6ed58048ef127bb5fa4a7634
8421107255ae,APTOS-P1832,APTOS 2019 (Aravind Eye Hospital),train_images/8421107255ae.png,2,Grade 2: Moderate NPDR,train,7d3261ee529a09d16608b7bee08f66af91da8ddd8b8d368abc06ffef557d4ac0
944a233fbf8e,APTOS-P2056,APTOS 2019 (Aravind Eye Hospital),train_images/944a233fbf8e.png,1,Grade 1: Mild NPDR,train,4f334cf6b79a0bb4e844136cb48dfe8d3bca69169248d5cf81562bd26d15dc0b
9eaf735cf01f,APTOS-P2192,APTOS 2019 (Aravind Eye Hospital),train_images/9eaf735cf01f.png,1,Grade 1: Mild NPDR,train,1e0611897ed5c8330f8bc47cb5738651d219ac18442f8589419aedef7483ef1c
85cc6d636898,APTOS-P1853,APTOS 2019 (Aravind Eye Hospital),train_images/85cc6d636898.png,2,Grade 2: Moderate NPDR,val,91d02a2d0a3d4d5d2e7ac264a1cf3969e10ebdeabb54ab18aacb516b3cf9a10d
15e24b73d4a7,APTOS-P0290,APTOS 2019 (Aravind Eye Hospital),train_images/15e24b73d4a7.png,0,Grade 0: No Apparent DR,test,b9dcd926f3a723f8a304288a61b972d11113e8d80844b105603f53c6bc38f6a4
1bea04b2bb2d,APTOS-P0376,APTOS 2019 (Aravind Eye Hospital),train_images/1bea04b2bb2d.png,2,Grade 2: Moderate NPDR,train,2056420ca88f99d3937dcd62b4890d1572f51900375ad85923c6b28eb95cab9f
dbd062558b81,APTOS-P3051,APTOS 2019 (Aravind Eye Hospital),train_images/dbd062558b81.png,1,Grade 1: Mild NPDR,train,bae34a6f8569948b5eed70e914a5edda2ca07d1ba769880bf05eb3b263170daa
e7b5dd5bab1f,APTOS-P3210,APTOS 2019 (Aravind Eye Hospital),train_images/e7b5dd5bab1f.png,0,Grade 0: No Apparent DR,train,3135a71ef76c964c31dfd52db7d2549cdb6ed1f49970da2f2962fc8afa680d04
3cd9713c0ecb,APTOS-P0835,APTOS 2019 (Aravind Eye Hospital),train_images/3cd9713c0ecb.png,0,Grade 0: No Apparent DR,test,a6de2687b376d6a4fe750e29868b6630f7964a1a266ad735d2cba65a0be02e4e
02da652c74b8,APTOS-P0038,APTOS 2019 (Aravind Eye Hospital),train_images/02da652c74b8.png,0,Grade 0: No Apparent DR,train,87061e47d731f416fa63b30514f98d355c6864c9786f15bb9b4471ca5c9c2ae0
9d75de31f1b8,APTOS-P2176,APTOS 2019 (Aravind Eye Hospital),train_images/9d75de31f1b8.png,0,Grade 0: No Apparent DR,train,a0cf3b4fb84f86c95bab56625474f5b9bf9ff19220d2ad0fc1ba4509f3e22211
6107a2e9f60e,APTOS-P1357,APTOS 2019 (Aravind Eye Hospital),train_images/6107a2e9f60e.png,0,Grade 0: No Apparent DR,val,b9a4abfaa0dbeb1ed7add52c9cd1a01cfeef79120b43689bce784da55c2a4d5d
b3d12069e1c5,APTOS-P2510,APTOS 2019 (Aravind Eye Hospital),train_images/b3d12069e1c5.png,2,Grade 2: Moderate NPDR,train,02bcce13ae6be99225224516f8b6e52c66d51f48c67a0015e01351245211f8cc
9287e57326d0,APTOS-P2033,APTOS 2019 (Aravind Eye Hospital),train_images/9287e57326d0.png,0,Grade 0: No Apparent DR,train,9d1d2877dea2bffe81a3618956d13acaa4bf9fa1951eded76e3e023722117cff
e32a359be36d,APTOS-P3147,APTOS 2019 (Aravind Eye Hospital),train_images/e32a359be36d.png,3,Grade 3: Severe NPDR,train,a13d14da8fa29281420dd0eb4d01c6157fbf937a395fcbf51d9265794c30fec2
0981195eb9fb,APTOS-P0127,APTOS 2019 (Aravind Eye Hospital),train_images/0981195eb9fb.png,4,Grade 4: Proliferative DR,train,7aa598e71922336ed45720195718c1e5c71da83e0f70312fb5d9728704d54d67
a70d0f12a641,APTOS-P2313,APTOS 2019 (Aravind Eye Hospital),train_images/a70d0f12a641.png,0,Grade 0: No Apparent DR,train,3bf18e1a0c7c12ad979c5344abe61c942f08704facfdb184fbd72933ab51e924
7102f29e052e,APTOS-P1572,APTOS 2019 (Aravind Eye Hospital),train_images/7102f29e052e.png,2,Grade 2: Moderate NPDR,train,267c4aa9f9a12409f6a4545e0a9489b9a27c77c6b4435889ca95f7ec90553acd
66bfec8d6bcd,APTOS-P1441,APTOS 2019 (Aravind Eye Hospital),train_images/66bfec8d6bcd.png,0,Grade 0: No Apparent DR,val,ed526dc4a18480832fb93f43a5a44f6d0bcd0265f845310ac68b2d74f21d3460
3fd45879afe6,APTOS-P0868,APTOS 2019 (Aravind Eye Hospital),train_images/3fd45879afe6.png,0,Grade 0: No Apparent DR,train,95986cbd415573a1c0c8fc63d5f3b674bf9be41977b2268f9b0b8048464c9f1e
6dfd80748e72,APTOS-P1538,APTOS 2019 (Aravind Eye Hospital),train_images/6dfd80748e72.png,2,Grade 2: Moderate NPDR,train,ceee23d4804538b98c1d8dd107c6b98dc02e6ea596ac73a5806650c1811cc635
639915f58a2f,APTOS-P1393,APTOS 2019 (Aravind Eye Hospital),train_images/639915f58a2f.png,0,Grade 0: No Apparent DR,train,fa378c8da06e48480a59888aabeed6be52b835835c7603a651612726239ad81e
a32b5ce3d48a,APTOS-P2264,APTOS 2019 (Aravind Eye Hospital),train_images/a32b5ce3d48a.png,4,Grade 4: Proliferative DR,train,51e65b6f3b925845112f966084991e4a79e7382751375f7d958818bd4e2bfa71
8f14bca04b47,APTOS-P1986,APTOS 2019 (Aravind Eye Hospital),train_images/8f14bca04b47.png,0,Grade 0: No Apparent DR,train,43249e3336744bf5206b54ddf4e9b660dea50b75ef0b708e68d0a493a7586e59
46f56c38051f,APTOS-P0974,APTOS 2019 (Aravind Eye Hospital),train_images/46f56c38051f.png,2,Grade 2: Moderate NPDR,test,f4cd658756f956c4e852fd62d232da2dbe6c7a6b55bca6b8eb95311b3b366909
5a5d3798c357,APTOS-P1277,APTOS 2019 (Aravind Eye Hospital),train_images/5a5d3798c357.png,2,Grade 2: Moderate NPDR,train,70e8a6b44cbf76aef58110ea006f3dbb9c69b2defbd89b2355843d1c7b434450
2a3a1ed1c285,APTOS-P0599,APTOS 2019 (Aravind Eye Hospital),train_images/2a3a1ed1c285.png,2,Grade 2: Moderate NPDR,train,d4cd87db153deb6f06b72ef80f2a76a5541d8ff8879c4c8de6f6aa701164f1ce
2d7666b8884f,APTOS-P0639,APTOS 2019 (Aravind Eye Hospital),train_images/2d7666b8884f.png,1,Grade 1: Mild NPDR,val,f02bf53830596800fcda13aad14fb6ab6b017caaedd91800e84ed8d3b3b6bb76
bcc762618e7d,APTOS-P2641,APTOS 2019 (Aravind Eye Hospital),train_images/bcc762618e7d.png,2,Grade 2: Moderate NPDR,train,97549a8ef77f40d684d1cc66e340cdbe2b19feb9e64fb16b8d940dbff014b838
0fb560f9adb2,APTOS-P0211,APTOS 2019 (Aravind Eye Hospital),train_images/0fb560f9adb2.png,2,Grade 2: Moderate NPDR,train,9adb98a29c850b3aabf59073b49d98353095c36d3828e184b400019cb5239842
4860f7813654,APTOS-P0989,APTOS 2019 (Aravind Eye Hospital),train_images/4860f7813654.png,0,Grade 0: No Apparent DR,train,a9bdc027208050822d0baeb77c46e22f522563047dd9bd2bc84511aab9ac7e61
0c43c79e8cfb,APTOS-P0162,APTOS 2019 (Aravind Eye Hospital),train_images/0c43c79e8cfb.png,0,Grade 0: No Apparent DR,train,42e564e2d8657ffbce45a24f794c4ec0a43482e09c6d1af8e17d49704dad8937
f62b8a076833,APTOS-P3394,APTOS 2019 (Aravind Eye Hospital),train_images/f62b8a076833.png,0,Grade 0: No Apparent DR,train,48275cd9a12f9cf47c6f1b845d281e0f17b2957d251b5fbc9d75bae1458d0574
30db694bee42,APTOS-P0679,APTOS 2019 (Aravind Eye Hospital),train_images/30db694bee42.png,0,Grade 0: No Apparent DR,train,b7bf9aaef3d96ea533b3b2255379447258ca26587606928d4439864b28f8af41
7dee6bf8b9c1,APTOS-P1743,APTOS 2019 (Aravind Eye Hospital),train_images/7dee6bf8b9c1.png,2,Grade 2: Moderate NPDR,val,ed1537be765ded836a1a5b5d5da02c01b2f51410a9fc2484bb3185cb44b3d403
f819c65b803c,APTOS-P3418,APTOS 2019 (Aravind Eye Hospital),train_images/f819c65b803c.png,0,Grade 0: No Apparent DR,train,363dc431da0e66ee591c08311bd035b44ab8369f8e14adfba2aa3f726414f559
b553e7909535,APTOS-P2528,APTOS 2019 (Aravind Eye Hospital),train_images/b553e7909535.png,0,Grade 0: No Apparent DR,train,ab01a60787f7296310ef60973a82fe24d52999068ab9c03f143ec8acacc46b7d
a86c6283fd78,APTOS-P2337,APTOS 2019 (Aravind Eye Hospital),train_images/a86c6283fd78.png,2,Grade 2: Moderate NPDR,train,99580aa112ceb482ffc19a06b21fc446d0db53d84ac59609dc6c489c86c40637
8543a801dce0,APTOS-P1847,APTOS 2019 (Aravind Eye Hospital),train_images/8543a801dce0.png,2,Grade 2: Moderate NPDR,train,45bc268d5e677df4922a181e2b3151fa630d0d243b992f5f39669c7da13a3cad
da0a83f074f3,APTOS-P3028,APTOS 2019 (Aravind Eye Hospital),train_images/da0a83f074f3.png,0,Grade 0: No Apparent DR,train,662a5522c86eccfb82270c490246e45a65d653b5cbd490a6bc008672e801c025
be21d8b60e2a,APTOS-P2658,APTOS 2019 (Aravind Eye Hospital),train_images/be21d8b60e2a.png,2,Grade 2: Moderate NPDR,train,f20d4ec1bc3cc6b0c21bdc7e1b35f7e4b28bdf5f78ce4f13bd3eb4fb411dc1c5
f7defe70afc3,APTOS-P3414,APTOS 2019 (Aravind Eye Hospital),train_images/f7defe70afc3.png,0,Grade 0: No Apparent DR,train,d3ef4f8bdbe95cab0fbd46c02bf87a4722df37b78d6b155c458eab44a90d14b9
315c1a0d87fd,APTOS-P0687,APTOS 2019 (Aravind Eye Hospital),train_images/315c1a0d87fd.png,0,Grade 0: No Apparent DR,train,4cb8d59166a8ce3624ed59664feb6b44a052aaf74e32714b106b6a25d68a959d
00cc2b75cddd,APTOS-P0011,APTOS 2019 (Aravind Eye Hospital),train_images/00cc2b75cddd.png,0,Grade 0: No Apparent DR,train,df65929801ef005b5c53fc4176fabfa939a2df0989e5d79eedbd33c5cc07662f
c252da9b41d8,APTOS-P2713,APTOS 2019 (Aravind Eye Hospital),train_images/c252da9b41d8.png,2,Grade 2: Moderate NPDR,val,a573985a097cc1e67a5ae923f10f36191fed7dce24123a54e49a217699ee91d6
60eeae3ba23d,APTOS-P1355,APTOS 2019 (Aravind Eye Hospital),train_images/60eeae3ba23d.png,2,Grade 2: Moderate NPDR,val,d96056e0b58e8f600bc178afd75e66aa2f35f2d7076f6d43af42a297e4473c60
74418f620068,APTOS-P1613,APTOS 2019 (Aravind Eye Hospital),train_images/74418f620068.png,2,Grade 2: Moderate NPDR,train,092a0561834c5a0f7e0e0170aa061a7e5cc81571a0070dc28795e037ec92d8ee
29f9e1ac9507,APTOS-P0593,APTOS 2019 (Aravind Eye Hospital),train_images/29f9e1ac9507.png,0,Grade 0: No Apparent DR,val,993c926cebae1fc2be12e3aa3cf786eccd90b82c237a1b95b729ff15e0cee409
875a2fc5fe23,APTOS-P1875,APTOS 2019 (Aravind Eye Hospital),train_images/875a2fc5fe23.png,4,Grade 4: Proliferative DR,val,4533833467352c428f376e860a9eb22d87072c2e275791673fee7655b2e4cd3f
aebe87a423c8,APTOS-P2447,APTOS 2019 (Aravind Eye Hospital),train_images/aebe87a423c8.png,0,Grade 0: No Apparent DR,train,31fbf780ded43f9cf439be0760348ba948567bc82239670568403d8811300936
94111ed3d276,APTOS-P2052,APTOS 2019 (Aravind Eye Hospital),train_images/94111ed3d276.png,1,Grade 1: Mild NPDR,test,99a21150d8123ccb15621cae3b2b8a2e1e1bce615cb978302c74a539262e3820
b294927b14b0,APTOS-P2498,APTOS 2019 (Aravind Eye Hospital),train_images/b294927b14b0.png,0,Grade 0: No Apparent DR,train,b923160397561efd95d4a67c554e60e4e10fbb3e3648aa97b7c9a36b44df5db3
38b9bb961847,APTOS-P0783,APTOS 2019 (Aravind Eye Hospital),train_images/38b9bb961847.png,1,Grade 1: Mild NPDR,val,5ecafd5b38a438808fccf015eb8916a716a2f9d0983b0ecaad59e825653ff21e
767d777ee889,APTOS-P1640,APTOS 2019 (Aravind Eye Hospital),train_images/767d777ee889.png,0,Grade 0: No Apparent DR,val,4a4b91118ef6fa544aeadda9a6d5d96db0d661687c1c23691b449d9546dad447
cd45bfa07d41,APTOS-P2855,APTOS 2019 (Aravind Eye Hospital),train_images/cd45bfa07d41.png,1,Grade 1: Mild NPDR,train,f7f0b589470871809e2fdeeffbbb2ca50ab3ba6e82a88c82bbcde6b4bd0df9d6
8d62ba9cb22a,APTOS-P1960,APTOS 2019 (Aravind Eye Hospital),train_images/8d62ba9cb22a.png,2,Grade 2: Moderate NPDR,train,4798a2d6d2cd718ef6d86f012905c0a020b97bec466d42dd56fb9f684c90c31c
fa9f1bc03f21,APTOS-P3447,APTOS 2019 (Aravind Eye Hospital),train_images/fa9f1bc03f21.png,0,Grade 0: No Apparent DR,train,3daff0eea5820819e81f8050615350420946a2e554836b12b57ddfc2b332d0f2
f36cb007a1ef,APTOS-P3353,APTOS 2019 (Aravind Eye Hospital),train_images/f36cb007a1ef.png,0,Grade 0: No Apparent DR,train,03f49497a37f46bbf91509ac69e9d894d8bbe75102272448e1771fab5f4354ff
8dba09a4e5ed,APTOS-P1965,APTOS 2019 (Aravind Eye Hospital),train_images/8dba09a4e5ed.png,2,Grade 2: Moderate NPDR,train,7bb89163a445fc49e34c3c742630c370261ff3220d0c03461c5969a257f81132
b8297a2291f5,APTOS-P2574,APTOS 2019 (Aravind Eye Hospital),train_images/b8297a2291f5.png,0,Grade 0: No Apparent DR,train,d98904df902e84afba192b5ffbfb2badb04d0ced4a47b6d396cdd2a3699d880f
c947bb6cf9f6,APTOS-P2795,APTOS 2019 (Aravind Eye Hospital),train_images/c947bb6cf9f6.png,0,Grade 0: No Apparent DR,train,ef1d05f2641d4e2607635cb9f0fd94297a75134538e423f7d22fb88c0a07b3c0
8241e43408a8,APTOS-P1805,APTOS 2019 (Aravind Eye Hospital),train_images/8241e43408a8.png,0,Grade 0: No Apparent DR,train,ba0a11d339c8bf7fe7177d0788d696cdd82644180f67c968e40456c1ebd2584d
d56d32a1d62d,APTOS-P2957,APTOS 2019 (Aravind Eye Hospital),train_images/d56d32a1d62d.png,0,Grade 0: No Apparent DR,test,0d2c62bd0505d77e58442c2c3e4248136187fa3ca289dab2a6e200fe5c8e58a2
64bad93fde3f,APTOS-P1405,APTOS 2019 (Aravind Eye Hospital),train_images/64bad93fde3f.png,4,Grade 4: Proliferative DR,val,abf31c6b02aaffb7d7d725dac3ed570ed59897d31d5af04bed9fd7506b3fa441
a80dab8eddf4,APTOS-P2329,APTOS 2019 (Aravind Eye Hospital),train_images/a80dab8eddf4.png,3,Grade 3: Severe NPDR,train,2a493f3fcc09df1631bf28c7cfee4590eaa227122fc9929d8b2d056077e3f9c9
3f3de2a6b0f5,APTOS-P0854,APTOS 2019 (Aravind Eye Hospital),train_images/3f3de2a6b0f5.png,2,Grade 2: Moderate NPDR,val,923c611781bc3bef6829596c7f32c48b21f1f12fcea13b783a4c4c1d6145f8fc
da9fe02dead3,APTOS-P3039,APTOS 2019 (Aravind Eye Hospital),train_images/da9fe02dead3.png,0,Grade 0: No Apparent DR,train,6bbe2351ddc7e53e6b2a17e481e1cf624693b032052c80adf0da5bd04cb4292b
a06a63d866b2,APTOS-P2214,APTOS 2019 (Aravind Eye Hospital),train_images/a06a63d866b2.png,0,Grade 0: No Apparent DR,test,768e5e5305266f52e848b19215140cd7f08da71b514679eb0cda98f9012f8999
1c13a1483f4a,APTOS-P0380,APTOS 2019 (Aravind Eye Hospital),train_images/1c13a1483f4a.png,0,Grade 0: No Apparent DR,test,38464b1698281b89f632559a0e7106ffbc8ff2a1cec39c0879f97e367652cfda
a8e08e7fe016,APTOS-P2351,APTOS 2019 (Aravind Eye Hospital),train_images/a8e08e7fe016.png,2,Grade 2: Moderate NPDR,train,4615f2c2109b15e425b6c80415260f23979449adb2fce4a80c4858ac3832ffd1
6fe67482bfae,APTOS-P1563,APTOS 2019 (Aravind Eye Hospital),train_images/6fe67482bfae.png,4,Grade 4: Proliferative DR,train,651fc340a5ceb70ba04b565de2a218c5c7078f42627354deb0735636699d70dc
a8c54e2a4b79,APTOS-P2347,APTOS 2019 (Aravind Eye Hospital),train_images/a8c54e2a4b79.png,1,Grade 1: Mild NPDR,train,2e50f9bc6e21316db45bd6ea562c653dfa6232ad477c865adae71591ff3d4927
711d1480d2e3,APTOS-P1575,APTOS 2019 (Aravind Eye Hospital),train_images/711d1480d2e3.png,2,Grade 2: Moderate NPDR,train,0beb5ddaa3b8fca0fee029f2799e8d422cce12504f9cfaf77d3dc40bd94fe734
5ba156a35ff2,APTOS-P1296,APTOS 2019 (Aravind Eye Hospital),train_images/5ba156a35ff2.png,0,Grade 0: No Apparent DR,train,759cd2ba30f6b7ff45d1c22a58304b0ced0737c9a55fa92cfe4fb30727845061
576e189d23d4,APTOS-P0300,APTOS 2019 (Aravind Eye Hospital),train_images/576e189d23d4.png,4,Grade 4: Proliferative DR,train,2bbc103cf76e536f7746fc9c6498656a5fb4ec3dfeccf11aa13c2636c6afc852
40140a925c43,APTOS-P0872,APTOS 2019 (Aravind Eye Hospital),train_images/40140a925c43.png,2,Grade 2: Moderate NPDR,val,cd93fef06746eb3f4c3758259cbbda6b380753b60b42a058793d80a1a729aac9
d7078e8b0349,APTOS-P2978,APTOS 2019 (Aravind Eye Hospital),train_images/d7078e8b0349.png,0,Grade 0: No Apparent DR,train,f280af45f2122fd92a6ffa2b0cf86b8cd8d2b8d61524abf351dbfa3e4c4fa06a
d6803e467592,APTOS-P2971,APTOS 2019 (Aravind Eye Hospital),train_images/d6803e467592.png,0,Grade 0: No Apparent DR,test,af2f068b4225f07852b80fea958a92c5e79810d68249ca03d2fbc5a0c5362ee2
3fa4f4d77177,APTOS-P0866,APTOS 2019 (Aravind Eye Hospital),train_images/3fa4f4d77177.png,3,Grade 3: Severe NPDR,train,3f33027fd7d0e27cb886eca404f43240acc8ce9080a64c4111460c753da1376e
4cddfc22b0ad,APTOS-P1060,APTOS 2019 (Aravind Eye Hospital),train_images/4cddfc22b0ad.png,0,Grade 0: No Apparent DR,train,749450acd817dad953152eead792a7dd022fa257e7db6e59c0927749d59e137f
8846b09384a4,APTOS-P1892,APTOS 2019 (Aravind Eye Hospital),train_images/8846b09384a4.png,0,Grade 0: No Apparent DR,train,25acc67284565a849f19ba3d5a2d703236826221c6826e48d5406c1ef8434e0f
52ae917fcea4,APTOS-P1175,APTOS 2019 (Aravind Eye Hospital),train_images/52ae917fcea4.png,1,Grade 1: Mild NPDR,train,4ce3452b437da29c5b66f9f97e7b78341e25cc60136449c01007c88dd72d5f0f
35777eb7859d,APTOS-P0734,APTOS 2019 (Aravind Eye Hospital),train_images/35777eb7859d.png,0,Grade 0: No Apparent DR,train,8686c339fb3b92e338312106a78550a7c364739ef449090dc66d43dc2ec06cb1
09eeafa9656a,APTOS-P0132,APTOS 2019 (Aravind Eye Hospital),train_images/09eeafa9656a.png,2,Grade 2: Moderate NPDR,train,ea8f8ef92abb449563027cea5b57ced5239a04194691d6cb1d36a988fdee6472
762d6e5d5068,APTOS-P1635,APTOS 2019 (Aravind Eye Hospital),train_images/762d6e5d5068.png,3,Grade 3: Severe NPDR,train,9efe938c8bff55d1503a2f044f6c51a3dc9bf081ad966f277f809cb9f80defa3
849a91e9ab28,APTOS-P1839,APTOS 2019 (Aravind Eye Hospital),train_images/849a91e9ab28.png,1,Grade 1: Mild NPDR,test,0669e124cda3bef829deceb19c9aa2f567597f47bc2eb90ad94a70e724008eda
ca1036496659,APTOS-P2807,APTOS 2019 (Aravind Eye Hospital),train_images/ca1036496659.png,1,Grade 1: Mild NPDR,train,ef0702264159d40d463a243eb1beee405845a9a8c0b11f457945cfe92a98b225
4c3c1ed09771,APTOS-P1047,APTOS 2019 (Aravind Eye Hospital),train_images/4c3c1ed09771.png,1,Grade 1: Mild NPDR,train,d7e143f4410253a66fb8058f3217a5336ef8c268b4d7d8fac4aefa47fedd5fd9
fa59221cf464,APTOS-P3442,APTOS 2019 (Aravind Eye Hospital),train_images/fa59221cf464.png,4,Grade 4: Proliferative DR,test,4a29d598f60e935fe7b7ac04b0025a7a0ae605c8eb7aac43b795c489591dc6d0
4a5a6efc0bef,APTOS-P1023,APTOS 2019 (Aravind Eye Hospital),train_images/4a5a6efc0bef.png,0,Grade 0: No Apparent DR,train,59dbc388f6105e019d15be7423cd19a7c7d250455d463dcb561fefb856108684
7d37a2939f12,APTOS-P1735,APTOS 2019 (Aravind Eye Hospital),train_images/7d37a2939f12.png,2,Grade 2: Moderate NPDR,train,a63dc61bd0a62697ced8772e5fe24b782ad9537847dadc1a809349fe81f4b034
d38cf0f4a9af,APTOS-P2938,APTOS 2019 (Aravind Eye Hospital),train_images/d38cf0f4a9af.png,0,Grade 0: No Apparent DR,train,5e7da2444b503a39a94dafc4bb3d5f818538c40bc65e6478d48c9a8d21aafd84
36a1e3c780a0,APTOS-P0755,APTOS 2019 (Aravind Eye Hospital),train_images/36a1e3c780a0.png,2,Grade 2: Moderate NPDR,train,e24e6b7d9d08c182030050fbc3e02f11186b66cfc14fa6c6122fbdb19ef39486
d4583e9525dc,APTOS-P2948,APTOS 2019 (Aravind Eye Hospital),train_images/d4583e9525dc.png,0,Grade 0: No Apparent DR,test,ec83d098780df1edb3c56469c142cb2a5b17ba1cdb74acddc3def7b224fd8c56
510aa0a898fa,APTOS-P1135,APTOS 2019 (Aravind Eye Hospital),train_images/510aa0a898fa.png,2,Grade 2: Moderate NPDR,train,e46ba077d18bb3260f222be72e47bfb2a011ab15134ad5c65b4ffe52319299d9
c5a6f432a1ec,APTOS-P2752,APTOS 2019 (Aravind Eye Hospital),train_images/c5a6f432a1ec.png,0,Grade 0: No Apparent DR,test,c27ee167c7403c3ad6d21369830c353d54302816f39b78587106ea814b029811
db3cd58aa315,APTOS-P3044,APTOS 2019 (Aravind Eye Hospital),train_images/db3cd58aa315.png,0,Grade 0: No Apparent DR,train,1b15f2db1e2a506f7691a6b1124de62691381397798f7020332b3cbd60d677bf
07596907347b,APTOS-P0092,APTOS 2019 (Aravind Eye Hospital),train_images/07596907347b.png,0,Grade 0: No Apparent DR,train,4595d80e66e7fa5d292e5a1de6603f53b225b4df748bcd3d2ecd538aa06d1822
60aa4e649abf,APTOS-P1352,APTOS 2019 (Aravind Eye Hospital),train_images/60aa4e649abf.png,0,Grade 0: No Apparent DR,train,e12bb78f870e7d62538ce3d0353e8283c498f62b281910f381d7a13e05d91548
937bc1b924b1,APTOS-P2046,APTOS 2019 (Aravind Eye Hospital),train_images/937bc1b924b1.png,0,Grade 0: No Apparent DR,val,16715ac9396ae6dc392c059ae7bb6870e94f8b49d776be658da92e89fb317487
dee687c6e88a,APTOS-P3084,APTOS 2019 (Aravind Eye Hospital),train_images/dee687c6e88a.png,2,Grade 2: Moderate NPDR,train,777e815eeb7004d41e4e0adbc04717ec3241b59cb4840524d167c7e7dc698bd9
4393c5bc576a,APTOS-P0922,APTOS 2019 (Aravind Eye Hospital),train_images/4393c5bc576a.png,1,Grade 1: Mild NPDR,test,ac3f80e3c420ace23a043ba1242654769a4fec08c0029a9a6aba3d84bf791fc1
000c1434d8d7,APTOS-P0001,APTOS 2019 (Aravind Eye Hospital),train_images/000c1434d8d7.png,2,Grade 2: Moderate NPDR,train,9f984a4f69a45ebc5eae09fb44f4bb128d336183584d2c0cb8d9dd22dce40f83
4294a14c656a,APTOS-P0901,APTOS 2019 (Aravind Eye Hospital),train_images/4294a14c656a.png,3,Grade 3: Severe NPDR,train,337999085fb5ff521765b0e9b0dc309412597ca72eb5acbbb79609f1aa511ff7
405b4f78658f,APTOS-P0879,APTOS 2019 (Aravind Eye Hospital),train_images/405b4f78658f.png,3,Grade 3: Severe NPDR,test,9d9f0222eb61fd6206bc1e828764628d3805b7e6e7a413ddea2a59cae42fc507
7c6594b50690,APTOS-P1724,APTOS 2019 (Aravind Eye Hospital),train_images/7c6594b50690.png,0,Grade 0: No Apparent DR,train,f2bc5d156be7ec055758d30ebe6c4484a967f235f2768ebde80cde13b096a39b
172df1330a60,APTOS-P0308,APTOS 2019 (Aravind Eye Hospital),train_images/172df1330a60.png,1,Grade 1: Mild NPDR,train,eb121b876ffe95a46b587f391071f2ef1e875d0be0eccc71739449f36bcddfc5
98f48850ebce,APTOS-P2111,APTOS 2019 (Aravind Eye Hospital),train_images/98f48850ebce.png,2,Grade 2: Moderate NPDR,val,8d89023a4d56a9c662f20f66e40ad56214a0154781902c18fc9af91869f3987f
17188c13e635,APTOS-P0307,APTOS 2019 (Aravind Eye Hospital),train_images/17188c13e635.png,2,Grade 2: Moderate NPDR,train,530dc7fbd85f3b499d280cb1d3a789244b9d8820773bd91578468acb73d0735d
9f5a8665cf2e,APTOS-P2199,APTOS 2019 (Aravind Eye Hospital),train_images/9f5a8665cf2e.png,2,Grade 2: Moderate NPDR,test,a72301ad1a2e524ecb14535110c0fdd5216f94b009b15d75ab24a9af9bdbfebb
cf603a9ef2d5,APTOS-P2878,APTOS 2019 (Aravind Eye Hospital),train_images/cf603a9ef2d5.png,1,Grade 1: Mild NPDR,train,c79602df197c9ff6244761b8b94a958e6583cf2ceb671bc95b76bdaa66176b65
bd06028eb7dd,APTOS-P2644,APTOS 2019 (Aravind Eye Hospital),train_images/bd06028eb7dd.png,0,Grade 0: No Apparent DR,train,f173b8e38f0abcad8a6da04c38992977c40f0db1847d2078e6559d1ef1d8b2d7
4b422b48d0d4,APTOS-P1035,APTOS 2019 (Aravind Eye Hospital),train_images/4b422b48d0d4.png,2,Grade 2: Moderate NPDR,train,8f4d21169e3b195c1b669464f29ca2fc6e39f5610aebcbecb4efd6fad05b184d
de18071c36e6,APTOS-P3071,APTOS 2019 (Aravind Eye Hospital),train_images/de18071c36e6.png,0,Grade 0: No Apparent DR,val,edbc087425d97b2a9ba0c1371dc7e10f290cd3172235d0158c199161b67b3876
ef8109305128,APTOS-P3311,APTOS 2019 (Aravind Eye Hospital),train_images/ef8109305128.png,1,Grade 1: Mild NPDR,test,310143ae67249ada2df23e1cd47a7e282579f3f17ad492916e7894224359c954
a64273801bde,APTOS-P2302,APTOS 2019 (Aravind Eye Hospital),train_images/a64273801bde.png,2,Grade 2: Moderate NPDR,val,57ce6e79c190150f9b5ce502eced29a236f4139b5eee0f75dd877dfc236eb750
178412895d5e,APTOS-P0312,APTOS 2019 (Aravind Eye Hospital),train_images/178412895d5e.png,0,Grade 0: No Apparent DR,test,4c9d589dd3fae384886576a7703c04f2ac68229e695ae8ff3cf8f0cf7637b725
a4d4b69f7404,APTOS-P2288,APTOS 2019 (Aravind Eye Hospital),train_images/a4d4b69f7404.png,3,Grade 3: Severe NPDR,train,afc041482a5a9ba270a9d215abd85f464e2b3b0dcc333df47e69fa8fbf5a68cd
4318b6adeb97,APTOS-P0911,APTOS 2019 (Aravind Eye Hospital),train_images/4318b6adeb97.png,0,Grade 0: No Apparent DR,train,f55e2b68623adff016348cb214a717d79a48e9248a5273002b674bab7b5097b7
486e852a3b4d,APTOS-P0990,APTOS 2019 (Aravind Eye Hospital),train_images/486e852a3b4d.png,0,Grade 0: No Apparent DR,train,04cff01ca272305f925b61dab463725b8c6cb2ac8ff8c6b7b00978188a94f801
acf976efd7ce,APTOS-P2415,APTOS 2019 (Aravind Eye Hospital),train_images/acf976efd7ce.png,0,Grade 0: No Apparent DR,train,ab324871f53728e275f49ead2598e971e6ccf749f3dca306acc3f8fbdf1ea65e
fd48cf452e9d,APTOS-P3475,APTOS 2019 (Aravind Eye Hospital),train_images/fd48cf452e9d.png,2,Grade 2: Moderate NPDR,train,ff4e8943fbc7af104e48d5f2c29cf716e8c0a0542fa103818114db79a7b8294a
587146a55885,APTOS-P1247,APTOS 2019 (Aravind Eye Hospital),train_images/587146a55885.png,1,Grade 1: Mild NPDR,train,a7d88102a5ed88c69106639663fc3be2690c6cb7e016fa18466490041aaacfca
34723fae6475,APTOS-P0723,APTOS 2019 (Aravind Eye Hospital),train_images/34723fae6475.png,2,Grade 2: Moderate NPDR,train,089850f326fe783e993d65dd498ad1fd6f7e90cc075fc2377602ff0015f896e5
374535e0adb8,APTOS-P0762,APTOS 2019 (Aravind Eye Hospital),train_images/374535e0adb8.png,4,Grade 4: Proliferative DR,test,4bffd5376136f2eb116d69f07f32dc84e98417d8b5cbbf41f0108135b710e984
cb2f3c5d71a7,APTOS-P2828,APTOS 2019 (Aravind Eye Hospital),train_images/cb2f3c5d71a7.png,1,Grade 1: Mild NPDR,test,546c590d1834116fdd1fa77a3175cbbb42b8b677c92dc059d1ce94b543b65e28
63b71347e95d,APTOS-P1395,APTOS 2019 (Aravind Eye Hospital),train_images/63b71347e95d.png,0,Grade 0: No Apparent DR,train,bc960b6e7b33244e4db02fc510c6e94c03b8e6ce3f0bc25c89dc4f805748b80b
f431f2e119d7,APTOS-P3362,APTOS 2019 (Aravind Eye Hospital),train_images/f431f2e119d7.png,0,Grade 0: No Apparent DR,train,986c0f7fe037b209fa136ab24d77947b21eb8dd5f7db1fecca64aa50056e718a
3694e8c8e09a,APTOS-P0754,APTOS 2019 (Aravind Eye Hospital),train_images/3694e8c8e09a.png,0,Grade 0: No Apparent DR,train,8b82a72b718bf13287989af81e86e6719dc0c37b087605b192a0fcec326a4558
1d14dd912671,APTOS-P0401,APTOS 2019 (Aravind Eye Hospital),train_images/1d14dd912671.png,2,Grade 2: Moderate NPDR,train,353270583aa562fd4a826297aab824405ff267b8ddba278a8457063b19fbe20c
ee74c3b177e0,APTOS-P3295,APTOS 2019 (Aravind Eye Hospital),train_images/ee74c3b177e0.png,2,Grade 2: Moderate NPDR,val,577eca92c1ee17270a53034c3a674cfbf9cc63b1e7d5f28f2e1915b983de6e13
6bb30ec3231a,APTOS-P1497,APTOS 2019 (Aravind Eye Hospital),train_images/6bb30ec3231a.png,0,Grade 0: No Apparent DR,train,babf704570781f4a38de199247828a2d4d68757c63c92ad529ee6f14ca034fe4
8650d32f4a9e,APTOS-P1857,APTOS 2019 (Aravind Eye Hospital),train_images/8650d32f4a9e.png,0,Grade 0: No Apparent DR,train,bebab1cfd84b59f891a2056bdcf88bd5c94d3ad6d6ef36b494c14e66879f59b3
a47878630dc2,APTOS-P2283,APTOS 2019 (Aravind Eye Hospital),train_images/a47878630dc2.png,2,Grade 2: Moderate NPDR,val,a08497cfe5b3f1c1241b021830574c0a5f824015d3633dd3a2ee7816ff617a33
df9cb3729eb1,APTOS-P3093,APTOS 2019 (Aravind Eye Hospital),train_images/df9cb3729eb1.png,0,Grade 0: No Apparent DR,val,f50b728b72eed02c49b50f76d840f09b6afcb6d8effa78dd882e3f2125314e7f
0f96c358a250,APTOS-P0209,APTOS 2019 (Aravind Eye Hospital),train_images/0f96c358a250.png,3,Grade 3: Severe NPDR,train,d45c8fcc554b44ce2261a62e32b1f71b76d385f1e5d7f70068939758944cc85e
a247961a5cd9,APTOS-P2250,APTOS 2019 (Aravind Eye Hospital),train_images/a247961a5cd9.png,0,Grade 0: No Apparent DR,train,c728b99958b89ad97fb34e22f15a0ad8ee1fa954df1f71377e144a21d3f1fcea
4c53cc97ea13,APTOS-P1049,APTOS 2019 (Aravind Eye Hospital),train_images/4c53cc97ea13.png,0,Grade 0: No Apparent DR,test,e2d51fa802581d3738452e9db8d312cc46d8a3bbc4975157561377978fa07d70
c639d837f5e4,APTOS-P2763,APTOS 2019 (Aravind Eye Hospital),train_images/c639d837f5e4.png,0,Grade 0: No Apparent DR,train,51bab7c4d41b351804f5b1228809c904447c2aa9c3191e961ae82d80e0ef7a43
260a455692b5,APTOS-P0529,APTOS 2019 (Aravind Eye Hospital),train_images/260a455692b5.png,0,Grade 0: No Apparent DR,train,6589424dc33165f454c126ba4c651726d1477221061259ec312d04f06d217daa
7b20210d9120,APTOS-P1705,APTOS 2019 (Aravind Eye Hospital),train_images/7b20210d9120.png,1,Grade 1: Mild NPDR,train,14e9ca446d8803ac4d6d76aee0a25245604b8eb06c7bc6dae541efd51395eff8
73881f55a3ec,APTOS-P1604,APTOS 2019 (Aravind Eye Hospital),train_images/73881f55a3ec.png,1,Grade 1: Mild NPDR,test,1e212ac72784bb1848fe4649ba9968c7a00df20ed7808bd02ed53b42fc94febd
d85ea1220a03,APTOS-P1861,APTOS 2019 (Aravind Eye Hospital),train_images/d85ea1220a03.png,4,Grade 4: Proliferative DR,train,2a1068628e5388fa100484359893642891c561f3b8a92f1164eeb5105e81888a
18f1f979d30d,APTOS-P0338,APTOS 2019 (Aravind Eye Hospital),train_images/18f1f979d30d.png,2,Grade 2: Moderate NPDR,test,109c3dc7092bf9c74a0a7a6ccac88bc37df3e53c3be1c008a6d5914b7bb4b30c
916915f01e17,APTOS-P2018,APTOS 2019 (Aravind Eye Hospital),train_images/916915f01e17.png,0,Grade 0: No Apparent DR,train,1b8c516948dfeb08a5b6500a2ad4655ec1574c23895ea152dcc78802304d4836
0a61bddab956,APTOS-P0140,APTOS 2019 (Aravind Eye Hospital),train_images/0a61bddab956.png,1,Grade 1: Mild NPDR,train,54317a8a4de1104e5767188ece48e09dd05c09762424ae396641435621bd2831
475c7ded0f7a,APTOS-P0979,APTOS 2019 (Aravind Eye Hospital),train_images/475c7ded0f7a.png,2,Grade 2: Moderate NPDR,train,e929704aece45086b785da271a99b7aab2ac92e76ad62e263bd6db987ad0918d
064af6592ba6,APTOS-P0079,APTOS 2019 (Aravind Eye Hospital),train_images/064af6592ba6.png,2,Grade 2: Moderate NPDR,train,0ede69f7a060af6566c693c6d9c2508f158c4f72c31246a1aa71c4886fc86a59
31452ad8808c,APTOS-P0685,APTOS 2019 (Aravind Eye Hospital),train_images/31452ad8808c.png,2,Grade 2: Moderate NPDR,train,a4833bdb0a21610e1c577035e1e0b882779f9e0400184ad90524df8c49d9d8fc
c6a8f8f998a2,APTOS-P2769,APTOS 2019 (Aravind Eye Hospital),train_images/c6a8f8f998a2.png,0,Grade 0: No Apparent DR,train,12ea53a2503c5db2143028e14d3dd0891ee552e4a59dbacb6fd6e1740f78fe5d
84b88e8d3bca,APTOS-P1843,APTOS 2019 (Aravind Eye Hospital),train_images/84b88e8d3bca.png,0,Grade 0: No Apparent DR,val,aa0795307a77be7abc2e9d0cd572f32ef27a1679e87a29957cf671b98555e177
bcd503c726ba,APTOS-P2642,APTOS 2019 (Aravind Eye Hospital),train_images/bcd503c726ba.png,4,Grade 4: Proliferative DR,train,5c3415d592fec9fe4e5012b46cbfef524973bfbd1e3c70c141ef60eba6628ac7
83b61051737f,APTOS-P1824,APTOS 2019 (Aravind Eye Hospital),train_images/83b61051737f.png,2,Grade 2: Moderate NPDR,val,a37c12ce90be551b5244f56ef633b851fc8320428f82e85e9626db0649484a10
0a4e1a29ffff,APTOS-P0139,APTOS 2019 (Aravind Eye Hospital),train_images/0a4e1a29ffff.png,0,Grade 0: No Apparent DR,train,adbcf15100d4b42b42c9ca26e73132ae841a85245fc618b85f0a79e8fe2b2f87
c704bd669f36,APTOS-P2774,APTOS 2019 (Aravind Eye Hospital),train_images/c704bd669f36.png,0,Grade 0: No Apparent DR,train,1724acd269855a122dcb4e9b85a4c1802de9c268f1c458fcc6c1c7c9fe9f6b90
f3cd489acbee,APTOS-P3360,APTOS 2019 (Aravind Eye Hospital),train_images/f3cd489acbee.png,2,Grade 2: Moderate NPDR,train,e5436b2c9c23b6bed4617debbc7212a0bf5f9d3c0e7dfb18b25625d617248e40
09934421c79e,APTOS-P0129,APTOS 2019 (Aravind Eye Hospital),train_images/09934421c79e.png,0,Grade 0: No Apparent DR,train,55728228e166d2e2b16a5d5b369babef767c9c0a7446ef0413765870508b77bf
b746a6681ba9,APTOS-P2561,APTOS 2019 (Aravind Eye Hospital),train_images/b746a6681ba9.png,2,Grade 2: Moderate NPDR,test,6ea29f3c4e48cd89bc823b0fcc474f43e87e36d921f3d09283b7a9aba12704f6
1f15ca672675,APTOS-P0438,APTOS 2019 (Aravind Eye Hospital),train_images/1f15ca672675.png,0,Grade 0: No Apparent DR,test,9f7e831b6bf567f7d80aa3b3d547191a74e3f1ab465ff819cebcb44b2be8d2ec
e9286ddf6ffe,APTOS-P3227,APTOS 2019 (Aravind Eye Hospital),train_images/e9286ddf6ffe.png,1,Grade 1: Mild NPDR,train,d404b99f943bb4c3a085f6e3f8775bbd1a2a3257da29a3282afec7e1218d31c3
c81c6911f5e0,APTOS-P2787,APTOS 2019 (Aravind Eye Hospital),train_images/c81c6911f5e0.png,0,Grade 0: No Apparent DR,train,3941f2f02bd82a005452e9be3c5bec24c4ee03741c71c7a861e8489e0aadd9c2
a07d9a5045cb,APTOS-P2219,APTOS 2019 (Aravind Eye Hospital),train_images/a07d9a5045cb.png,0,Grade 0: No Apparent DR,test,b886eb4efc43c84960d5c0a91e2d5890b0d15c23bba71cfa4c73736fae297837
5a179c123fd8,APTOS-P1273,APTOS 2019 (Aravind Eye Hospital),train_images/5a179c123fd8.png,0,Grade 0: No Apparent DR,train,f614e3caa798637bebc1766cf08ce9a49e9b474576a465931a97a2d0eaa1208f
ee2c2a5f7d0e,APTOS-P1670,APTOS 2019 (Aravind Eye Hospital),train_images/ee2c2a5f7d0e.png,2,Grade 2: Moderate NPDR,val,de2fac56c6aed416269f4e2f11c8510287b1e5afc01844b12c2125707058f3ad
8c84e96d9b01,APTOS-P1952,APTOS 2019 (Aravind Eye Hospital),train_images/8c84e96d9b01.png,0,Grade 0: No Apparent DR,train,19a3248e7a754d5c7a39b07326c4fc9009c61670e77ae2b302595cf28606d415
8a81f62320d6,APTOS-P1920,APTOS 2019 (Aravind Eye Hospital),train_images/8a81f62320d6.png,0,Grade 0: No Apparent DR,test,15dc63737caa94b1c5305971b3bcae81833bead31b889db2824f3083d97f26e1
c5ba9e455d5e,APTOS-P2756,APTOS 2019 (Aravind Eye Hospital),train_images/c5ba9e455d5e.png,3,Grade 3: Severe NPDR,val,2510bc60a83335f38bd47e2e27311da7e850a2a450f4bd4d8c9835f757640b6f
4e54ccfd49b2,APTOS-P1090,APTOS 2019 (Aravind Eye Hospital),train_images/4e54ccfd49b2.png,0,Grade 0: No Apparent DR,train,9e59b939aa8a38dc9cecd2aa563e7bb46e31def46a50b28f1e48e43edf15d7ee
37c4dfe03aba,APTOS-P0766,APTOS 2019 (Aravind Eye Hospital),train_images/37c4dfe03aba.png,4,Grade 4: Proliferative DR,test,85b0bc96af03d40a33738b019b5f5274cf5862c12f9598d0968a41fc244d2fba
7b691d9ced34,APTOS-P1709,APTOS 2019 (Aravind Eye Hospital),train_images/7b691d9ced34.png,0,Grade 0: No Apparent DR,train,c18f714cda931014f20bb28943608bcc1b763899a365dc3995a9587cfe1083a5
5f6db235c04d,APTOS-P1344,APTOS 2019 (Aravind Eye Hospital),train_images/5f6db235c04d.png,0,Grade 0: No Apparent DR,train,dd23a00c4c1f55a22e7dccb70129aa5735570eeb0b17c6539d29314180db70b0
c1c8550508e0,APTOS-P1179,APTOS 2019 (Aravind Eye Hospital),train_images/c1c8550508e0.png,2,Grade 2: Moderate NPDR,val,a37d32df7feb5cf36ad15887b75938db6acb76035e2a8cf85061f2bc8212c9b7
1d74c4713e21,APTOS-P0409,APTOS 2019 (Aravind Eye Hospital),train_images/1d74c4713e21.png,0,Grade 0: No Apparent DR,test,0e7a6ea1d49fad7ad1274003c71c0f9536bc0d7971f4179450e55f7d8dcb1cf8
f35d80bb1a22,APTOS-P3350,APTOS 2019 (Aravind Eye Hospital),train_images/f35d80bb1a22.png,0,Grade 0: No Apparent DR,test,cf951442b27721d7037c79effa1ee01ceffd75b31e6fcd5e10103a09d4fe072d
d81338217fc5,APTOS-P2990,APTOS 2019 (Aravind Eye Hospital),train_images/d81338217fc5.png,2,Grade 2: Moderate NPDR,train,8609b91d6f676585d717d9631f3c45e86572481544c319b1cc78c4bd70e5862b
91a88d3b0358,APTOS-P2021,APTOS 2019 (Aravind Eye Hospital),train_images/91a88d3b0358.png,2,Grade 2: Moderate NPDR,train,fe8503fb8441da9739faa077e582338eff51cef9f890a95fb98a97a206ae284b
1d674e2e32e0,APTOS-P0408,APTOS 2019 (Aravind Eye Hospital),train_images/1d674e2e32e0.png,1,Grade 1: Mild NPDR,train,2981cdb55df4f99795bbf6502f522496e39ad18b04797e730010a61fddb11205
15528e740543,APTOS-P0281,APTOS 2019 (Aravind Eye Hospital),train_images/15528e740543.png,2,Grade 2: Moderate NPDR,train,5418f20ee401492737dda1a463a5ae2e311f837f17e9b98f5654c75d05182830
c38dec54a9f7,APTOS-P2725,APTOS 2019 (Aravind Eye Hospital),train_images/c38dec54a9f7.png,0,Grade 0: No Apparent DR,train,73c02e576e21c8a32c81737bad2cac185575ee60b340765f13a582e206da4a07
e251bdf05b85,APTOS-P3133,APTOS 2019 (Aravind Eye Hospital),train_images/e251bdf05b85.png,0,Grade 0: No Apparent DR,train,7e39737ab15993e8023da902d19cdb9e59005aa77b61fe657832c0582b5e2c17
82ac8463fadd,APTOS-P1808,APTOS 2019 (Aravind Eye Hospital),train_images/82ac8463fadd.png,1,Grade 1: Mild NPDR,val,f348983888b3b11685d00c4ec91b596ba42bc746ae526fe76baaa200129c0a76
61c667663f2f,APTOS-P1371,APTOS 2019 (Aravind Eye Hospital),train_images/61c667663f2f.png,0,Grade 0: No Apparent DR,train,b5dce61600a57691845911258eb1cf875259ba1952d231ca8891e7df47a4ae9e
9d98a0b585f2,APTOS-P2177,APTOS 2019 (Aravind Eye Hospital),train_images/9d98a0b585f2.png,2,Grade 2: Moderate NPDR,val,62f862c6448c1bf61b86473566ef05478171a6e7ac54c30adcc391d5d7568a4f
4350a1b2f3cb,APTOS-P0912,APTOS 2019 (Aravind Eye Hospital),train_images/4350a1b2f3cb.png,0,Grade 0: No Apparent DR,train,7fd9a97f3953d54d32eab5c73bcc5dd07a45dee62ec22c9d18b7f0c5fac17722
3f98be586fe3,APTOS-P0865,APTOS 2019 (Aravind Eye Hospital),train_images/3f98be586fe3.png,0,Grade 0: No Apparent DR,train,8d64d4009c4e6d3b22928e24aafc878edd8809cd680f9fa5d103647ebb2f79a7
1da4a17c18c9,APTOS-P0411,APTOS 2019 (Aravind Eye Hospital),train_images/1da4a17c18c9.png,0,Grade 0: No Apparent DR,train,c4ebbf8bca70a142e5e9f59d880833962aeec038b2ab06dacb874d6c3e754639
c2d2b4f536da,APTOS-P0433,APTOS 2019 (Aravind Eye Hospital),train_images/c2d2b4f536da.png,2,Grade 2: Moderate NPDR,val,5aacc9497bd6b7df5f98a50f887a300d74b6298a2a51839919e7f747b355fc00
4403538fb50f,APTOS-P0928,APTOS 2019 (Aravind Eye Hospital),train_images/4403538fb50f.png,0,Grade 0: No Apparent DR,val,ef9446e7487c3df5d3c3424359d94f7eb8130acf7bd9518e70eb3fb25cebb8ca
1c0e5dd1b14c,APTOS-P0379,APTOS 2019 (Aravind Eye Hospital),train_images/1c0e5dd1b14c.png,2,Grade 2: Moderate NPDR,val,11d2e4db01b7e5b0187c1c9d8ccda5254a4c87ef8b2c0ab5e56cf8a40d946ca0
4d17559ac1e2,APTOS-P1067,APTOS 2019 (Aravind Eye Hospital),train_images/4d17559ac1e2.png,0,Grade 0: No Apparent DR,val,f9bf66eb249be3a1ba40561fafd66fd100745e08415a81ac3333f0438d3411a2
8dc22e65c06f,APTOS-P1966,APTOS 2019 (Aravind Eye Hospital),train_images/8dc22e65c06f.png,1,Grade 1: Mild NPDR,train,474595ad7e3790c9d48c4c4c1361bacca163c2c5c914adb41352c6688c0e3f79
d2cd47ed2c1d,APTOS-P2930,APTOS 2019 (Aravind Eye Hospital),train_images/d2cd47ed2c1d.png,0,Grade 0: No Apparent DR,train,af7cbf5ba43b0a3b28b830d9b773094219f76339c92821d1d064003f09296f24
3c78bfca247b,APTOS-P0828,APTOS 2019 (Aravind Eye Hospital),train_images/3c78bfca247b.png,4,Grade 4: Proliferative DR,train,977ccd1cb426661ae422939b2dfbd66f68d9a149da8f7b176fd80d1062a03401
d48178e4a49b,APTOS-P2950,APTOS 2019 (Aravind Eye Hospital),train_images/d48178e4a49b.png,4,Grade 4: Proliferative DR,train,b06ddbaa0b77e1d805f0b8c4d6e058d474d3dc44dcdc207bc77f0f525972b039
d67374d3fa2a,APTOS-P2970,APTOS 2019 (Aravind Eye Hospital),train_images/d67374d3fa2a.png,2,Grade 2: Moderate NPDR,train,5f70cf5e857bfe47e4766fd7b322b37fa969a61767db43cdec82d2dc17f9b5b1
57a5e4274275,APTOS-P1233,APTOS 2019 (Aravind Eye Hospital),train_images/57a5e4274275.png,0,Grade 0: No Apparent DR,train,cb8820617d933145c1b3b59759fbcc5f714778634dbdd7833f09a51cc23766bb
1e1fb019710d,APTOS-P0424,APTOS 2019 (Aravind Eye Hospital),train_images/1e1fb019710d.png,2,Grade 2: Moderate NPDR,train,e17b873cf6e588af189ff27cb1222dc0d7170ae667c5c94dbd46842d7c3c4ffd
838b3e4d0bb4,APTOS-P1821,APTOS 2019 (Aravind Eye Hospital),train_images/838b3e4d0bb4.png,0,Grade 0: No Apparent DR,train,26c40fe4f6fd6dc6083446282b670f18461ccfae741b8d2aefa112e4a1d38fd4
b3a994760537,APTOS-P2508,APTOS 2019 (Aravind Eye Hospital),train_images/b3a994760537.png,0,Grade 0: No Apparent DR,train,3a6687ff8802a9b5bd44d477acd66b7acb6060e25e4e5301f81d89aa64f646b5
69b3a00927fc,APTOS-P1474,APTOS 2019 (Aravind Eye Hospital),train_images/69b3a00927fc.png,0,Grade 0: No Apparent DR,train,8c1ea3464c22ed7f5c8e222abdb6894d473248bee4b64796ac632cca3153d3a6
266fbefa58fb,APTOS-P0537,APTOS 2019 (Aravind Eye Hospital),train_images/266fbefa58fb.png,0,Grade 0: No Apparent DR,train,25ee3781e094375eb885defdb97fae538f05b688fec5ec9a76824477d589afed
b468ebf5cb11,APTOS-P2517,APTOS 2019 (Aravind Eye Hospital),train_images/b468ebf5cb11.png,2,Grade 2: Moderate NPDR,val,28655ae56c98b379783618b9b810b3dd6dd8ab2c6e9f79984e182425c7632aa1
98e8adcf085c,APTOS-P0036,APTOS 2019 (Aravind Eye Hospital),train_images/98e8adcf085c.png,2,Grade 2: Moderate NPDR,train,f98f071cbbc8ae21865b01f4836f899bee5ef0aa3245f80f1ed959e82f139364
a47432cd41e7,APTOS-P0429,APTOS 2019 (Aravind Eye Hospital),train_images/a47432cd41e7.png,1,Grade 1: Mild NPDR,val,b8033f37dcd960b3e150938bd55277dc6474e3f6e87f7eaecc7164caf2d361ed
8273fdb4405e,APTOS-P1806,APTOS 2019 (Aravind Eye Hospital),train_images/8273fdb4405e.png,1,Grade 1: Mild NPDR,train,7ec7b2d1772ea06fd32ddaddfd992580ef5b86ba1d5a43f5aa2ad9e74d957fa0
286e9981dd9b,APTOS-P0567,APTOS 2019 (Aravind Eye Hospital),train_images/286e9981dd9b.png,0,Grade 0: No Apparent DR,train,f9bfe6aaea4df1bc7bc734a1281d4db164f5a536645f59b3e90d4f589900b451
ace2281f00c4,APTOS-P2413,APTOS 2019 (Aravind Eye Hospital),train_images/ace2281f00c4.png,0,Grade 0: No Apparent DR,val,7e524b404a0e5f2a343a701358ac25fcb07e76a42f4c0c179cf4e7370cb78444
3a643599f852,APTOS-P0801,APTOS 2019 (Aravind Eye Hospital),train_images/3a643599f852.png,0,Grade 0: No Apparent DR,val,1c4f9461cc18f115ae345dd146501c8f727db6fe61b42ee1f4f85fc8ae9cccea
51aa3361294c,APTOS-P1147,APTOS 2019 (Aravind Eye Hospital),train_images/51aa3361294c.png,0,Grade 0: No Apparent DR,val,576c7234b50ab18bd946e3e00d36f0444632d637386dad684aa7b1b3b358daea
756b0d6488bb,APTOS-P1625,APTOS 2019 (Aravind Eye Hospital),train_images/756b0d6488bb.png,1,Grade 1: Mild NPDR,test,20246538d9aea55de386cf861bda7e944d172071bf0b5b524ad1b918fb985cd4
a6731dd737af,APTOS-P2308,APTOS 2019 (Aravind Eye Hospital),train_images/a6731dd737af.png,0,Grade 0: No Apparent DR,test,1e1eee5715791c2545ab4e0e48ad6694af96c60d81b08dc9aa316c06af401354
6cb96a6fb029,APTOS-P1512,APTOS 2019 (Aravind Eye Hospital),train_images/6cb96a6fb029.png,0,Grade 0: No Apparent DR,val,c6b2fc3e76e97cae0f3caa133fcc1e46b334f3ce98be2ab371ff5efea80f7b90
85cbb84ac8e0,APTOS-P1852,APTOS 2019 (Aravind Eye Hospital),train_images/85cbb84ac8e0.png,4,Grade 4: Proliferative DR,train,41bb256e98d599d15f97aa2d032bb5b7661e254cb28dfb72f2ebb2169549e600
a66c3165876f,APTOS-P2306,APTOS 2019 (Aravind Eye Hospital),train_images/a66c3165876f.png,2,Grade 2: Moderate NPDR,train,470fc49a4cd491290cb9ca9d4429664d6095a4a1e0359c5a36958cbd54feffeb
5b72ff04333d,APTOS-P1292,APTOS 2019 (Aravind Eye Hospital),train_images/5b72ff04333d.png,1,Grade 1: Mild NPDR,train,3629936b4ff336e0c3ea735b222bdc86519a3864d0c1435b5c36fd3d07b68b10
6733544ae7a6,APTOS-P1444,APTOS 2019 (Aravind Eye Hospital),train_images/6733544ae7a6.png,2,Grade 2: Moderate NPDR,test,cafeb5561dc8b5d94715b9c42d603520ffcf65edb99f414948b8c4ac186cfd72
3ca12e02dd4e,APTOS-P0830,APTOS 2019 (Aravind Eye Hospital),train_images/3ca12e02dd4e.png,0,Grade 0: No Apparent DR,train,786e7c639d31d38686b33f44070936d8d58ea8a5f9a2a433133ff7a20958720d
e4a44f9158dc,APTOS-P3165,APTOS 2019 (Aravind Eye Hospital),train_images/e4a44f9158dc.png,0,Grade 0: No Apparent DR,test,67122774f09cd6b2fd7625f68cfe6f99a25bc9281295aa71fcaa71ab692105b9
0097f532ac9f,APTOS-P0007,APTOS 2019 (Aravind Eye Hospital),train_images/0097f532ac9f.png,0,Grade 0: No Apparent DR,train,99edd7fa47d629e90c5e62379beb0198c46d96e4e36c700e3593ad061f6367f4
1c4d87baaffc,APTOS-P0383,APTOS 2019 (Aravind Eye Hospital),train_images/1c4d87baaffc.png,2,Grade 2: Moderate NPDR,train,e4691351c0bb2605367ec2c121710fb7874a0e901cb3989b0216200f94d5a028
7269a1d84a57,APTOS-P1590,APTOS 2019 (Aravind Eye Hospital),train_images/7269a1d84a57.png,0,Grade 0: No Apparent DR,train,7a6bf3490d2f89e2780464887f3c325a9b2ac416207bfd415e1f54262f5bb553
8114d6a160df,APTOS-P1794,APTOS 2019 (Aravind Eye Hospital),train_images/8114d6a160df.png,1,Grade 1: Mild NPDR,train,3205b95533e8bf11ec5b596c950fe881aeabd5bf2c9c7312e87a36d8bde7cc24
2923971566fe,APTOS-P0580,APTOS 2019 (Aravind Eye Hospital),train_images/2923971566fe.png,0,Grade 0: No Apparent DR,train,fda6d79512e73f716c440b0eea4a63e0275661924b6046a03a99dfa93bff80b0
6165081b9021,APTOS-P0902,APTOS 2019 (Aravind Eye Hospital),train_images/6165081b9021.png,1,Grade 1: Mild NPDR,train,7aff1e453697ca024ca56aedd6ceeddf7e59b583f5bb8d9991539a333fdbdf1b
69f43381317b,APTOS-P1477,APTOS 2019 (Aravind Eye Hospital),train_images/69f43381317b.png,0,Grade 0: No Apparent DR,train,62ee3cb5ec1b547ba862be3044b0b03cb7d283291dd9b0fe014f3ce61c0edeeb
8dfa629ca74e,APTOS-P1967,APTOS 2019 (Aravind Eye Hospital),train_images/8dfa629ca74e.png,2,Grade 2: Moderate NPDR,test,e13dba8cfaf3d596a0446145ed19fa3217d66b412fd5f446a6370183be15964c
6889bc64ab09,APTOS-P1464,APTOS 2019 (Aravind Eye Hospital),train_images/6889bc64ab09.png,2,Grade 2: Moderate NPDR,train,e42fd37d3260428ae6cedd4ebef377452e5135d1ce754937e94a1ebc5b18e232
7d1da90d3ca9,APTOS-P1733,APTOS 2019 (Aravind Eye Hospital),train_images/7d1da90d3ca9.png,2,Grade 2: Moderate NPDR,train,c9c3e83a88e033d64aba280b3292a2d36f2172d9d97365f64362fed018a32cd7
d51e5d7484ea,APTOS-P2956,APTOS 2019 (Aravind Eye Hospital),train_images/d51e5d7484ea.png,0,Grade 0: No Apparent DR,val,8ddc90eb9100df01d73e9087627f7a4b2dec715c7315e6b47a9fe4b590d623c7
a6d45de20e4d,APTOS-P2312,APTOS 2019 (Aravind Eye Hospital),train_images/a6d45de20e4d.png,4,Grade 4: Proliferative DR,test,6894ec9bacedf342d311dda3f3a8e69626bf5cd7e68a6386711e0d6803121bc2
5cc6dea19614,APTOS-P1311,APTOS 2019 (Aravind Eye Hospital),train_images/5cc6dea19614.png,2,Grade 2: Moderate NPDR,train,6042ba0d780385aa4b6f0763119d0c85333800b142cab5ab49b404a64d8191a3
b22354b5f94b,APTOS-P2495,APTOS 2019 (Aravind Eye Hospital),train_images/b22354b5f94b.png,1,Grade 1: Mild NPDR,val,6354370529750a6887e53bcb502988e9532e90c498abe985b05da096a221cd0a
b0d35981708b,APTOS-P2479,APTOS 2019 (Aravind Eye Hospital),train_images/b0d35981708b.png,2,Grade 2: Moderate NPDR,train,9da54826cfbf853983c22981aa413b241c8b51353df09f95dab308982eee5e1c
4a0890b08532,APTOS-P1015,APTOS 2019 (Aravind Eye Hospital),train_images/4a0890b08532.png,2,Grade 2: Moderate NPDR,train,e23bb6e1a44584fee4af3241f9fe251e7cd35ec84e8e6adfa69642c27b96853e
d332d7b8a26e,APTOS-P2936,APTOS 2019 (Aravind Eye Hospital),train_images/d332d7b8a26e.png,0,Grade 0: No Apparent DR,test,c430c4284f502656940c464f76a53001663c2190c232e330c3f29a44b6f0edb5
b402daa0864c,APTOS-P2514,APTOS 2019 (Aravind Eye Hospital),train_images/b402daa0864c.png,2,Grade 2: Moderate NPDR,train,1d2ce620628db2b575f1ed9b6ee9d9e39ddf3ea71cc860f9f638c1d3c9ea5f18
8ff2733f6aef,APTOS-P1994,APTOS 2019 (Aravind Eye Hospital),train_images/8ff2733f6aef.png,2,Grade 2: Moderate NPDR,val,1b9109d55df5a33adedd6e9fcb244481d90ca8c8f32e00d76aa3fb25cc590b1c
e9f3c85a2a02,APTOS-P3237,APTOS 2019 (Aravind Eye Hospital),train_images/e9f3c85a2a02.png,0,Grade 0: No Apparent DR,val,21b9a052290105fef8b7b893af75f71d9180bf2e896231f5a989453d79e70410
82e5bc01f8a4,APTOS-P1812,APTOS 2019 (Aravind Eye Hospital),train_images/82e5bc01f8a4.png,0,Grade 0: No Apparent DR,train,6ccfe93d0f7a7ba3e940c559d6e6f7109e32918f012ae6a7f4890d72fc3c6140
e0863b353093,APTOS-P3106,APTOS 2019 (Aravind Eye Hospital),train_images/e0863b353093.png,2,Grade 2: Moderate NPDR,train,e1f6912b604d17310115682b4786f04d3ab7ca7f6a936c3439f5f03f0fb27743
4ce74e5eb51d,APTOS-P1062,APTOS 2019 (Aravind Eye Hospital),train_images/4ce74e5eb51d.png,2,Grade 2: Moderate NPDR,train,19d75efa19f050bbeb8f2e6137f2267de981b29d8801ee671279daf9c1d25676
0e94cd271c00,APTOS-P0198,APTOS 2019 (Aravind Eye Hospital),train_images/0e94cd271c00.png,0,Grade 0: No Apparent DR,test,64e2269ef1be8f339346c883407f9308a95cb806856526b854ce843add7654bb
3abac0961bfd,APTOS-P0804,APTOS 2019 (Aravind Eye Hospital),train_images/3abac0961bfd.png,0,Grade 0: No Apparent DR,train,1ee4f621dc01ce9ea2fc7c9f85153e40ededb3c9025369e74af75e23ecf0600d
af345c68e836,APTOS-P2454,APTOS 2019 (Aravind Eye Hospital),train_images/af345c68e836.png,0,Grade 0: No Apparent DR,train,0691adbe4086fff0e89e6046077b3844a580a02d90e7f9b0dfe2d876e6bebfb2
668a319c2d23,APTOS-P1066,APTOS 2019 (Aravind Eye Hospital),train_images/668a319c2d23.png,0,Grade 0: No Apparent DR,train,cd8a49c89b848535784a352cb718ded4a31224bd4a628c5f181c94b9741912b8
c26f98f58350,APTOS-P2716,APTOS 2019 (Aravind Eye Hospital),train_images/c26f98f58350.png,0,Grade 0: No Apparent DR,train,3febd5a4d6c7f7382189623cc07af2b641245ab35a3e81e89d93edfa3cf20731
6d5a8362dd1e,APTOS-P1527,APTOS 2019 (Aravind Eye Hospital),train_images/6d5a8362dd1e.png,0,Grade 0: No Apparent DR,train,62cfc84430157a29955cdd508c32cf0a4c768e674242d38177a3494cc8268bea
b086c7cd3868,APTOS-P2473,APTOS 2019 (Aravind Eye Hospital),train_images/b086c7cd3868.png,0,Grade 0: No Apparent DR,train,72f0aa228ae345bf8e5232daf0a4a30dccbdb92e399b797f4aad92c6735b2b6c
254052cf3e48,APTOS-P0519,APTOS 2019 (Aravind Eye Hospital),train_images/254052cf3e48.png,4,Grade 4: Proliferative DR,train,a3b324e42e68f30d0a93d407ff8ffeadadade7f7fd54b057e2530634037cb03d
b200c23b299b,APTOS-P2493,APTOS 2019 (Aravind Eye Hospital),train_images/b200c23b299b.png,0,Grade 0: No Apparent DR,train,84e832dfd9396196bb33b9f515a391ae07f8e7c4008a796d403ea5b7c24678c3
b77b88926843,APTOS-P2565,APTOS 2019 (Aravind Eye Hospital),train_images/b77b88926843.png,0,Grade 0: No Apparent DR,train,dbd123e395a99e15d4e2d43f0af31683c30936c713c90c10aa70d037597c5037
9095d43fb132,APTOS-P2006,APTOS 2019 (Aravind Eye Hospital),train_images/9095d43fb132.png,0,Grade 0: No Apparent DR,test,bf58d4a53c286aa37d738835a50e76cca1dc7cef77592f5b9221c243415bc372
a87f53bc984a,APTOS-P2339,APTOS 2019 (Aravind Eye Hospital),train_images/a87f53bc984a.png,2,Grade 2: Moderate NPDR,train,18718d5a3df605e5553c9794237cfa2624de9b27c862a20abcaed099e4d655ec
ae2c3f6312ef,APTOS-P2433,APTOS 2019 (Aravind Eye Hospital),train_images/ae2c3f6312ef.png,0,Grade 0: No Apparent DR,test,8c52681aeddf6d9c6affcbbffb04a995076dc9c4e7be8b5a5e88be8692aa774e
2d558de2cabe,APTOS-P0638,APTOS 2019 (Aravind Eye Hospital),train_images/2d558de2cabe.png,0,Grade 0: No Apparent DR,train,43e923e6c323097f41358a0fb4b1e5137a77ee0b4d943326491e407c66eef2b2
2209daf71aab,APTOS-P0474,APTOS 2019 (Aravind Eye Hospital),train_images/2209daf71aab.png,0,Grade 0: No Apparent DR,val,7a5b3de765f919bd4f8625113832182302d6eb236ed4affaa11643bf36bedbc2
0edadb2aa127,APTOS-P0201,APTOS 2019 (Aravind Eye Hospital),train_images/0edadb2aa127.png,3,Grade 3: Severe NPDR,train,feab1005a8023bb22a2c852b19804a0f4fcc9511f06b27919a0ce1699613e86d
96a9706b8534,APTOS-P2078,APTOS 2019 (Aravind Eye Hospital),train_images/96a9706b8534.png,1,Grade 1: Mild NPDR,train,3e00bcf32b4abe1f9e35ce1be7aa2c1989935fe56f99406c2f9162ed4618db5d
d94e10f42861,APTOS-P3013,APTOS 2019 (Aravind Eye Hospital),train_images/d94e10f42861.png,2,Grade 2: Moderate NPDR,train,c2f02cf0c23cee3db470d5ca2c18fca0017779e99b4883765954c3475f89a233
a763661f98a5,APTOS-P2318,APTOS 2019 (Aravind Eye Hospital),train_images/a763661f98a5.png,3,Grade 3: Severe NPDR,train,d4acfa2448462e1989f20305cdce0b6b99232a416260d1255e32b947a8934d51
1d11794057ff,APTOS-P0400,APTOS 2019 (Aravind Eye Hospital),train_images/1d11794057ff.png,1,Grade 1: Mild NPDR,test,721eb0a01046cc8dc80c5f03ffb866bc77b23a9cb9608e52d80a5cc1688e2b07
437900a99871,APTOS-P0918,APTOS 2019 (Aravind Eye Hospital),train_images/437900a99871.png,2,Grade 2: Moderate NPDR,train,ae38e6dcde7ea19909cc0db30792f0c6eed8a8d87f74afbc8ee26592004d9f7f
2017cd92c63d,APTOS-P0453,APTOS 2019 (Aravind Eye Hospital),train_images/2017cd92c63d.png,4,Grade 4: Proliferative DR,test,1506f47f4475dba78ec492ddb6240636b20f79ef325ffaf202d893c8220828d7
50840c36f0b4,APTOS-P1125,APTOS 2019 (Aravind Eye Hospital),train_images/50840c36f0b4.png,1,Grade 1: Mild NPDR,train,a40215676c83c75acae8d961fb6db85ad3d5387605c5480d93f0ae2d2a3c3321
4dd5d5ccddcf,APTOS-P1080,APTOS 2019 (Aravind Eye Hospital),train_images/4dd5d5ccddcf.png,1,Grade 1: Mild NPDR,train,40bc1fd3fe9cce7ccb35f66f19b456a6ff7bd4804834b858d87c08d96403b485
addf66a50f42,APTOS-P2430,APTOS 2019 (Aravind Eye Hospital),train_images/addf66a50f42.png,0,Grade 0: No Apparent DR,train,ac717dcebd9a03fb9b497938840a6948925b00b940d8b12b66eef48823d8def5
44f4ae58990e,APTOS-P0948,APTOS 2019 (Aravind Eye Hospital),train_images/44f4ae58990e.png,2,Grade 2: Moderate NPDR,train,5b94cfd37525e8fc4f26b7612ea9dd2de745b39d33b2b9ec2665a4d6d8f92a61
697538183db5,APTOS-P1471,APTOS 2019 (Aravind Eye Hospital),train_images/697538183db5.png,3,Grade 3: Severe NPDR,test,69cd6dbbba68fea66e010950f4be27fafa89e10443fd79f736856cc7040cdee7
9cc6b1f9bcbd,APTOS-P2169,APTOS 2019 (Aravind Eye Hospital),train_images/9cc6b1f9bcbd.png,4,Grade 4: Proliferative DR,train,9560f7bd588cbe0cd7417f2d964cf2b204a54bfcc79511043aed1588c09dbbd6
7ee6de71c140,APTOS-P1757,APTOS 2019 (Aravind Eye Hospital),train_images/7ee6de71c140.png,0,Grade 0: No Apparent DR,val,9f78e62059d58a22216813ce639f70d7059daefcd5ae73defd558991566fa2d0
ffcf7b45f213,APTOS-P3506,APTOS 2019 (Aravind Eye Hospital),train_images/ffcf7b45f213.png,2,Grade 2: Moderate NPDR,train,bf7f9cca2a96647b1d50a8c94b6d79c5ea7b5c81b6c2cd16f9a70af16080f440
5069feccd866,APTOS-P1122,APTOS 2019 (Aravind Eye Hospital),train_images/5069feccd866.png,0,Grade 0: No Apparent DR,train,d8ef758466e88e4da803a97d96d2be6051dcfa87a139a2c6795dbca7cb365fd9
92fcf50b3562,APTOS-P2040,APTOS 2019 (Aravind Eye Hospital),train_images/92fcf50b3562.png,0,Grade 0: No Apparent DR,train,174fcfc89fdb6c9d08382edbccb3f17ad40f3db044be5543278c5c909378315a
ea588d1e5d96,APTOS-P3244,APTOS 2019 (Aravind Eye Hospital),train_images/ea588d1e5d96.png,2,Grade 2: Moderate NPDR,train,14fd67ddc3fa48e949529f6cfc1add1f6e9a157dd65754fe928c2bb3668f9e20
57469423a012,APTOS-P1229,APTOS 2019 (Aravind Eye Hospital),train_images/57469423a012.png,2,Grade 2: Moderate NPDR,train,1e640d848adff3200a223dfa2882c4a88f5ee7306fa0b8b280ed3737cfb69d67
f361060eda3e,APTOS-P3351,APTOS 2019 (Aravind Eye Hospital),train_images/f361060eda3e.png,0,Grade 0: No Apparent DR,train,409044fcfbb378bce9773a93c2e8a556a0f37befdd4c710f57e06584a761455a
51cd8d2057fa,APTOS-P1150,APTOS 2019 (Aravind Eye Hospital),train_images/51cd8d2057fa.png,0,Grade 0: No Apparent DR,test,69148523e28099df214eeeb4fe08a01cd9b0218cf73770149f3c93ef836eb7cf
9c72ed6befa0,APTOS-P2167,APTOS 2019 (Aravind Eye Hospital),train_images/9c72ed6befa0.png,4,Grade 4: Proliferative DR,test,bc4baf034ed0647c79954c65e388e604d797d3788910b9e73e22d566dcf38557
f90f8931a9bc,APTOS-P3429,APTOS 2019 (Aravind Eye Hospital),train_images/f90f8931a9bc.png,0,Grade 0: No Apparent DR,train,d983bcef920bce1c3a0c437de34f3ce802ead8957050067d5a5eb6b38a19fd5c
e42d9a94a66d,APTOS-P3160,APTOS 2019 (Aravind Eye Hospital),train_images/e42d9a94a66d.png,0,Grade 0: No Apparent DR,val,952c51aadcfbb43bb9dde7d07ea9e3a760d3a9d97d75f4a46f8d8730e1eac3f3
5f4a8c074bd5,APTOS-P1342,APTOS 2019 (Aravind Eye Hospital),train_images/5f4a8c074bd5.png,0,Grade 0: No Apparent DR,train,28161f07782e6868162f80452de6c00329e69c1835a0d43244c253bd95f5d556
ac2c814949f9,APTOS-P2407,APTOS 2019 (Aravind Eye Hospital),train_images/ac2c814949f9.png,2,Grade 2: Moderate NPDR,train,b85bef2fb6a1a543b2a5101e06d9cb5a10ae4dcf6ea5817eaa5675f7fb86e1d0
6baafa56895c,APTOS-P1496,APTOS 2019 (Aravind Eye Hospital),train_images/6baafa56895c.png,3,Grade 3: Severe NPDR,val,5854ed5fefcb7c821f468cbb642b67a1a75c68ed2010632b0b2742c44e7d8ffc
f531232ecb55,APTOS-P3376,APTOS 2019 (Aravind Eye Hospital),train_images/f531232ecb55.png,0,Grade 0: No Apparent DR,train,1e248014894d25de0a87606081b129b2d82428e6dc45ad9fc3497eeac85c69f6
7c2f820a6425,APTOS-P1720,APTOS 2019 (Aravind Eye Hospital),train_images/7c2f820a6425.png,2,Grade 2: Moderate NPDR,train,6627853da9fe6a60f35e5f9cf183906a7e4d56bc7e70767087b41fde4650791a
8eeac97f02f0,APTOS-P1983,APTOS 2019 (Aravind Eye Hospital),train_images/8eeac97f02f0.png,4,Grade 4: Proliferative DR,train,5af3e42d57a527c4ca171ca0069620f2c1cb7e5ae8bb008a4cc126ec3835079b
cac40227d3b2,APTOS-P0020,APTOS 2019 (Aravind Eye Hospital),train_images/cac40227d3b2.png,2,Grade 2: Moderate NPDR,train,b313f795e0590a8401ae32dbccc56759476a5e1428bdc4ec86daec0e242eb1cb
d99b0f7dd9b9,APTOS-P3019,APTOS 2019 (Aravind Eye Hospital),train_images/d99b0f7dd9b9.png,0,Grade 0: No Apparent DR,train,49c9c2b22ef855fbec12c62f7a287457233d2bc703ce20037b1c31a18dd01d28
5c85d22bd0de,APTOS-P1306,APTOS 2019 (Aravind Eye Hospital),train_images/5c85d22bd0de.png,0,Grade 0: No Apparent DR,train,63bfbc53b316b1665e945f0d8d5f7fb47a692999e426cc79274ed9bd564bc333
a188c60b93fb,APTOS-P2241,APTOS 2019 (Aravind Eye Hospital),train_images/a188c60b93fb.png,0,Grade 0: No Apparent DR,val,396d7323c5f11f12fd0efbfeb157364660619df6e700d51a928e7f06443acb99
f0800723bc63,APTOS-P3325,APTOS 2019 (Aravind Eye Hospital),train_images/f0800723bc63.png,2,Grade 2: Moderate NPDR,test,3a064744050a52e6ca5e9b7c05cbc07ca3ec3239b6e57fba4749a5456dd83c50
a879c3569552,APTOS-P2338,APTOS 2019 (Aravind Eye Hospital),train_images/a879c3569552.png,2,Grade 2: Moderate NPDR,test,17edbea3397fa722217f35154645b629f2d5e6e829c45f18107a2ca9b6445097
a0b7ad98df57,APTOS-P2224,APTOS 2019 (Aravind Eye Hospital),train_images/a0b7ad98df57.png,0,Grade 0: No Apparent DR,train,b7881217998561f0e292dbbf332560329c86f3719caead6392c118d5842bbac1
5511f114e7ee,APTOS-P1211,APTOS 2019 (Aravind Eye Hospital),train_images/5511f114e7ee.png,0,Grade 0: No Apparent DR,val,5a4845467c0315ece7030e89ad65a6c330a1de5151673ef2d4cbf8d02d394e36
207dd0487264,APTOS-P0460,APTOS 2019 (Aravind Eye Hospital),train_images/207dd0487264.png,0,Grade 0: No Apparent DR,test,633954f35ceaa8ce50b3818ea4558634d3f7e11a9d0b6f113282dfbb6943df8e
891329021e12,APTOS-P1900,APTOS 2019 (Aravind Eye Hospital),train_images/891329021e12.png,0,Grade 0: No Apparent DR,train,2b9118fce02cd6ca6b3b7d167b32884fe8c8c46698a2ed821297d58d3756e794
8c7c26c52a6c,APTOS-P1951,APTOS 2019 (Aravind Eye Hospital),train_images/8c7c26c52a6c.png,4,Grade 4: Proliferative DR,train,555b304fe74ffb304b4c27c0acb2884990580ca1bcb568ac3ef70ad599864a91
5cf9127f251a,APTOS-P1314,APTOS 2019 (Aravind Eye Hospital),train_images/5cf9127f251a.png,2,Grade 2: Moderate NPDR,val,92676402cbecb41669daaf865c429c28ff97af1f837bd7d187566041e6f6dfef
f6f3ea0d2693,APTOS-P0431,APTOS 2019 (Aravind Eye Hospital),train_images/f6f3ea0d2693.png,4,Grade 4: Proliferative DR,train,bb943bd44b3260fb2ab23f69ce708669de84254ecd57fbedfc5f8d09263d79fc
8ae049175db6,APTOS-P1930,APTOS 2019 (Aravind Eye Hospital),train_images/8ae049175db6.png,4,Grade 4: Proliferative DR,train,2b7e35fc75a755fc9d8f92584a2ca08b187c7c2cb2f0c796865199f263ae9b59
042470a92154,APTOS-P0057,APTOS 2019 (Aravind Eye Hospital),train_images/042470a92154.png,3,Grade 3: Severe NPDR,train,a72fe25cb888318432b49b370e1b25abb9c1f5e87f7c15bf454b185111753a80
870f433e8f37,APTOS-P1868,APTOS 2019 (Aravind Eye Hospital),train_images/870f433e8f37.png,0,Grade 0: No Apparent DR,train,9663a149ceacf0f0fc0c549ef9ade6cf381722ab9fcfac6fac5485213984a6de
57a710de68a4,APTOS-P1235,APTOS 2019 (Aravind Eye Hospital),train_images/57a710de68a4.png,0,Grade 0: No Apparent DR,train,e2700dd3b79f768626087ed9654a500d43b4e6008bed3a6b8499bc26c69d442b
e29e54ff921e,APTOS-P3139,APTOS 2019 (Aravind Eye Hospital),train_images/e29e54ff921e.png,0,Grade 0: No Apparent DR,val,51501912c46a1d348a631c49d71783cd2ebc81453ed87db35af38645195d8480
80dbeb0fdc75,APTOS-P1786,APTOS 2019 (Aravind Eye Hospital),train_images/80dbeb0fdc75.png,0,Grade 0: No Apparent DR,train,edadb87fd67fd4a4bfaa7599febe281bd017ab25e892c76eb660869201be7004
26d60db3bbfd,APTOS-P0543,APTOS 2019 (Aravind Eye Hospital),train_images/26d60db3bbfd.png,0,Grade 0: No Apparent DR,train,33b3c8c4847761902f7315976f8b3e74ce8859440540899e32a3c95b052191ff
afc345cc9145,APTOS-P2464,APTOS 2019 (Aravind Eye Hospital),train_images/afc345cc9145.png,0,Grade 0: No Apparent DR,train,8a0c0fcfadcfa618f9c5f0903655e0f7f01cecc0f9e3dc46cd4098867c888c80
7ad0c4975890,APTOS-P1701,APTOS 2019 (Aravind Eye Hospital),train_images/7ad0c4975890.png,0,Grade 0: No Apparent DR,test,7310ee39367e5424b5098fc800b7938c5f16f5819fe250ce0039138ba8169d2c
28f98cfe3858,APTOS-P0575,APTOS 2019 (Aravind Eye Hospital),train_images/28f98cfe3858.png,1,Grade 1: Mild NPDR,train,53d233739830b730aeafbc962e61245a561476dba2c1057b3956074ac4db15af
613028ede6a0,APTOS-P1360,APTOS 2019 (Aravind Eye Hospital),train_images/613028ede6a0.png,4,Grade 4: Proliferative DR,test,dbb7a7cdab1a4acf5d717c53a5bb67860c4fa57636eba8f450dc3a2f45737926
d66b6f333dc7,APTOS-P2968,APTOS 2019 (Aravind Eye Hospital),train_images/d66b6f333dc7.png,1,Grade 1: Mild NPDR,train,4fe14b2eedc49f9e6897b4575b689e70e982e854a7cae4db9ad740ffe6b2df6d
ea05c22d92e9,APTOS-P2806,APTOS 2019 (Aravind Eye Hospital),train_images/ea05c22d92e9.png,2,Grade 2: Moderate NPDR,train,691a34ea10421d15753335dfd676c17c81c5e72025c25f2916ed00dae09faea9
aed4e743c230,APTOS-P2450,APTOS 2019 (Aravind Eye Hospital),train_images/aed4e743c230.png,2,Grade 2: Moderate NPDR,val,3d1f5c21f0fa1d16861ce3c34589dce2ba7b47340777bdfdfc2e2e603c5b908a
f69835dc7c50,APTOS-P3401,APTOS 2019 (Aravind Eye Hospital),train_images/f69835dc7c50.png,4,Grade 4: Proliferative DR,train,0beac0efd2f78c759bf3ce51ae9ecdfbcbbe7fb335afaefd91ff54ee2ed24321
0773a1c326ad,APTOS-P0093,APTOS 2019 (Aravind Eye Hospital),train_images/0773a1c326ad.png,0,Grade 0: No Apparent DR,train,f4c9b8e18854506c7d0f86e8f7bd403c264f70d50a6721686e188d08dc54c135
cd54d022e37d,APTOS-P2857,APTOS 2019 (Aravind Eye Hospital),train_images/cd54d022e37d.png,4,Grade 4: Proliferative DR,val,f915db0b2d1fc91bd35b984cab7e5af76b757432e3103eed7c50d3580bfcafff
941d874c8afb,APTOS-P2054,APTOS 2019 (Aravind Eye Hospital),train_images/941d874c8afb.png,0,Grade 0: No Apparent DR,train,43a6e862a5b21f7292fa29180d1ce1947b33cd04c1146ed4a637885e04e01782
e632e38fd2d4,APTOS-P3189,APTOS 2019 (Aravind Eye Hospital),train_images/e632e38fd2d4.png,0,Grade 0: No Apparent DR,train,36f909c79147764d0455315ab54c52c3ef9643150799814e9215953177a77af0
25b4080f598b,APTOS-P0524,APTOS 2019 (Aravind Eye Hospital),train_images/25b4080f598b.png,0,Grade 0: No Apparent DR,train,802c4ce022d996143852dd9b00fd5a105fed0a5d0d7fb3a096edc7c2cf52b538
9c14ce27cbfc,APTOS-P2163,APTOS 2019 (Aravind Eye Hospital),train_images/9c14ce27cbfc.png,0,Grade 0: No Apparent DR,train,dbcfe3cd6664c3b689be9ea88501499dabbb408ee0802d13a2d15d43d5c4b745
bfaa0080ab61,APTOS-P2683,APTOS 2019 (Aravind Eye Hospital),train_images/bfaa0080ab61.png,2,Grade 2: Moderate NPDR,test,a0b3028363df03802c10875fe31985c41cbb00c6f860961d881dec0e2d652cf6
62cc7ddb53b6,APTOS-P1385,APTOS 2019 (Aravind Eye Hospital),train_images/62cc7ddb53b6.png,2,Grade 2: Moderate NPDR,train,3564d0b6f8005a9e6de7872b038970e15b55ee88ed977b70fbe0344af3a42947
c21eb81de9fc,APTOS-P2710,APTOS 2019 (Aravind Eye Hospital),train_images/c21eb81de9fc.png,0,Grade 0: No Apparent DR,val,5f481ab051ba9371cf1d5a1880eaf12204dc77cb381f409813eb16adff08cbcb
7c629b491d1a,APTOS-P1723,APTOS 2019 (Aravind Eye Hospital),train_images/7c629b491d1a.png,4,Grade 4: Proliferative DR,train,376029b88fc5c9b289fb0d09aff93b4c1062dfeb82f068518180fcfccbdf8f73
e1418d28d668,APTOS-P3115,APTOS 2019 (Aravind Eye Hospital),train_images/e1418d28d668.png,2,Grade 2: Moderate NPDR,train,14fbd0ec9b5eee5bb9fc737c6a8755b925c596fad9785e205c22634db534d4a4
41ab357d103f,APTOS-P0893,APTOS 2019 (Aravind Eye Hospital),train_images/41ab357d103f.png,0,Grade 0: No Apparent DR,train,8342249ddb7a5406816a01815a786bb42abf0cd482678c78f778c0e589deb30e
6061f5b7378d,APTOS-P1348,APTOS 2019 (Aravind Eye Hospital),train_images/6061f5b7378d.png,3,Grade 3: Severe NPDR,val,b3d40dcd405969075319162edf316668d52324358048130d62ebe5af7e0518b7
6bcce181be65,APTOS-P1498,APTOS 2019 (Aravind Eye Hospital),train_images/6bcce181be65.png,0,Grade 0: No Apparent DR,val,7f092f790f240e411dd386855458979ed62b5507d9700a73cacf7f55ed8e51f7
3079490a4b9c,APTOS-P0675,APTOS 2019 (Aravind Eye Hospital),train_images/3079490a4b9c.png,0,Grade 0: No Apparent DR,train,e20cb2b8292229acc6ed6720b6f0aed3a466fcf799988f3b646b5f30450942eb
38fe9f854046,APTOS-P0421,APTOS 2019 (Aravind Eye Hospital),train_images/38fe9f854046.png,2,Grade 2: Moderate NPDR,val,8b3baff3d07e3ded4df4fcee093f7f6662a933db82b15b4c51baa91612a3ace7
07929d32b5b3,APTOS-P0096,APTOS 2019 (Aravind Eye Hospital),train_images/07929d32b5b3.png,1,Grade 1: Mild NPDR,train,fd327b3d0a3c89e4712656ad8b4ce43d67e73c068c96cd81eb3a215db41e345a
0af296d2f04a,APTOS-P0150,APTOS 2019 (Aravind Eye Hospital),train_images/0af296d2f04a.png,2,Grade 2: Moderate NPDR,train,66b5af1407a7d1289761b47628a84c498e7f345499f8165ff270c32677dcb30a
9122b31414d3,APTOS-P2014,APTOS 2019 (Aravind Eye Hospital),train_images/9122b31414d3.png,0,Grade 0: No Apparent DR,train,3df3817061b70458e881c6bb1102e927384c742e0f65bc260476a4ea8fe22d3e
165cd2070ebd,APTOS-P0304,APTOS 2019 (Aravind Eye Hospital),train_images/165cd2070ebd.png,4,Grade 4: Proliferative DR,test,8ffc545f093d0597e02054cc67771748b730d95237938d11e39f8ca81c14df4f
8596a24a14bd,APTOS-P1851,APTOS 2019 (Aravind Eye Hospital),train_images/8596a24a14bd.png,4,Grade 4: Proliferative DR,train,33c928efd1a948e3dd8773e036e9773a816f9f4468ab07eb94e32479db21a985
f580566e27f5,APTOS-P3384,APTOS 2019 (Aravind Eye Hospital),train_images/f580566e27f5.png,0,Grade 0: No Apparent DR,train,53062405fc93fde82e3544c27b9e28a21325bc1949ef6fb224ceeac62307418d
14e3f84445f7,APTOS-P0274,APTOS 2019 (Aravind Eye Hospital),train_images/14e3f84445f7.png,3,Grade 3: Severe NPDR,train,f69ff70f6efaaf3fdcb4520434154fa5cf6d077aae76472b90062cdbba07f54f
e6f0ce5bf282,APTOS-P3202,APTOS 2019 (Aravind Eye Hospital),train_images/e6f0ce5bf282.png,2,Grade 2: Moderate NPDR,train,e39bfa342bfe1ad3a7da25be03ae816f4cf671a315b3b2e45829129f5f186d0e
f9e1c439d4c8,APTOS-P0855,APTOS 2019 (Aravind Eye Hospital),train_images/f9e1c439d4c8.png,0,Grade 0: No Apparent DR,train,7b46e8d96a8a9b24a429e1cf66b7cf68d70a9626e982fab8196e8bfa70ced674
26d9576e8043,APTOS-P0544,APTOS 2019 (Aravind Eye Hospital),train_images/26d9576e8043.png,0,Grade 0: No Apparent DR,train,7a430bcadeed048a5134ca3a30e4ee949ead4e7ce8022b1ccb43d145d3d331c3
ff03f74667df,APTOS-P3494,APTOS 2019 (Aravind Eye Hospital),train_images/ff03f74667df.png,0,Grade 0: No Apparent DR,val,65af3bdfcc9aa400e58625171043abd9233222dc9c71bc31411b3e4764e6faf8
7131bf4c9e6f,APTOS-P1576,APTOS 2019 (Aravind Eye Hospital),train_images/7131bf4c9e6f.png,0,Grade 0: No Apparent DR,val,344e9b838f2b8ac22f970a7874fc4f30f06169237bafe4afd1a5cb5c66b0ec8b
2b5bb6d33959,APTOS-P0614,APTOS 2019 (Aravind Eye Hospital),train_images/2b5bb6d33959.png,0,Grade 0: No Apparent DR,train,420339c2b7807e4b546a24bf7039468debae4de673d9eda0ea6aa5aaeb029146
59fee5bc3479,APTOS-P1268,APTOS 2019 (Aravind Eye Hospital),train_images/59fee5bc3479.png,4,Grade 4: Proliferative DR,val,e68502e1e998c982ae7337e1c00af0668354e068d4e45667a3fc3e298277976c
51af8a689511,APTOS-P1148,APTOS 2019 (Aravind Eye Hospital),train_images/51af8a689511.png,0,Grade 0: No Apparent DR,test,548bc926536550db0493825db8a70234dfaf40d691af77a0396836f584d6971a
12b57dac703e,APTOS-P0250,APTOS 2019 (Aravind Eye Hospital),train_images/12b57dac703e.png,0,Grade 0: No Apparent DR,test,31daaba78e926e06faaf7ed0afd27529d6f6f55019de9491887bd0b5ea74cec2
e811f39a1243,APTOS-P3214,APTOS 2019 (Aravind Eye Hospital),train_images/e811f39a1243.png,2,Grade 2: Moderate NPDR,train,0a22cfbd429533af9167f81c1e7167e248bfcf54e1696d8ffc6a2058e32d4c54
58f07741ee3b,APTOS-P1256,APTOS 2019 (Aravind Eye Hospital),train_images/58f07741ee3b.png,0,Grade 0: No Apparent DR,train,5f6de7cae911678f68d6e40318eccddd38223cc923b077736d897c11b057cee0
8e2a3978c244,APTOS-P1970,APTOS 2019 (Aravind Eye Hospital),train_images/8e2a3978c244.png,0,Grade 0: No Apparent DR,train,a85145c08ca91da00dcaa087653b088e6763b74c7fcd0d737c3cb294d8a5e605
c96f743915b5,APTOS-P2798,APTOS 2019 (Aravind Eye Hospital),train_images/c96f743915b5.png,1,Grade 1: Mild NPDR,train,88870c82c378535b9b2deacadbddd6bf7e79d44dfa670e5de657a239d7ad2534
33ffddea8c6e,APTOS-P0716,APTOS 2019 (Aravind Eye Hospital),train_images/33ffddea8c6e.png,1,Grade 1: Mild NPDR,train,99ef4334305dced079d0df7cbaf50feb52007bd35239d03a07333398780f15b3
c3b15bf9b4bc,APTOS-P2729,APTOS 2019 (Aravind Eye Hospital),train_images/c3b15bf9b4bc.png,0,Grade 0: No Apparent DR,train,4ef79491f127ee352be8da3831383f501f27e116bd5e10bbb316b15acc442f69
10f10fd30718,APTOS-P0230,APTOS 2019 (Aravind Eye Hospital),train_images/10f10fd30718.png,0,Grade 0: No Apparent DR,train,8db097906a7e07a9efd3555ae0764bb52805de5cfaab07a96cb0b7cf0ee57fad
ba4e62c11cc0,APTOS-P2614,APTOS 2019 (Aravind Eye Hospital),train_images/ba4e62c11cc0.png,0,Grade 0: No Apparent DR,test,5f7fb55b3caf7fcd44a5b3a48c21f4b0f010e3355aaa7dccb4a4d4be1dd7318d
8ef2eb8c51c4,APTOS-P1835,APTOS 2019 (Aravind Eye Hospital),train_images/8ef2eb8c51c4.png,1,Grade 1: Mild NPDR,val,bc67faecc8b3bf8ffc4522f037cb2e63ebaa38b780786a122f0f5b7774c12d71
f5733f77273d,APTOS-P3381,APTOS 2019 (Aravind Eye Hospital),train_images/f5733f77273d.png,0,Grade 0: No Apparent DR,train,5a2c345bcf38c2e45cf775e58ba15d1f346ba009d86c9d1d5186e98520ff0869
269f0792f11f,APTOS-P0541,APTOS 2019 (Aravind Eye Hospital),train_images/269f0792f11f.png,2,Grade 2: Moderate NPDR,train,45d059b065d2beecb30326b76acf09c56f77b7a043599c099ae682627d6bf784
ef4121e9bb67,APTOS-P3305,APTOS 2019 (Aravind Eye Hospital),train_images/ef4121e9bb67.png,0,Grade 0: No Apparent DR,train,c9b325ea3ca0bc8b5f956db314ce38d35720fd38dd2e570cfe7aa28fc77243ee
fbdc796290d4,APTOS-P3458,APTOS 2019 (Aravind Eye Hospital),train_images/fbdc796290d4.png,0,Grade 0: No Apparent DR,train,05643d572e61cb2082b5e51ca8350e58a41811f8ff8f0e8b3ef7048fd222f026
6cbc3dad809c,APTOS-P1513,APTOS 2019 (Aravind Eye Hospital),train_images/6cbc3dad809c.png,2,Grade 2: Moderate NPDR,train,217993b00b6cdcad84209bad169e6a48e20ffedebcc97ee9394082b919fe914d
2d3f4094c08a,APTOS-P0636,APTOS 2019 (Aravind Eye Hospital),train_images/2d3f4094c08a.png,0,Grade 0: No Apparent DR,train,1ce2ef11789b8f4e93dd65d398b7bbe3bf2c9f05b58af0f8ec1a70180e0fc179
27e4c800a449,APTOS-P0559,APTOS 2019 (Aravind Eye Hospital),train_images/27e4c800a449.png,1,Grade 1: Mild NPDR,val,b7438ef73421b9007f33c8dac1e0eb9cd90e5389f8e3faf345fa21f60631c1ad
9b32e8ef0ca0,APTOS-P2149,APTOS 2019 (Aravind Eye Hospital),train_images/9b32e8ef0ca0.png,2,Grade 2: Moderate NPDR,train,00098eb60763db45e359818be5aac085d228e18bed25a902c1f2caa83015cd10
5152bf091152,APTOS-P1140,APTOS 2019 (Aravind Eye Hospital),train_images/5152bf091152.png,2,Grade 2: Moderate NPDR,test,8c6b0d30130022f2ecf7c275665d17f5670daeab823c0afe78e21a5f2f58dcd1
cc964bf04dbc,APTOS-P2844,APTOS 2019 (Aravind Eye Hospital),train_images/cc964bf04dbc.png,0,Grade 0: No Apparent DR,train,9baa75836b686e045fe6fe36d3d30e87700b2f13518b697410de869cffaf3440
cf8ae5501bd6,APTOS-P2880,APTOS 2019 (Aravind Eye Hospital),train_images/cf8ae5501bd6.png,0,Grade 0: No Apparent DR,test,2e517b20ff89493d559893883cacbd0436fe07da319d6c5b8071264dc66774c8
384631079d1e,APTOS-P0775,APTOS 2019 (Aravind Eye Hospital),train_images/384631079d1e.png,1,Grade 1: Mild NPDR,train,cec94b09b0d514ebfeac6a84a93ba7f791537aa259ec53f02ba36f6a60e32fb5
cd5714db652d,APTOS-P2859,APTOS 2019 (Aravind Eye Hospital),train_images/cd5714db652d.png,1,Grade 1: Mild NPDR,val,70c0da6ff9b61efc19c1fc0d35a6838a591233bf98b257435ac424c38b9cbddc
404ede327e98,APTOS-P0876,APTOS 2019 (Aravind Eye Hospital),train_images/404ede327e98.png,0,Grade 0: No Apparent DR,train,517b9317da69aacbeb5c306ba2d5de93305c8992938ca2dd622f531d1f8138f1
e4d3d437b0a8,APTOS-P3169,APTOS 2019 (Aravind Eye Hospital),train_images/e4d3d437b0a8.png,0,Grade 0: No Apparent DR,train,d7a68c18b935e15372cddf297f02b022f2c660967a117176987783cf0e8f9fd4
6e092b306fe1,APTOS-P1540,APTOS 2019 (Aravind Eye Hospital),train_images/6e092b306fe1.png,2,Grade 2: Moderate NPDR,train,547ce349a160c74e083b5e063a8f8f27ff4144a367e23d59c22d70caa856913c
186c1835eec5,APTOS-P0325,APTOS 2019 (Aravind Eye Hospital),train_images/186c1835eec5.png,0,Grade 0: No Apparent DR,val,04140a76653d2a60297bfd7831403d65052c80b45e829557a6ec0c1f3530cdd7
1a369baf9ee6,APTOS-P0359,APTOS 2019 (Aravind Eye Hospital),train_images/1a369baf9ee6.png,2,Grade 2: Moderate NPDR,train,29290186165a0a28bd1966cbde0ba34b16b5962bf17609d2a0013454cbcbb89f
f48241b0c995,APTOS-P3368,APTOS 2019 (Aravind Eye Hospital),train_images/f48241b0c995.png,0,Grade 0: No Apparent DR,train,5a31fe337156de5885728772d3c6d3b1aba716545d4be8227fb2866b889f0ea5
c1799a6f5c65,APTOS-P2704,APTOS 2019 (Aravind Eye Hospital),train_images/c1799a6f5c65.png,4,Grade 4: Proliferative DR,train,7e7746601bd18395e20d261d13fa7a51b1982ed56249f12e77885a076f5de714
bd500a73beae,APTOS-P2647,APTOS 2019 (Aravind Eye Hospital),train_images/bd500a73beae.png,0,Grade 0: No Apparent DR,train,693741122e666a3fea7040e23f098c87e5229e09fb98833bec29a38954c48249
19b0e3c734f5,APTOS-P0352,APTOS 2019 (Aravind Eye Hospital),train_images/19b0e3c734f5.png,0,Grade 0: No Apparent DR,train,610f65139b4beccb27d585ed1373ab481fb53ef6cd9df2615f5a8e069e662c2a
7550966ef777,APTOS-P1623,APTOS 2019 (Aravind Eye Hospital),train_images/7550966ef777.png,2,Grade 2: Moderate NPDR,train,094af80be464ed167f3c19afb9217aa834d881a0387442ce1b91d832b8bb308f
7ce671f952be,APTOS-P1729,APTOS 2019 (Aravind Eye Hospital),train_images/7ce671f952be.png,0,Grade 0: No Apparent DR,train,cab1e0bf20f18e329e203d95e46aeef9389bf9b0d857dcbe52972fa512deeaac
974c7d7b9c64,APTOS-P2087,APTOS 2019 (Aravind Eye Hospital),train_images/974c7d7b9c64.png,0,Grade 0: No Apparent DR,train,54328ce06c0b9e0394fad09de57a2e422d8beee25b3f145537c4670ef25e87cf
0709652336e2,APTOS-P0086,APTOS 2019 (Aravind Eye Hospital),train_images/0709652336e2.png,0,Grade 0: No Apparent DR,train,1de041fc66af814d7281274dbcf9d1c6277b9b99a43ff157a931774478dc3ce5
bacfb1029f6b,APTOS-P2620,APTOS 2019 (Aravind Eye Hospital),train_images/bacfb1029f6b.png,1,Grade 1: Mild NPDR,val,42312e5884b677049fc70ec61b72803c1bfe81d2438f7b528c3840892254bd9d
b66f23ffa730,APTOS-P2546,APTOS 2019 (Aravind Eye Hospital),train_images/b66f23ffa730.png,0,Grade 0: No Apparent DR,train,30e5eae0fd3a5f4b9b4aa90495726df7b73b81e65bc9b4358478af3719ae5cad
a2b995b81692,APTOS-P2257,APTOS 2019 (Aravind Eye Hospital),train_images/a2b995b81692.png,0,Grade 0: No Apparent DR,val,c4750836e4e6c7f98b2708f8855ccba58d795143f450e243a37b8347ca7cb226
97a5ad7548b7,APTOS-P2094,APTOS 2019 (Aravind Eye Hospital),train_images/97a5ad7548b7.png,2,Grade 2: Moderate NPDR,train,342b96ff4c9b9008221bebe47b5cf3b05b75da0e2da82cb23281ae1b805bacd7
3ac92ac3d65a,APTOS-P0806,APTOS 2019 (Aravind Eye Hospital),train_images/3ac92ac3d65a.png,0,Grade 0: No Apparent DR,train,a994bb814763f9c33385bfa7cba8238ec39ca4384c9ebf41abbf765eea3c5db0
c5e238aa18be,APTOS-P2758,APTOS 2019 (Aravind Eye Hospital),train_images/c5e238aa18be.png,4,Grade 4: Proliferative DR,val,925cea64c22690fb0c7faa053aecfee7de416c4013c957df66cad9b3c125933f
35d6c4c50072,APTOS-P0743,APTOS 2019 (Aravind Eye Hospital),train_images/35d6c4c50072.png,1,Grade 1: Mild NPDR,val,e395e276c306edd8d783d39ab080baffa8a20a2806ca307165823b18d99446f2
dc6fa1b38b83,APTOS-P3056,APTOS 2019 (Aravind Eye Hospital),train_images/dc6fa1b38b83.png,2,Grade 2: Moderate NPDR,val,8759163d58d519122b13d3f2bbc1d7b73dc274a3e91ee72eed44d9241f2b0c51
b4e15102cd7a,APTOS-P2522,APTOS 2019 (Aravind Eye Hospital),train_images/b4e15102cd7a.png,0,Grade 0: No Apparent DR,train,01a1360f07ad3112c54b75025787210d16e832133d73d8bc1e8e2e857c65d47b
b77b8a1f09f1,APTOS-P2566,APTOS 2019 (Aravind Eye Hospital),train_images/b77b8a1f09f1.png,4,Grade 4: Proliferative DR,train,7cb53aeb0d00e13451d1c3843f16f94e11466fdb547fd6238247adaec42fb32d
4246ed634f25,APTOS-P0898,APTOS 2019 (Aravind Eye Hospital),train_images/4246ed634f25.png,2,Grade 2: Moderate NPDR,train,c575f97a6f64004d0c616b0a44a398f1d8a4262f71075aac0881152e292ccb8c
1b3647865779,APTOS-P0369,APTOS 2019 (Aravind Eye Hospital),train_images/1b3647865779.png,0,Grade 0: No Apparent DR,train,45def8ffbc4f9ffed02680a00791afcc0b05f0404c29f97a32b97e1b6d852e79
d7bc00091cfc,APTOS-P2985,APTOS 2019 (Aravind Eye Hospital),train_images/d7bc00091cfc.png,0,Grade 0: No Apparent DR,train,b6133207eb624977e7e351be0a1b0c9361bd0fbc6ba8745cbae9ec452c774c82
1002b5151b8e,APTOS-P0218,APTOS 2019 (Aravind Eye Hospital),train_images/1002b5151b8e.png,0,Grade 0: No Apparent DR,val,078b673a333f192760f87ae56f88597c53e743914194bedebd9f6003ce7bf380
c1437a7a52c9,APTOS-P2703,APTOS 2019 (Aravind Eye Hospital),train_images/c1437a7a52c9.png,0,Grade 0: No Apparent DR,val,7d722edc41a634dbaced57a6db4be001c1bf79dbf1ad26b0b2e6d226c148504e
0953c0ac1735,APTOS-P0124,APTOS 2019 (Aravind Eye Hospital),train_images/0953c0ac1735.png,2,Grade 2: Moderate NPDR,train,46aefd50ca3bd40e03f616223420af38e9cb68724b475d6456dc6a9b97a2413b
4b237b958555,APTOS-P1034,APTOS 2019 (Aravind Eye Hospital),train_images/4b237b958555.png,0,Grade 0: No Apparent DR,train,13e535fad0f6e44f8722e486a313f81d34ed3464b027e75d686e8dff70fb27c9
2a4520f1f9a3,APTOS-P0600,APTOS 2019 (Aravind Eye Hospital),train_images/2a4520f1f9a3.png,0,Grade 0: No Apparent DR,train,f4d0f1e034367b7ad628b6910dba22d850c600e3ef77b39cc3954bb8d561b967
5090917a2676,APTOS-P1126,APTOS 2019 (Aravind Eye Hospital),train_images/5090917a2676.png,1,Grade 1: Mild NPDR,train,4ceebfd4e5255ddeecea4bf264866bbc8b1d628d2fc1ba4f92012dab770bdd3d
bff51afc76d4,APTOS-P2689,APTOS 2019 (Aravind Eye Hospital),train_images/bff51afc76d4.png,0,Grade 0: No Apparent DR,val,ee3d6f248f8d9378567cec682af3e46d6cbe0cf4a445e439a6b1b4d981d43166
53ddae6a619e,APTOS-P1191,APTOS 2019 (Aravind Eye Hospital),train_images/53ddae6a619e.png,0,Grade 0: No Apparent DR,train,7cfdcf7c201aa230ad496ea794fe79fe704b6944ab94ecc8be5792880fdb58ea
cb28adab4e8a,APTOS-P2827,APTOS 2019 (Aravind Eye Hospital),train_images/cb28adab4e8a.png,0,Grade 0: No Apparent DR,train,7ca8772c6c506c33129fef3409a5cfdb9d81736c2bd73c59de6280429e57f277
d9311f7497cb,APTOS-P3011,APTOS 2019 (Aravind Eye Hospital),train_images/d9311f7497cb.png,2,Grade 2: Moderate NPDR,test,8d4b2a2cf211c0adccb161ec91b3640a317860951dd30a65896b57a77413af8a
3dbfbc11e105,APTOS-P0843,APTOS 2019 (Aravind Eye Hospital),train_images/3dbfbc11e105.png,2,Grade 2: Moderate NPDR,test,291f3c7ae0ad6ba4917819489f17aa4e3989c9e8ee78279c680e03e2de81835b
d2fb715b0c41,APTOS-P2933,APTOS 2019 (Aravind Eye Hospital),train_images/d2fb715b0c41.png,0,Grade 0: No Apparent DR,train,2a89c3eb9e6b6bd6f3ebfa170f9f1d60b520548bfe578551a458a2645bd6e195
a9dc80cba9a4,APTOS-P2366,APTOS 2019 (Aravind Eye Hospital),train_images/a9dc80cba9a4.png,0,Grade 0: No Apparent DR,train,2c9bf799ca42889137f215a99827abaa3d700a69305cb95ec6e632cebfe9fd2a
b9fe7da14a32,APTOS-P2608,APTOS 2019 (Aravind Eye Hospital),train_images/b9fe7da14a32.png,0,Grade 0: No Apparent DR,val,7f79d0df3a8c980b0ec7ef873c52251028595fec64e265f89d4b27cda7a11cdb
1b495ac025b7,APTOS-P0372,APTOS 2019 (Aravind Eye Hospital),train_images/1b495ac025b7.png,3,Grade 3: Severe NPDR,test,e6bec359f0f8f60d7b46b86931c219b72755b92bd1a9ed50081bdb4caa16aad2
248dec89b3a2,APTOS-P0509,APTOS 2019 (Aravind Eye Hospital),train_images/248dec89b3a2.png,0,Grade 0: No Apparent DR,train,462acf1ac60eaef459590be6f9acda7e71165743c66bc599c8938d8a8e05b990
ab653b8554c0,APTOS-P2391,APTOS 2019 (Aravind Eye Hospital),train_images/ab653b8554c0.png,0,Grade 0: No Apparent DR,val,2668fa72a87f10d75dd85f91b316e0064a2c963269ed9e211b55a41055debcf0
5b47043942f4,APTOS-P1289,APTOS 2019 (Aravind Eye Hospital),train_images/5b47043942f4.png,0,Grade 0: No Apparent DR,train,97101a4483bba3b46189f5d124e9a74bc66ccac7a2acce989f7a01b58452e70b
157d17349cc6,APTOS-P0283,APTOS 2019 (Aravind Eye Hospital),train_images/157d17349cc6.png,2,Grade 2: Moderate NPDR,train,a3cad7e4be9dbef84e8ebc0b93da31087d5fac10e030a1b46ba6b30d68d2d79e
f4d3169b468a,APTOS-P3371,APTOS 2019 (Aravind Eye Hospital),train_images/f4d3169b468a.png,0,Grade 0: No Apparent DR,train,cc3f2043a69d376342a3c9b7d8021684deb849d9f0c7b968dfc7f29df41a7516
97bf61736b86,APTOS-P2095,APTOS 2019 (Aravind Eye Hospital),train_images/97bf61736b86.png,2,Grade 2: Moderate NPDR,train,6149ee4ec6007d3d21811d19d221f73ad7e2495a24cc438660ba6dfe850c5b99
e1e490773462,APTOS-P3127,APTOS 2019 (Aravind Eye Hospital),train_images/e1e490773462.png,2,Grade 2: Moderate NPDR,train,d66a2d441d56c233d130b4d93460d9692d7a6971ef862f31c3ca1b5259f92314
b7a1bb106051,APTOS-P2568,APTOS 2019 (Aravind Eye Hospital),train_images/b7a1bb106051.png,0,Grade 0: No Apparent DR,train,995bbdc2313fef012c5511bed51a68b125b52ec6d2427d8a17cd4bfbc3c5d919
453a1e2754b2,APTOS-P0952,APTOS 2019 (Aravind Eye Hospital),train_images/453a1e2754b2.png,2,Grade 2: Moderate NPDR,test,4384cbd933b99c57b09620c5f80beb0d2a031b5000e09b49fdb53371dfb54f99
dea7538bb91a,APTOS-P3080,APTOS 2019 (Aravind Eye Hospital),train_images/dea7538bb91a.png,0,Grade 0: No Apparent DR,train,93f88a72e7645a6413ef78c6cc679ffa09045e1324ea7081fb5c026fa6600e67
721214151233,APTOS-P1585,APTOS 2019 (Aravind Eye Hospital),train_images/721214151233.png,0,Grade 0: No Apparent DR,train,74eafd2869d93e468a68a6c9cf5c3dbb98932a3900f87db5b2fd78831c1ed1ce
a3706ce27869,APTOS-P2267,APTOS 2019 (Aravind Eye Hospital),train_images/a3706ce27869.png,2,Grade 2: Moderate NPDR,train,4e8e798c16ffbd2cc0c376c81fd8028ed43b2d33c4266d1c3f968bac9f711997
200d947f75db,APTOS-P0452,APTOS 2019 (Aravind Eye Hospital),train_images/200d947f75db.png,1,Grade 1: Mild NPDR,test,907dd09e8a575472e1fbddc03d377af28ac6e05e85a3b6c98fcf420c090202d5
c9e697117f3f,APTOS-P2803,APTOS 2019 (Aravind Eye Hospital),train_images/c9e697117f3f.png,0,Grade 0: No Apparent DR,test,a1467efd8ca1a706b7881cd7d42c02f6a1e122911574867fc9d87626303db81b
5e7db41b3bee,APTOS-P1333,APTOS 2019 (Aravind Eye Hospital),train_images/5e7db41b3bee.png,4,Grade 4: Proliferative DR,train,ae4a09e71733de5c195377332bbcf5b5ebc06faefe7a679de50d126efdd88f17
4c17e85686f0,APTOS-P1045,APTOS 2019 (Aravind Eye Hospital),train_images/4c17e85686f0.png,0,Grade 0: No Apparent DR,train,0c9c3d1895adeb386f5355c18823d203e108037c7e3e1295fe105acaca961ad0
5264a54e1830,APTOS-P1167,APTOS 2019 (Aravind Eye Hospital),train_images/5264a54e1830.png,0,Grade 0: No Apparent DR,train,5e5fc5842f1dfa6d168bea3d967654122ae075bfe78bbd7f884d771743311418
